Фраза,Показы,Пиллар,Интент,Тип,Сид,Asset,Статус,Приоритет,ЦелевойURL,Причина
куда поступать,870382,C,info,assoc,b04_na_kogo_pojti_uchitsya,main,Создать новый контент-хаб,P1,/kak-vybrat-professiyu/,ВЧ-инфо → хаб выбора + каталоги + /test/
поступить в колледж,429914,C,info,assoc,c01_kuda_postupat_posle_9,both,Gated — нужны данные,P3,—,Нет реестра СПО (после 9)
куда поступать после 9,205636,C,info,assoc,c04_professii_posle_11,main,Расширить существующую,P2,/professiya/ + хаб-11,Профессии после 11 → каталог/направления
специальности после 9 класса,205297,C,info,top,c06_specialnosti_posle_9,main,Gated — нужны данные,P3,—,Нет реестра СПО (специальности после 9)
куда поступить после 9 класса,179935,C,info,top,c01_kuda_postupat_posle_9,main,Gated — нужны данные,P3,—,Нет реестра СПО (после 9)
колледжи тюмени,160049,C,info,top,g04_kolledzhi_tyumen,aggregator,Gated — нужны данные,P3,—,Нет реестра СПО (колледжи города)
специальности в колледже,159762,C,info,assoc,c03_professii_posle_9,main,Gated — нужны данные,P3,—,Нет данных СПО/уровня после 9
колледжи перми,154599,C,info,top,g02_kolledzhi_perm,aggregator,Gated — нужны данные,P3,—,Нет реестра СПО (колледжи города)
кем можно работать,151002,B,info,assoc,b05_kakaya_professiya_podhodit,main,Создать новый контент-хаб,P1,/kak-vybrat-professiyu/,Подбор профессии → /test/
профориентация,131285,0,info,top,p01_proforientaciya,main,Создать новый контент-хаб,P1,/proforientaciya/,Хаб профориентации → /test/
поступать ли в колледж,125104,C,info,top,c05_postupit_v_kolledzh,main,Gated — нужны данные,P3,—,Нет реестра колледжей (СПО)
колледжи красноярска,120101,C,info,top,g01_kolledzhi_krasnoyarsk,aggregator,Gated — нужны данные,P3,—,Нет реестра СПО (колледжи города)
тест кто я,120070,D,info,assoc,d01_test_na_proforientaciyu,main,Создать новый контент-хаб,P1,/testy-na-proforientaciyu/,Хаб о тестах → /test/ (SERP: формат-статья достижим)
профессии после 9 класса,118372,C,info,top,c03_professii_posle_9,main,Gated — нужны данные,P3,—,Нет данных СПО/уровня после 9
образование 9 классов,107325,C,info,assoc,c02_kuda_postupat_posle_11,main,Создать новый контент-хаб,P2,/kuda-postupat-posle-11-klassa/,После 11 → вузы/направления (данные есть)
на кого учиться,100434,B,info,assoc,c10_s_obschestvoznaniem,main,Создана посадочная,P3,/kuda-postupat-s-obshchestvoznaniem/,Перечень Минобрнауки → направления (готово)
куда можно поступить после 9,99053,C,info,assoc,c04_professii_posle_11,main,Расширить существующую,P2,/professiya/ + хаб-11,Профессии после 11 → каталог/направления
востребованные профессии,98860,E,info,top,e02_vostrebovannye,main,Контент-хаб без рейтинга,P1,/professiya/ (раздел),Нет данных о спросе (hh заблокирован) — не ранжируем
аттестация работников,94651,D,info,assoc,d05_test_na_professiyu,main,Расширить (раздел хаба),P1,/testy-na-proforientaciyu/,«Тест на профессию» → хаб → /test/
колледжи иркутска,93058,C,info,top,g05_kolledzhi_irkutsk,aggregator,Gated — нужны данные,P3,—,Нет реестра СПО (колледжи города)
техникумы красноярска,89260,C,info,assoc,g01_kolledzhi_krasnoyarsk,aggregator,Gated — нужны данные,P3,—,Нет реестра СПО (колледжи города)
куда можно поступить после 9 класса,88528,C,info,top,c01_kuda_postupat_posle_9,main,Gated — нужны данные,P3,—,Нет реестра СПО (после 9)
в колледж можно поступить после,88321,C,info,top,c05_postupit_v_kolledzh,main,Gated — нужны данные,P3,—,Нет реестра колледжей (СПО)
специальность это,88203,0,info,assoc,c08_kuda_postupat_devushke,main,Контент/фильтр (не дубль),P2,/kuda-postupat-posle-11-klassa/#devushke,Гендер-срез после 11
какие есть профессии,85165,0,info,assoc,b03_kem_mozhno_stat,main,Расширить существующую,P0,/professiya/,«Кем можно стать» = список профессий → каталог
колледжи воронежа,80748,C,info,top,g03_kolledzhi_voronezh,aggregator,Gated — нужны данные,P3,—,Нет реестра СПО (колледжи города)
какие есть специальности,80160,D,info,assoc,d06_test_na_vybor_professii,main,Использовать существующую,P1,/test/,Прямой интент квиза
куда поступить после 11 класса,76846,C,info,top,c02_kuda_postupat_posle_11,main,Создать новый контент-хаб,P2,/kuda-postupat-posle-11-klassa/,После 11 → вузы/направления (данные есть)
пермский колледж,75251,C,info,assoc,g02_kolledzhi_perm,aggregator,Gated — нужны данные,P3,—,Нет реестра СПО (колледжи города)
в какой колледж поступить,73944,C,info,top,c05_postupit_v_kolledzh,main,Gated — нужны данные,P3,—,Нет реестра колледжей (СПО)
тюменский колледж,71258,C,info,assoc,g04_kolledzhi_tyumen,aggregator,Gated — нужны данные,P3,—,Нет реестра СПО (колледжи города)
профессии в колледже,70738,C,info,assoc,c03_professii_posle_9,main,Gated — нужны данные,P3,—,Нет данных СПО/уровня после 9
как поступить в колледж,63292,C,info,top,c05_postupit_v_kolledzh,both,Gated — нужны данные,P3,—,Нет реестра колледжей (СПО)
все профессии,61972,0,info,assoc,b03_kem_mozhno_stat,main,Расширить существующую,P0,/professiya/,«Кем можно стать» = список профессий → каталог
профессии будущего,60698,E,info,top,e04_professii_buduschego,main,Контент-хаб без рейтинга,P1,/professiya/ (раздел),Нет данных прогноза — контент без рейтинга
теста профориентацию,57405,D,info,top,d01_test_na_proforientaciyu,main,Создать новый контент-хаб,P1,/testy-na-proforientaciyu/,Хаб о тестах → /test/ (SERP: формат-статья достижим)
красноярский техникум,57214,C,info,assoc,g01_kolledzhi_krasnoyarsk,aggregator,Gated — нужны данные,P3,—,Нет реестра СПО (колледжи города)
красноярский колледж,51246,C,info,assoc,g01_kolledzhi_krasnoyarsk,aggregator,Gated — нужны данные,P3,—,Нет реестра СПО (колледжи города)
9 классов какое образование,51221,C,info,assoc,c08_kuda_postupat_devushke,main,Контент/фильтр (не дубль),P2,/kuda-postupat-posle-11-klassa/#devushke,Гендер-срез после 11
куда можно поступить после 11,51103,C,info,assoc,c03_professii_posle_9,main,Gated — нужны данные,P3,—,Нет данных СПО/уровня после 9
список профессий,50640,E,info,top,c08_kuda_postupat_devushke,main,Контент/фильтр (не дубль),P2,/kuda-postupat-posle-11-klassa/#devushke,Гендер-срез после 11
поступить в колледж после 9 класса,49912,C,info,top,c05_postupit_v_kolledzh,both,Gated — нужны данные,P3,—,Нет реестра колледжей (СПО)
11 классов какое образование,46678,C,info,assoc,c08_kuda_postupat_devushke,main,Контент/фильтр (не дубль),P2,/kuda-postupat-posle-11-klassa/#devushke,Гендер-срез после 11
образование после колледжа,43963,C,info,assoc,c01_kuda_postupat_posle_9,main,Gated — нужны данные,P3,—,Нет реестра СПО (после 9)
спо образование,43011,C,info,assoc,c01_kuda_postupat_posle_9,main,Gated — нужны данные,P3,—,Нет реестра СПО (после 9)
что такое вуз,41405,C,info,assoc,c08_kuda_postupat_devushke,main,Контент/фильтр (не дубль),P2,/kuda-postupat-posle-11-klassa/#devushke,Гендер-срез после 11
куда поступить с обществознанием,37332,C,info,top,c10_s_obschestvoznaniem,main,Создана посадочная,P3,/kuda-postupat-s-obshchestvoznaniem/,Перечень Минобрнауки → направления (готово)
поступить в колледж баллы,35573,C,info,top,c05_postupit_v_kolledzh,both,Gated — нужны данные,P3,—,Нет реестра колледжей (СПО)
куда можно поступить после 11 класса,34573,C,info,top,c02_kuda_postupat_posle_11,main,Создать новый контент-хаб,P2,/kuda-postupat-posle-11-klassa/,После 11 → вузы/направления (данные есть)
выбор профессии,32837,B,info,assoc,b04_na_kogo_pojti_uchitsya,main,Создать новый контент-хаб,P1,/kak-vybrat-professiyu/,ВЧ-инфо → хаб выбора + каталоги + /test/
поступить в медицинский колледж,31641,C,info,top,c05_postupit_v_kolledzh,main,Gated — нужны данные,P3,—,Нет реестра колледжей (СПО)
куда поступить после колледжа,31625,C,info,top,c03_professii_posle_9,main,Gated — нужны данные,P3,—,Нет данных СПО/уровня после 9
тест на профессию,31473,D,info,top,d05_test_na_professiyu,main,Расширить (раздел хаба),P1,/testy-na-proforientaciyu/,«Тест на профессию» → хаб → /test/
поступить в колледж 11 класса,31324,C,info,top,c05_postupit_v_kolledzh,both,Gated — нужны данные,P3,—,Нет реестра колледжей (СПО)
колледж какое образование,31295,C,info,assoc,c01_kuda_postupat_posle_9,main,Gated — нужны данные,P3,—,Нет реестра СПО (после 9)
образование техникум,28625,C,info,assoc,c02_kuda_postupat_posle_11,main,Создать новый контент-хаб,P2,/kuda-postupat-posle-11-klassa/,После 11 → вузы/направления (данные есть)
куда поступить с биологией,28109,C,info,top,c12_s_biologiej,main,Создана посадочная,P3,/kuda-postupat-s-biologiej/,Перечень Минобрнауки → направления (готово)
тестирование это,27527,D,info,assoc,d04_projti_test,main,Использовать существующую,P1,/test/,Транзакционный «пройти тест» → квиз
какие профессии востребованы,26386,E,info,top,e02_vostrebovannye,main,Контент-хаб без рейтинга,P1,/professiya/ (раздел),Нет данных о спросе (hh заблокирован) — не ранжируем
после 9 можно поступить в колледж,26043,C,info,top,c05_postupit_v_kolledzh,both,Gated — нужны данные,P3,—,Нет реестра колледжей (СПО)
колледжи тюмень 9,25763,C,info,top,g04_kolledzhi_tyumen,aggregator,Gated — нужны данные,P3,—,Нет реестра СПО (колледжи города)
колледжи перми после 9,24926,C,info,top,g02_kolledzhi_perm,aggregator,Gated — нужны данные,P3,—,Нет реестра СПО (колледжи города)
техникумы иркутска,24651,C,info,assoc,g05_kolledzhi_irkutsk,aggregator,Gated — нужны данные,P3,—,Нет реестра СПО (колледжи города)
профессии после 11 класса,24275,C,info,top,c04_professii_posle_11,main,Расширить существующую,P2,/professiya/ + хаб-11,Профессии после 11 → каталог/направления
списки поступающих в колледж,23658,C,info,top,c05_postupit_v_kolledzh,main,Gated — нужны данные,P3,—,Нет реестра колледжей (СПО)
9 классов образования это какое образование,23173,C,info,assoc,c11_s_istoriej,main,Создана посадочная,P3,/kuda-postupat-s-istoriej/,Перечень Минобрнауки → направления (готово)
техникумы воронежа,23074,C,info,assoc,g03_kolledzhi_voronezh,aggregator,Gated — нужны данные,P3,—,Нет реестра СПО (колледжи города)
колледж пермь официальный,22664,C,info,top,g02_kolledzhi_perm,aggregator,Gated — нужны данные,P3,—,Нет реестра СПО (колледжи города)
11 классов это какое образование,22370,C,info,assoc,c08_kuda_postupat_devushke,main,Контент/фильтр (не дубль),P2,/kuda-postupat-posle-11-klassa/#devushke,Гендер-срез после 11
можно после 9 класса поступить в колледж,22303,C,info,top,c05_postupit_v_kolledzh,both,Gated — нужны данные,P3,—,Нет реестра колледжей (СПО)
тест на ориентацию,21825,D,info,assoc,d01_test_na_proforientaciyu,main,Создать новый контент-хаб,P1,/testy-na-proforientaciyu/,Хаб о тестах → /test/ (SERP: формат-статья достижим)
на кого можно поступить после 9,21733,C,info,assoc,c04_professii_posle_11,main,Расширить существующую,P2,/professiya/ + хаб-11,Профессии после 11 → каталог/направления
востребованные профессии 2026,21700,E,info,top,e02_vostrebovannye,main,Контент-хаб без рейтинга,P1,/professiya/ (раздел),Нет данных о спросе (hh заблокирован) — не ранжируем
специальности в колледжах после 9 класса,21612,C,info,top,c06_specialnosti_posle_9,main,Gated — нужны данные,P3,—,Нет реестра СПО (специальности после 9)
колледжи тюмень 9 класс,21567,C,info,top,g04_kolledzhi_tyumen,aggregator,Gated — нужны данные,P3,—,Нет реестра СПО (колледжи города)
колледж 9 красноярск,21244,C,info,top,g01_kolledzhi_krasnoyarsk,aggregator,Gated — нужны данные,P3,—,Нет реестра СПО (колледжи города)
сайты колледжей перми,21214,C,info,top,g02_kolledzhi_perm,aggregator,Gated — нужны данные,P3,—,Нет реестра СПО (колледжи города)
профессии для детей,21141,A,info,assoc,a04_prof_dlya_rebenka,main,Расширить (раздел хаба),P1,/roditelyam/,Профессии для ребёнка (контент)
колледжи 9 класса пермь,21107,C,info,top,g02_kolledzhi_perm,aggregator,Gated — нужны данные,P3,—,Нет реестра СПО (колледжи города)
куда можно поступить с обществознанием,20740,C,info,top,c10_s_obschestvoznaniem,main,Создана посадочная,P3,/kuda-postupat-s-obshchestvoznaniem/,Перечень Минобрнауки → направления (готово)
колледж пермь официальный сайт,20707,C,info,top,g02_kolledzhi_perm,aggregator,Gated — нужны данные,P3,—,Нет реестра СПО (колледжи города)
после какого можно поступить в колледж,20530,C,info,top,c05_postupit_v_kolledzh,both,Gated — нужны данные,P3,—,Нет реестра колледжей (СПО)
куда поступать с химией,20368,C,info,top,c14_s_himiej,main,Создана посадочная,P3,/kuda-postupat-s-himiej/,Перечень Минобрнауки → направления (готово)
моя профессия,20144,0,info,assoc,p01_proforientaciya,main,Создать новый контент-хаб,P1,/proforientaciya/,Хаб профориентации → /test/
куда поступить девушке,19643,C,info,top,c08_kuda_postupat_devushke,main,Контент/фильтр (не дубль),P2,/kuda-postupat-posle-11-klassa/#devushke,Гендер-срез после 11
самые высокооплачиваемые профессии,19589,E,info,top,e03_vysokooplachivaemye,main,Создать новую посадочную (рейтинг),P0,/professii-vysokooplachivaemye/,Рейтинг по зарплатам Росстата окт-2025 — данные есть
куда поступать с историей,18780,C,info,top,c11_s_istoriej,main,Создана посадочная,P3,/kuda-postupat-s-istoriej/,Перечень Минобрнауки → направления (готово)
профессии после 9 класса для девушек,18527,C,info,top,c03_professii_posle_9,main,Gated — нужны данные,P3,—,Нет данных СПО/уровня после 9
на кого пойти учиться,18480,B,info,top,b04_na_kogo_pojti_uchitsya,main,Создать новый контент-хаб,P1,/kak-vybrat-professiyu/,ВЧ-инфо → хаб выбора + каталоги + /test/
техникум это,18349,C,info,assoc,c05_postupit_v_kolledzh,main,Gated — нужны данные,P3,—,Нет реестра колледжей (СПО)
колледж тюмень официальный,17884,C,info,top,g04_kolledzhi_tyumen,aggregator,Gated — нужны данные,P3,—,Нет реестра СПО (колледжи города)
самые востребованные профессии,17617,E,info,top,b03_kem_mozhno_stat,main,Расширить существующую,P0,/professiya/,«Кем можно стать» = список профессий → каталог
после какого класса поступают в колледж,17500,C,info,top,c05_postupit_v_kolledzh,main,Gated — нужны данные,P3,—,Нет реестра колледжей (СПО)
поступление в вуз после колледжа,17343,C,info,assoc,c01_kuda_postupat_posle_9,main,Gated — нужны данные,P3,—,Нет реестра СПО (после 9)
куда можно поступить после колледжа,17321,C,info,top,c03_professii_posle_9,main,Gated — нужны данные,P3,—,Нет данных СПО/уровня после 9
сайт колледжей тюмени,17202,C,info,top,g04_kolledzhi_tyumen,aggregator,Gated — нужны данные,P3,—,Нет реестра СПО (колледжи города)
колледж красноярск 9 класс,17199,C,info,top,g01_kolledzhi_krasnoyarsk,aggregator,Gated — нужны данные,P3,—,Нет реестра СПО (колледжи города)
поступить в колледж без егэ,16783,C,info,top,c05_postupit_v_kolledzh,both,Gated — нужны данные,P3,—,Нет реестра колледжей (СПО)
школа профессий,16736,C,info,assoc,c03_professii_posle_9,main,Gated — нужны данные,P3,—,Нет данных СПО/уровня после 9
колледж тюмень официальный сайт,16671,C,info,top,g04_kolledzhi_tyumen,aggregator,Gated — нужны данные,P3,—,Нет реестра СПО (колледжи города)
кем можно стать,16390,B,info,top,b03_kem_mozhno_stat,main,Расширить существующую,P0,/professiya/,«Кем можно стать» = список профессий → каталог
куда можно поступить с биологией,16312,C,info,top,c12_s_biologiej,main,Создана посадочная,P3,/kuda-postupat-s-biologiej/,Перечень Минобрнауки → направления (готово)
какую профессию выбрать,16130,B,info,top,b01_kakuyu_professiyu_vybrat,main,Создать новый контент-хаб,P1,/kak-vybrat-professiyu/,Инфо-хаб выбора профессии → /test/
колледжи иркутска после 9,16082,C,info,top,g05_kolledzhi_irkutsk,aggregator,Gated — нужны данные,P3,—,Нет реестра СПО (колледжи города)
онлайн тестирование,15520,D,commercial,assoc,d03_test_online,main,Расширить (раздел хаба),P1,/testy-na-proforientaciyu/,«Онлайн» → квиз
колледжи воронежа после 9,15510,C,info,top,g03_kolledzhi_voronezh,aggregator,Gated — нужны данные,P3,—,Нет реестра СПО (колледжи города)
востребованные профессии в россии,15482,E,info,top,e02_vostrebovannye,main,Контент-хаб без рейтинга,P1,/professiya/ (раздел),Нет данных о спросе (hh заблокирован) — не ранжируем
кем пойти работать,15201,B,info,top,b06_kem_pojti_rabotat,main,Расширить существующую,P0,/professiya/,«Кем пойти работать» = список профессий → каталог
куда поступать девушкам после 9,14601,C,info,top,c08_kuda_postupat_devushke,main,Контент/фильтр (не дубль),P2,/kuda-postupat-posle-11-klassa/#devushke,Гендер-срез после 11
куда поступить 9 класса девушке,14216,C,info,top,c08_kuda_postupat_devushke,main,Контент/фильтр (не дубль),P2,/kuda-postupat-posle-11-klassa/#devushke,Гендер-срез после 11
куда поступить с русским и обществознанием,14176,C,info,top,c10_s_obschestvoznaniem,main,Создана посадочная,P3,/kuda-postupat-s-obshchestvoznaniem/,Перечень Минобрнауки → направления (готово)
куда поступать после 9 класса девушке,14147,C,info,top,c01_kuda_postupat_posle_9,main,Gated — нужны данные,P3,—,Нет реестра СПО (после 9)
колледж иркутск 9 классов,14063,C,info,top,g05_kolledzhi_irkutsk,aggregator,Gated — нужны данные,P3,—,Нет реестра СПО (колледжи города)
поступил в колледж на специальность,13825,C,info,top,c05_postupit_v_kolledzh,main,Gated — нужны данные,P3,—,Нет реестра колледжей (СПО)
после 11 можно поступить в колледж,13472,C,info,top,c05_postupit_v_kolledzh,both,Gated — нужны данные,P3,—,Нет реестра колледжей (СПО)
в колледж можно поступить на бюджет,13364,C,info,top,c05_postupit_v_kolledzh,main,Gated — нужны данные,P3,—,Нет реестра колледжей (СПО)
в какой колледж поступить после 9,13306,C,info,top,c05_postupit_v_kolledzh,main,Gated — нужны данные,P3,—,Нет реестра колледжей (СПО)
колледжи воронежа 9 класс,13196,C,info,top,g03_kolledzhi_voronezh,aggregator,Gated — нужны данные,P3,—,Нет реестра СПО (колледжи города)
куда поступить после 9 класса на бюджет,12914,C,info,top,c01_kuda_postupat_posle_9,main,Gated — нужны данные,P3,—,Нет реестра СПО (после 9)
техникум тюмень,12599,C,info,assoc,g04_kolledzhi_tyumen,aggregator,Gated — нужны данные,P3,—,Нет реестра СПО (колледжи города)
какое образование после 11,12440,C,info,assoc,c01_kuda_postupat_posle_9,main,Gated — нужны данные,P3,—,Нет реестра СПО (после 9)
куда поступать с географией,12403,C,info,top,c16_s_geografiej,main,Создана посадочная,P3,/kuda-postupat-s-geografiej/,Перечень Минобрнауки → направления (готово)
it специальности,12262,C,info,assoc,c13_s_informatikoj,main,Создана посадочная,P3,/kuda-postupat-s-informatikoj/,Перечень Минобрнауки → направления (готово)
куда поступать после 11 с обществознанием,12250,C,info,top,c10_s_obschestvoznaniem,main,Создана посадочная,P3,/kuda-postupat-s-obshchestvoznaniem/,Перечень Минобрнауки → направления (готово)
куда поступать с физикой,12246,C,info,top,c15_s_fizikoj,main,Создана посадочная,P3,/kuda-postupat-s-fizikoj/,Перечень Минобрнауки → направления (готово)
айти специальности,12210,C,info,assoc,c13_s_informatikoj,main,Создана посадочная,P3,/kuda-postupat-s-informatikoj/,Перечень Минобрнауки → направления (готово)
куда поступить с информатикой,12094,C,info,top,c13_s_informatikoj,main,Создана посадочная,P3,/kuda-postupat-s-informatikoj/,Перечень Минобрнауки → направления (готово)
колледж тиу тюмень,12073,C,info,top,g04_kolledzhi_tyumen,aggregator,Gated — нужны данные,P3,—,Нет реестра СПО (колледжи города)
медицинский колледж тюмень,11956,C,info,top,g04_kolledzhi_tyumen,aggregator,Gated — нужны данные,P3,—,Нет реестра СПО (колледжи города)
тест на прл,11739,D,info,assoc,d01_test_na_proforientaciyu,main,Создать новый контент-хаб,P1,/testy-na-proforientaciyu/,Хаб о тестах → /test/ (SERP: формат-статья достижим)
на кого поступать после 11,11718,C,info,assoc,c03_professii_posle_9,main,Gated — нужны данные,P3,—,Нет данных СПО/уровня после 9
после колледжа можно поступить в институт,11501,C,info,top,c03_professii_posle_9,main,Gated — нужны данные,P3,—,Нет данных СПО/уровня после 9
сайты колледжи красноярска,11333,C,info,top,g01_kolledzhi_krasnoyarsk,aggregator,Gated — нужны данные,P3,—,Нет реестра СПО (колледжи города)
можно поступить в колледж после 11 класса,11317,C,info,top,c05_postupit_v_kolledzh,both,Gated — нужны данные,P3,—,Нет реестра колледжей (СПО)
куда можно поступить с химией,11206,C,info,top,c14_s_himiej,main,Создана посадочная,P3,/kuda-postupat-s-himiej/,Перечень Минобрнауки → направления (готово)
колледж технологий тюмень,11157,C,info,top,g04_kolledzhi_tyumen,aggregator,Gated — нужны данные,P3,—,Нет реестра СПО (колледжи города)
поступают ли в колледж после вуза,10952,C,info,top,c05_postupit_v_kolledzh,main,Gated — нужны данные,P3,—,Нет реестра колледжей (СПО)
в какой колледж поступить после 9 класса,10905,C,info,top,c05_postupit_v_kolledzh,main,Gated — нужны данные,P3,—,Нет реестра колледжей (СПО)
куда поступать с химией и биологией,10836,C,info,top,c12_s_biologiej,main,Создана посадочная,P3,/kuda-postupat-s-biologiej/,Перечень Минобрнауки → направления (готово)
колледжи красноярск официальный сайт,10832,C,info,top,g01_kolledzhi_krasnoyarsk,aggregator,Gated — нужны данные,P3,—,Нет реестра СПО (колледжи города)
поступить после 9 класса профессии,10778,C,info,top,c03_professii_posle_9,main,Gated — нужны данные,P3,—,Нет данных СПО/уровня после 9
тест на профориентацию бесплатно,10749,D,commercial,top,d01_test_na_proforientaciyu,main,Создать новый контент-хаб,P1,/testy-na-proforientaciyu/,Хаб о тестах → /test/ (SERP: формат-статья достижим)
куда поступить после 9 класса мальчику,10730,C,info,top,c01_kuda_postupat_posle_9,main,Gated — нужны данные,P3,—,Нет реестра СПО (после 9)
можно поступить в колледж без егэ,10633,C,info,top,c05_postupit_v_kolledzh,both,Gated — нужны данные,P3,—,Нет реестра колледжей (СПО)
колледж 11 тюмень,10610,C,info,top,g04_kolledzhi_tyumen,aggregator,Gated — нужны данные,P3,—,Нет реестра СПО (колледжи города)
поступить в колледж в москве,10602,C,info,top,c05_postupit_v_kolledzh,aggregator,Gated — нужны данные,P3,—,Нет реестра колледжей (СПО)
в колледж поступить экзамены,10447,C,info,top,c05_postupit_v_kolledzh,main,Gated — нужны данные,P3,—,Нет реестра колледжей (СПО)
куда можно поступить с историей,10415,C,info,top,c11_s_istoriej,main,Создана посадочная,P3,/kuda-postupat-s-istoriej/,Перечень Минобрнауки → направления (готово)
тест янга,10412,D,info,assoc,d07_test_gollanda,main,Создать статью в хабе,P1,/testy-na-proforientaciyu/test-gollanda/,Именованная методика (RIASEC — рабочее название)
после какого класса можно поступить в колледж,10311,C,info,top,c05_postupit_v_kolledzh,both,Gated — нужны данные,P3,—,Нет реестра колледжей (СПО)
список профессий после 9,10222,C,info,top,e01_professii_spisok,main,Расширить существующую,P0,/professiya/,Каталог 436 профессий — данные есть
куда поступить с математикой и обществознанием,10211,C,info,top,c10_s_obschestvoznaniem,main,Создана посадочная,P3,/kuda-postupat-s-obshchestvoznaniem/,Перечень Минобрнауки → направления (готово)
какая профессия мне подходит,10201,B,info,top,b05_kakaya_professiya_podhodit,main,Создать новый контент-хаб,P1,/kak-vybrat-professiyu/,Подбор профессии → /test/
аэрокосмический колледж красноярск,10174,C,info,top,g01_kolledzhi_krasnoyarsk,aggregator,Gated — нужны данные,P3,—,Нет реестра СПО (колледжи города)
профориентация онлайн,10073,0,commercial,top,d06_test_na_vybor_professii,main,Использовать существующую,P1,/test/,Прямой интент квиза
техникум какое образование,9981,C,info,assoc,c01_kuda_postupat_posle_9,main,Gated — нужны данные,P3,—,Нет реестра СПО (после 9)
куда можно поступить девушке,9970,C,info,top,c08_kuda_postupat_devushke,main,Контент/фильтр (не дубль),P2,/kuda-postupat-posle-11-klassa/#devushke,Гендер-срез после 11
красноярском колледже сферы услуг и предпринимательства,9966,C,commercial,top,g01_kolledzhi_krasnoyarsk,aggregator,Gated — нужны данные,P3,—,Нет реестра СПО (колледжи города)
9 класса список профессий,9907,C,info,top,c03_professii_posle_9,main,Gated — нужны данные,P3,—,Нет данных СПО/уровня после 9
поступил учиться в колледж,9868,C,info,top,c05_postupit_v_kolledzh,main,Gated — нужны данные,P3,—,Нет реестра колледжей (СПО)
поступают ли в колледж после 11,9681,C,info,top,c05_postupit_v_kolledzh,main,Gated — нужны данные,P3,—,Нет реестра колледжей (СПО)
как выбрать профессию,9633,B,info,top,b02_kak_vybrat_professiyu,main,Создать новый контент-хаб,P1,/kak-vybrat-professiyu/,Инфо-хаб → /test/
тест кто ты из уцц,9553,D,info,assoc,d01_test_na_proforientaciyu,main,Создать новый контент-хаб,P1,/testy-na-proforientaciyu/,Хаб о тестах → /test/ (SERP: формат-статья достижим)
где поступить в колледж,9408,C,info,top,c05_postupit_v_kolledzh,both,Gated — нужны данные,P3,—,Нет реестра колледжей (СПО)
пермский колледж пермь,9368,C,info,top,g02_kolledzhi_perm,aggregator,Gated — нужны данные,P3,—,Нет реестра СПО (колледжи города)
тесто для эклеров,9365,D,info,assoc,d08_test_klimova,main,Создать статью в хабе,P1,/testy-na-proforientaciyu/test-klimova/,Именованная методика Климова
тест на умение располагать к себе,9260,D,info,assoc,p06_projti_proforientaciyu,main,Использовать существующую,P1,/test/,Транзакционный «пройти» → квиз
ребенок поступил в колледж,9163,C,info,top,c05_postupit_v_kolledzh,main,Gated — нужны данные,P3,—,Нет реестра колледжей (СПО)
поступать ли в медицинский колледж,8977,C,info,top,c05_postupit_v_kolledzh,main,Gated — нужны данные,P3,—,Нет реестра колледжей (СПО)
тюменский колледж тюмень,8928,C,info,top,g04_kolledzhi_tyumen,aggregator,Gated — нужны данные,P3,—,Нет реестра СПО (колледжи города)
куда можно поступить с обществознанием и русским,8908,C,info,top,c10_s_obschestvoznaniem,main,Создана посадочная,P3,/kuda-postupat-s-obshchestvoznaniem/,Перечень Минобрнауки → направления (готово)
после колледжа можно поступить в университет,8861,C,info,top,c05_postupit_v_kolledzh,main,Gated — нужны данные,P3,—,Нет реестра колледжей (СПО)
что такое специальность,8859,B,info,assoc,b01_kakuyu_professiyu_vybrat,main,Создать новый контент-хаб,P1,/kak-vybrat-professiyu/,Инфо-хаб выбора профессии → /test/
красноярски монтажный колледж,8826,C,info,top,g01_kolledzhi_krasnoyarsk,aggregator,Gated — нужны данные,P3,—,Нет реестра СПО (колледжи города)
аттестационная работа,8808,D,info,assoc,d05_test_na_professiyu,main,Расширить (раздел хаба),P1,/testy-na-proforientaciyu/,«Тест на профессию» → хаб → /test/
кем можно пойти работать,8764,B,info,top,b06_kem_pojti_rabotat,main,Расширить существующую,P0,/professiya/,«Кем пойти работать» = список профессий → каталог
уунит специальности,8754,E,info,assoc,e04_professii_buduschego,main,Контент-хаб без рейтинга,P1,/professiya/ (раздел),Нет данных прогноза — контент без рейтинга
какие профессии можно после 9 класса,8726,C,info,top,c03_professii_posle_9,main,Gated — нужны данные,P3,—,Нет данных СПО/уровня после 9
виды тестирования,8687,D,info,assoc,d06_test_na_vybor_professii,main,Использовать существующую,P1,/test/,Прямой интент квиза
интересные профессии,8666,0,info,assoc,p01_proforientaciya,main,Создать новый контент-хаб,P1,/proforientaciya/,Хаб профориентации → /test/
колледжи красноярска 11,8600,C,info,top,g01_kolledzhi_krasnoyarsk,aggregator,Gated — нужны данные,P3,—,Нет реестра СПО (колледжи города)
класс профориентации,8554,0,info,top,p01_proforientaciya,main,Создать новый контент-хаб,P1,/proforientaciya/,Хаб профориентации → /test/
куда поступить с биологией и русским,8528,C,info,top,c12_s_biologiej,main,Создана посадочная,P3,/kuda-postupat-s-biologiej/,Перечень Минобрнауки → направления (готово)
куда поступить после 9 класса девочке,8442,C,info,top,c01_kuda_postupat_posle_9,main,Gated — нужны данные,P3,—,Нет реестра СПО (после 9)
как поступить в колледж после 9,8329,C,info,top,c05_postupit_v_kolledzh,both,Gated — нужны данные,P3,—,Нет реестра колледжей (СПО)
строительный колледж пермь,8267,C,info,top,g02_kolledzhi_perm,aggregator,Gated — нужны данные,P3,—,Нет реестра СПО (колледжи города)
на кого можно пойти учиться,8258,B,info,top,b04_na_kogo_pojti_uchitsya,main,Создать новый контент-хаб,P1,/kak-vybrat-professiyu/,ВЧ-инфо → хаб выбора + каталоги + /test/
сайты колледжей иркутска,8255,C,info,top,g05_kolledzhi_irkutsk,aggregator,Gated — нужны данные,P3,—,Нет реестра СПО (колледжи города)
можно ли поступить в вуз после колледжа,8245,C,info,top,c05_postupit_v_kolledzh,main,Gated — нужны данные,P3,—,Нет реестра колледжей (СПО)
куда можно поступить девушке после 9,8245,C,info,top,c08_kuda_postupat_devushke,main,Контент/фильтр (не дубль),P2,/kuda-postupat-posle-11-klassa/#devushke,Гендер-срез после 11
тест какая профессия мне подходит,8201,D,info,top,b05_kakaya_professiya_podhodit,main,Создать новый контент-хаб,P1,/kak-vybrat-professiyu/,Подбор профессии → /test/
9 класс куда можно поступить девушке,8154,C,info,top,c01_kuda_postupat_posle_9,main,Gated — нужны данные,P3,—,Нет реестра СПО (после 9)
поступают ли в колледж после 11 класса,8143,C,info,top,c05_postupit_v_kolledzh,main,Gated — нужны данные,P3,—,Нет реестра колледжей (СПО)
тесто какая профессия мне подходит,8110,D,info,top,b05_kakaya_professiya_podhodit,main,Создать новый контент-хаб,P1,/kak-vybrat-professiyu/,Подбор профессии → /test/
в какие колледжи можно поступить после 9,8099,C,info,top,c05_postupit_v_kolledzh,both,Gated — нужны данные,P3,—,Нет реестра колледжей (СПО)
поступить заочно в колледж,8058,C,info,top,c05_postupit_v_kolledzh,main,Gated — нужны данные,P3,—,Нет реестра колледжей (СПО)
колледж это какое образование,8057,C,info,assoc,c06_specialnosti_posle_9,main,Gated — нужны данные,P3,—,Нет реестра СПО (специальности после 9)
экономический колледж пермь,8036,C,info,top,g02_kolledzhi_perm,aggregator,Gated — нужны данные,P3,—,Нет реестра СПО (колледжи города)
на кого можно поступить после 11,7948,C,info,assoc,c03_professii_posle_9,main,Gated — нужны данные,P3,—,Нет данных СПО/уровня после 9
колледжи иркутск официальный сайт,7780,C,info,top,g05_kolledzhi_irkutsk,aggregator,Gated — нужны данные,P3,—,Нет реестра СПО (колледжи города)
колледжи тюмень 11 класс,7700,C,info,top,g04_kolledzhi_tyumen,aggregator,Gated — нужны данные,P3,—,Нет реестра СПО (колледжи города)
лучшие профессии после 9 класса,7649,C,info,top,c03_professii_posle_9,main,Gated — нужны данные,P3,—,Нет данных СПО/уровня после 9
поступить в педагогический колледж,7575,C,info,top,c05_postupit_v_kolledzh,main,Gated — нужны данные,P3,—,Нет реестра колледжей (СПО)
педагогический колледж тюмень,7510,C,info,top,g04_kolledzhi_tyumen,aggregator,Gated — нужны данные,P3,—,Нет реестра СПО (колледжи города)
профориентация онлайн тест,7445,D,commercial,top,d01_test_na_proforientaciyu,main,Создать новый контент-хаб,P1,/testy-na-proforientaciyu/,Хаб о тестах → /test/ (SERP: формат-статья достижим)
нефтяной колледж пермь,7428,C,info,top,g02_kolledzhi_perm,aggregator,Gated — нужны данные,P3,—,Нет реестра СПО (колледжи города)
красноярском финансово экономическом колледже,7416,C,info,top,g01_kolledzhi_krasnoyarsk,aggregator,Gated — нужны данные,P3,—,Нет реестра СПО (колледжи города)
специальности после 9 класса бюджет,7411,C,info,top,c06_specialnosti_posle_9,main,Gated — нужны данные,P3,—,Нет реестра СПО (специальности после 9)
какие есть профессии после 9 класса,7323,C,info,top,c03_professii_posle_9,main,Gated — нужны данные,P3,—,Нет данных СПО/уровня после 9
куда можно поступить с химией биологией,7308,C,info,top,c12_s_biologiej,main,Создана посадочная,P3,/kuda-postupat-s-biologiej/,Перечень Минобрнауки → направления (готово)
многопрофильный колледж тюмень,7289,C,info,top,g04_kolledzhi_tyumen,aggregator,Gated — нужны данные,P3,—,Нет реестра СПО (колледжи города)
медицинский колледж красноярск,7180,C,info,top,g01_kolledzhi_krasnoyarsk,aggregator,Gated — нужны данные,P3,—,Нет реестра СПО (колледжи города)
куда поступать с русским математикой и обществознанием,7139,C,info,top,c10_s_obschestvoznaniem,main,Создана посадочная,P3,/kuda-postupat-s-obshchestvoznaniem/,Перечень Минобрнауки → направления (готово)
поступить в колледж после армии,7095,C,info,top,c05_postupit_v_kolledzh,both,Gated — нужны данные,P3,—,Нет реестра колледжей (СПО)
медицинский колледж пермь,7081,C,info,top,g02_kolledzhi_perm,aggregator,Gated — нужны данные,P3,—,Нет реестра СПО (колледжи города)
медицинский колледж иркутск,7018,C,info,top,g05_kolledzhi_irkutsk,aggregator,Gated — нужны данные,P3,—,Нет реестра СПО (колледжи города)
куда можно поступить с географией,6997,C,info,top,c16_s_geografiej,main,Создана посадочная,P3,/kuda-postupat-s-geografiej/,Перечень Минобрнауки → направления (готово)
колледжи тюмени специальности,6980,C,info,top,g04_kolledzhi_tyumen,aggregator,Gated — нужны данные,P3,—,Нет реестра СПО (колледжи города)
куда поступить после 11 класса с обществознанием,6972,C,info,top,c02_kuda_postupat_posle_11,main,Создать новый контент-хаб,P2,/kuda-postupat-posle-11-klassa/,После 11 → вузы/направления (данные есть)
колледж воронеж сайт,6968,C,info,top,g03_kolledzhi_voronezh,aggregator,Gated — нужны данные,P3,—,Нет реестра СПО (колледжи города)
в колледж поступила ученица,6901,C,info,top,c05_postupit_v_kolledzh,main,Gated — нужны данные,P3,—,Нет реестра колледжей (СПО)
поступать ли в мед колледж,6825,C,info,top,c05_postupit_v_kolledzh,main,Gated — нужны данные,P3,—,Нет реестра колледжей (СПО)
самые высокооплачиваемые профессии в россии,6825,E,info,top,e03_vysokooplachivaemye,main,Создать новую посадочную (рейтинг),P0,/professii-vysokooplachivaemye/,Рейтинг по зарплатам Росстата окт-2025 — данные есть
куда поступить после 11 с биологией,6819,C,info,top,c12_s_biologiej,main,Создана посадочная,P3,/kuda-postupat-s-biologiej/,Перечень Минобрнауки → направления (готово)
хочешь поступить в колледж,6807,C,info,top,c05_postupit_v_kolledzh,both,Gated — нужны данные,P3,—,Нет реестра колледжей (СПО)
официальные сайты колледжей воронежа,6682,C,info,top,g03_kolledzhi_voronezh,aggregator,Gated — нужны данные,P3,—,Нет реестра СПО (колледжи города)
какие специальности поступают в колледже,6657,C,info,top,c05_postupit_v_kolledzh,both,Gated — нужны данные,P3,—,Нет реестра колледжей (СПО)
куда можно поступить после 11 с обществознанием,6651,C,info,top,c10_s_obschestvoznaniem,main,Создана посадочная,P3,/kuda-postupat-s-obshchestvoznaniem/,Перечень Минобрнауки → направления (готово)
куда можно поступить с информатикой,6612,C,info,top,c13_s_informatikoj,main,Создана посадочная,P3,/kuda-postupat-s-informatikoj/,Перечень Минобрнауки → направления (готово)
специальности после 9 класса нижний новгород,6581,C,info,top,c06_specialnosti_posle_9,aggregator,Gated — нужны данные,P3,—,Нет реестра СПО (специальности после 9)
как поступить в вуз после колледжа,6507,C,info,top,c05_postupit_v_kolledzh,main,Gated — нужны данные,P3,—,Нет реестра колледжей (СПО)
финансовый колледж пермь,6474,C,info,top,g02_kolledzhi_perm,aggregator,Gated — нужны данные,P3,—,Нет реестра СПО (колледжи города)
востребованные профессии для девушек,6444,E,info,top,e02_vostrebovannye,main,Контент-хаб без рейтинга,P1,/professiya/ (раздел),Нет данных о спросе (hh заблокирован) — не ранжируем
барни профессии будущего,6425,E,info,top,e04_professii_buduschego,main,Контент-хаб без рейтинга,P1,/professiya/ (раздел),Нет данных прогноза — контент без рейтинга
колледж права тюмень,6423,C,info,top,g04_kolledzhi_tyumen,aggregator,Gated — нужны данные,P3,—,Нет реестра СПО (колледжи города)
поступить в колледж отсрочка,6298,C,info,top,c05_postupit_v_kolledzh,both,Gated — нужны данные,P3,—,Нет реестра колледжей (СПО)
колледж экономики тюмень,6270,C,info,top,g04_kolledzhi_tyumen,aggregator,Gated — нужны данные,P3,—,Нет реестра СПО (колледжи города)
госуслуги поступить в колледж,6240,C,commercial,top,c05_postupit_v_kolledzh,both,Gated — нужны данные,P3,—,Нет реестра колледжей (СПО)
можно ли поступить в медицинский колледж,6229,C,info,top,c05_postupit_v_kolledzh,main,Gated — нужны данные,P3,—,Нет реестра колледжей (СПО)
куда можно поступить с математикой и обществознанием,6207,C,info,top,c10_s_obschestvoznaniem,main,Создана посадочная,P3,/kuda-postupat-s-obshchestvoznaniem/,Перечень Минобрнауки → направления (готово)
куда можно поступить с физикой,6171,C,info,top,c15_s_fizikoj,main,Создана посадочная,P3,/kuda-postupat-s-fizikoj/,Перечень Минобрнауки → направления (готово)
поступить в колледж профессии,6089,C,info,top,c05_postupit_v_kolledzh,both,Gated — нужны данные,P3,—,Нет реестра колледжей (СПО)
колледжи красноярска после 11 класса,6086,C,info,top,g01_kolledzhi_krasnoyarsk,aggregator,Gated — нужны данные,P3,—,Нет реестра СПО (колледжи города)
куда поступить с историей и обществознанием,6062,C,info,top,c10_s_obschestvoznaniem,main,Создана посадочная,P3,/kuda-postupat-s-obshchestvoznaniem/,Перечень Минобрнауки → направления (готово)
востребованные профессии после 9,5990,C,info,top,e02_vostrebovannye,main,Контент-хаб без рейтинга,P1,/professiya/ (раздел),Нет данных о спросе (hh заблокирован) — не ранжируем
в какой колледж поступить после 11,5942,C,info,top,c05_postupit_v_kolledzh,main,Gated — нужны данные,P3,—,Нет реестра колледжей (СПО)
колледж предпринимательства красноярск,5933,C,info,top,g01_kolledzhi_krasnoyarsk,aggregator,Gated — нужны данные,P3,—,Нет реестра СПО (колледжи города)
с каким баллом можно поступить в колледж,5908,C,info,top,c05_postupit_v_kolledzh,both,Gated — нужны данные,P3,—,Нет реестра колледжей (СПО)
колледж экономики и права тюмень,5884,C,info,top,g04_kolledzhi_tyumen,aggregator,Gated — нужны данные,P3,—,Нет реестра СПО (колледжи города)
многопрофильный колледж тиу тюмень,5840,C,info,top,g04_kolledzhi_tyumen,aggregator,Gated — нужны данные,P3,—,Нет реестра СПО (колледжи города)
куда поступить с физикой и математикой,5839,C,info,top,c15_s_fizikoj,main,Создана посадочная,P3,/kuda-postupat-s-fizikoj/,Перечень Минобрнауки → направления (готово)
куда можно поступить с русским математикой обществознанием,5829,C,info,top,c10_s_obschestvoznaniem,main,Создана посадочная,P3,/kuda-postupat-s-obshchestvoznaniem/,Перечень Минобрнауки → направления (готово)
тест на профессию бесплатно,5802,D,commercial,top,d01_test_na_proforientaciyu,main,Создать новый контент-хаб,P1,/testy-na-proforientaciyu/,Хаб о тестах → /test/ (SERP: формат-статья достижим)
10 востребованных профессий,5787,E,info,top,e02_vostrebovannye,main,Контент-хаб без рейтинга,P1,/professiya/ (раздел),Нет данных о спросе (hh заблокирован) — не ранжируем
на кого пойти учиться после 9,5785,C,info,top,b04_na_kogo_pojti_uchitsya,main,Создать новый контент-хаб,P1,/kak-vybrat-professiyu/,ВЧ-инфо → хаб выбора + каталоги + /test/
профориентация для школьников,5754,0,info,top,p01_proforientaciya,main,Создать новый контент-хаб,P1,/proforientaciya/,Хаб профориентации → /test/
медицинский колледж воронеж,5745,C,info,top,g03_kolledzhi_voronezh,aggregator,Gated — нужны данные,P3,—,Нет реестра СПО (колледжи города)
какие профессии будущего,5674,E,info,top,e04_professii_buduschego,main,Контент-хаб без рейтинга,P1,/professiya/ (раздел),Нет данных прогноза — контент без рейтинга
востребованные профессии 9 класс,5652,C,info,top,c03_professii_posle_9,main,Gated — нужны данные,P3,—,Нет данных СПО/уровня после 9
платно поступить в колледж,5628,C,commercial,top,c05_postupit_v_kolledzh,both,Gated — нужны данные,P3,—,Нет реестра колледжей (СПО)
центр профессии будущего,5621,E,commercial,top,e04_professii_buduschego,main,Контент-хаб без рейтинга,P1,/professiya/ (раздел),Нет данных прогноза — контент без рейтинга
обществознание куда можно поступить после 11 класса,5593,C,info,top,c02_kuda_postupat_posle_11,main,Создать новый контент-хаб,P2,/kuda-postupat-posle-11-klassa/,После 11 → вузы/направления (данные есть)
педагогический колледж красноярск,5591,C,info,top,g01_kolledzhi_krasnoyarsk,aggregator,Gated — нужны данные,P3,—,Нет реестра СПО (колледжи города)
теста профориентацию бесплатно онлайн,5541,D,commercial,top,d01_test_na_proforientaciyu,main,Создать новый контент-хаб,P1,/testy-na-proforientaciyu/,Хаб о тестах → /test/ (SERP: формат-статья достижим)
рейтинг поступающих в колледж,5501,C,info,top,c05_postupit_v_kolledzh,aggregator,Gated — нужны данные,P3,—,Нет реестра колледжей (СПО)
финансов экономический колледж пермь,5482,C,info,top,g02_kolledzhi_perm,aggregator,Gated — нужны данные,P3,—,Нет реестра СПО (колледжи города)
куда можно поступить с биологией и русским,5466,C,info,top,c12_s_biologiej,main,Создана посадочная,P3,/kuda-postupat-s-biologiej/,Перечень Минобрнауки → направления (готово)
красноярский строительный техникум,5465,C,info,assoc,g01_kolledzhi_krasnoyarsk,aggregator,Gated — нужны данные,P3,—,Нет реестра СПО (колледжи города)
колледж управления тюмень,5465,C,info,top,g04_kolledzhi_tyumen,aggregator,Gated — нужны данные,P3,—,Нет реестра СПО (колледжи города)
финансово экономический колледж пермь,5456,C,info,top,g02_kolledzhi_perm,aggregator,Gated — нужны данные,P3,—,Нет реестра СПО (колледжи города)
мед колледж тюмень,5452,C,info,top,g04_kolledzhi_tyumen,aggregator,Gated — нужны данные,P3,—,Нет реестра СПО (колледжи города)
куда поступить с егэ по обществознанию,5398,C,info,top,c10_s_obschestvoznaniem,main,Создана посадочная,P3,/kuda-postupat-s-obshchestvoznaniem/,Перечень Минобрнауки → направления (готово)
в имперский колледж поступила,5320,C,info,top,c05_postupit_v_kolledzh,main,Gated — нужны данные,P3,—,Нет реестра колледжей (СПО)
выборы профориентации,5305,0,info,top,p01_proforientaciya,main,Создать новый контент-хаб,P1,/proforientaciya/,Хаб профориентации → /test/
можно ли поступить в другой колледж,5302,C,info,top,c05_postupit_v_kolledzh,main,Gated — нужны данные,P3,—,Нет реестра колледжей (СПО)
не знаю кем стать,5294,B,info,top,b07_ne_znayu_kem_stat,main,Создать новый контент-хаб,P1,/kak-vybrat-professiyu/,Боль «не знаю кем стать» → /test/
моя будущая профессия,5274,0,info,assoc,p01_proforientaciya,main,Создать новый контент-хаб,P1,/proforientaciya/,Хаб профориентации → /test/
выбор профориентации,5265,0,info,top,p01_proforientaciya,main,Создать новый контент-хаб,P1,/proforientaciya/,Хаб профориентации → /test/
нужно ли поступать в колледж,5255,C,info,top,c05_postupit_v_kolledzh,main,Gated — нужны данные,P3,—,Нет реестра колледжей (СПО)
куда поступить после 11 с историей,5243,C,info,top,c11_s_istoriej,main,Создана посадочная,P3,/kuda-postupat-s-istoriej/,Перечень Минобрнауки → направления (готово)
в имперский колледж поступает ученица,5241,C,info,top,c05_postupit_v_kolledzh,main,Gated — нужны данные,P3,—,Нет реестра колледжей (СПО)
колледж управления и права тюмень,5220,C,info,top,g04_kolledzhi_tyumen,aggregator,Gated — нужны данные,P3,—,Нет реестра СПО (колледжи города)
куда поступить с русским и историей,5217,C,info,top,c11_s_istoriej,main,Создана посадочная,P3,/kuda-postupat-s-istoriej/,Перечень Минобрнауки → направления (готово)
колледж бгу иркутск,5195,C,info,top,g05_kolledzhi_irkutsk,aggregator,Gated — нужны данные,P3,—,Нет реестра СПО (колледжи города)
поступить в колледж после 9 бюджет,5193,C,info,top,c05_postupit_v_kolledzh,both,Gated — нужны данные,P3,—,Нет реестра колледжей (СПО)
поступить без егэ в вуз после колледжа,5165,C,info,top,c05_postupit_v_kolledzh,main,Gated — нужны данные,P3,—,Нет реестра колледжей (СПО)
специальности для девушек после 9 класса,5128,C,info,top,c06_specialnosti_posle_9,main,Gated — нужны данные,P3,—,Нет реестра СПО (специальности после 9)
в какой колледж поступить после 11 класса,5119,C,info,top,c05_postupit_v_kolledzh,main,Gated — нужны данные,P3,—,Нет реестра колледжей (СПО)
востребованные профессии 10 лет,5099,E,info,top,e02_vostrebovannye,main,Контент-хаб без рейтинга,P1,/professiya/ (раздел),Нет данных о спросе (hh заблокирован) — не ранжируем
педагогический колледж пермь,5090,C,info,top,g02_kolledzhi_perm,aggregator,Gated — нужны данные,P3,—,Нет реестра СПО (колледжи города)
востребованные профессии сейчас,5059,E,info,top,e02_vostrebovannye,main,Контент-хаб без рейтинга,P1,/professiya/ (раздел),Нет данных о спросе (hh заблокирован) — не ранжируем
строительные специальности после 9 класса,5053,C,info,top,c06_specialnosti_posle_9,main,Gated — нужны данные,P3,—,Нет реестра СПО (специальности после 9)
можно ли поступить в мед колледж,5033,C,info,top,c05_postupit_v_kolledzh,main,Gated — нужны данные,P3,—,Нет реестра колледжей (СПО)
колледж тюмень экономика управления,4985,C,info,top,g04_kolledzhi_tyumen,aggregator,Gated — нужны данные,P3,—,Нет реестра СПО (колледжи города)
тест климова,4944,D,info,top,d08_test_klimova,main,Создать статью в хабе,P1,/testy-na-proforientaciyu/test-klimova/,Именованная методика Климова
какие профессии востребованы в россии,4904,E,info,top,e02_vostrebovannye,main,Контент-хаб без рейтинга,P1,/professiya/ (раздел),Нет данных о спросе (hh заблокирован) — не ранжируем
специальности после 9 класса уфа,4892,C,info,top,c06_specialnosti_posle_9,aggregator,Gated — нужны данные,P3,—,Нет реестра СПО (специальности после 9)
колледж экономики управления и права тюмень,4892,C,info,top,g04_kolledzhi_tyumen,aggregator,Gated — нужны данные,P3,—,Нет реестра СПО (колледжи города)
колледжи иркутска после 11,4880,C,info,top,g05_kolledzhi_irkutsk,aggregator,Gated — нужны данные,P3,—,Нет реестра СПО (колледжи города)
на кого пойти учиться после 9 класса,4869,C,info,top,b04_na_kogo_pojti_uchitsya,main,Создать новый контент-хаб,P1,/kak-vybrat-professiyu/,ВЧ-инфо → хаб выбора + каталоги + /test/
поступи тюмень колледжи,4857,C,info,top,c05_postupit_v_kolledzh,aggregator,Gated — нужны данные,P3,—,Нет реестра колледжей (СПО)
куда поступать с химией и русским,4851,C,info,top,c14_s_himiej,main,Создана посадочная,P3,/kuda-postupat-s-himiej/,Перечень Минобрнауки → направления (готово)
самые востребованные профессии в россии,4790,E,info,top,e02_vostrebovannye,main,Контент-хаб без рейтинга,P1,/professiya/ (раздел),Нет данных о спросе (hh заблокирован) — не ранжируем
куда поступить с математикой и биологией,4787,C,info,top,c12_s_biologiej,main,Создана посадочная,P3,/kuda-postupat-s-biologiej/,Перечень Минобрнауки → направления (готово)
профориентация прошла,4775,0,info,top,p01_proforientaciya,main,Создать новый контент-хаб,P1,/proforientaciya/,Хаб профориентации → /test/
поступить в медицинский колледж после 9,4768,C,info,top,c05_postupit_v_kolledzh,main,Gated — нужны данные,P3,—,Нет реестра колледжей (СПО)
поступить после колледжа в другой колледж,4737,C,info,top,c05_postupit_v_kolledzh,main,Gated — нужны данные,P3,—,Нет реестра колледжей (СПО)
профессии для девушек после 11 класса,4732,C,info,top,c04_professii_posle_11,main,Расширить существующую,P2,/professiya/ + хаб-11,Профессии после 11 → каталог/направления
профориентация выбор профессии,4712,0,info,top,p01_proforientaciya,main,Создать новый контент-хаб,P1,/proforientaciya/,Хаб профориентации → /test/
колледж сервиса пермь,4700,C,info,top,g02_kolledzhi_perm,aggregator,Gated — нужны данные,P3,—,Нет реестра СПО (колледжи города)
9 класса список профессий девушке,4692,C,info,top,c03_professii_posle_9,main,Gated — нужны данные,P3,—,Нет данных СПО/уровня после 9
куда поступить с информатикой и математикой,4690,C,info,top,c13_s_informatikoj,main,Создана посадочная,P3,/kuda-postupat-s-informatikoj/,Перечень Минобрнауки → направления (готово)
тесты на выборы профессий,4677,D,info,top,d05_test_na_professiyu,main,Расширить (раздел хаба),P1,/testy-na-proforientaciyu/,«Тест на профессию» → хаб → /test/
тест на выбор профессии,4673,D,info,top,d01_test_na_proforientaciyu,main,Создать новый контент-хаб,P1,/testy-na-proforientaciyu/,Хаб о тестах → /test/ (SERP: формат-статья достижим)
профессии с хорошей зарплатой после 9 класса,4657,C,info,top,c03_professii_posle_9,main,Gated — нужны данные,P3,—,Нет данных СПО/уровня после 9
тест холланда,4655,D,info,assoc,d07_test_gollanda,main,Создать статью в хабе,P1,/testy-na-proforientaciyu/test-gollanda/,Именованная методика (RIASEC — рабочее название)
училище какое образование,4643,C,info,assoc,c01_kuda_postupat_posle_9,main,Gated — нужны данные,P3,—,Нет реестра СПО (после 9)
тест климово,4636,D,info,top,d08_test_klimova,main,Создать статью в хабе,P1,/testy-na-proforientaciyu/test-klimova/,Именованная методика Климова
колледж финансов красноярск,4634,C,info,top,g01_kolledzhi_krasnoyarsk,aggregator,Gated — нужны данные,P3,—,Нет реестра СПО (колледжи города)
востребованные профессии в 2026 году,4608,E,info,top,e02_vostrebovannye,main,Контент-хаб без рейтинга,P1,/professiya/ (раздел),Нет данных о спросе (hh заблокирован) — не ранжируем
финансовый колледж красноярск,4603,C,info,top,g01_kolledzhi_krasnoyarsk,aggregator,Gated — нужны данные,P3,—,Нет реестра СПО (колледжи города)
профориентация 9,4592,0,info,top,p01_proforientaciya,main,Создать новый контент-хаб,P1,/proforientaciya/,Хаб профориентации → /test/
куда поступить после 11 класса на бюджет,4570,C,info,top,c02_kuda_postupat_posle_11,main,Создать новый контент-хаб,P2,/kuda-postupat-posle-11-klassa/,После 11 → вузы/направления (данные есть)
что нужно чтобы поступить в колледж,4569,C,info,top,c05_postupit_v_kolledzh,both,Gated — нужны данные,P3,—,Нет реестра колледжей (СПО)
куда поступать с обществознанием и профильной,4537,C,info,top,c10_s_obschestvoznaniem,main,Создана посадочная,P3,/kuda-postupat-s-obshchestvoznaniem/,Перечень Минобрнауки → направления (готово)
красноярском колледже отраслевых технологий и предпринимательства,4532,C,info,top,g01_kolledzhi_krasnoyarsk,aggregator,Gated — нужны данные,P3,—,Нет реестра СПО (колледжи города)
какие есть специальности после 9 класса,4513,C,info,top,c06_specialnosti_posle_9,main,Gated — нужны данные,P3,—,Нет реестра СПО (специальности после 9)
куда поступать после 11 с химией,4512,C,info,top,c14_s_himiej,main,Создана посадочная,P3,/kuda-postupat-s-himiej/,Перечень Минобрнауки → направления (готово)
как поступить в институт после колледжа,4499,C,info,top,c05_postupit_v_kolledzh,main,Gated — нужны данные,P3,—,Нет реестра колледжей (СПО)
цифровой колледж тюмень,4479,C,info,top,g04_kolledzhi_tyumen,aggregator,Gated — нужны данные,P3,—,Нет реестра СПО (колледжи города)
куда поступить с профильной математикой и обществознанием,4474,C,info,top,c10_s_obschestvoznaniem,main,Создана посадочная,P3,/kuda-postupat-s-obshchestvoznaniem/,Перечень Минобрнауки → направления (готово)
политехнический колледж специальности после 9 класса,4448,C,info,top,c06_specialnosti_posle_9,main,Gated — нужны данные,P3,—,Нет реестра СПО (специальности после 9)
педагогический колледж воронеж,4415,C,info,top,g03_kolledzhi_voronezh,aggregator,Gated — нужны данные,P3,—,Нет реестра СПО (колледжи города)
колледж цифровых технологий тюмень,4414,C,info,top,g04_kolledzhi_tyumen,aggregator,Gated — нужны данные,P3,—,Нет реестра СПО (колледжи города)
тест на пиксели,4406,D,info,assoc,d08_test_klimova,main,Создать статью в хабе,P1,/testy-na-proforientaciyu/test-klimova/,Именованная методика Климова
учиться после 9 класса профессии,4386,C,info,top,c03_professii_posle_9,main,Gated — нужны данные,P3,—,Нет данных СПО/уровня после 9
техникумы и колледжи красноярска,4374,C,info,top,g01_kolledzhi_krasnoyarsk,aggregator,Gated — нужны данные,P3,—,Нет реестра СПО (колледжи города)
красноярск колледж услуг,4362,C,commercial,top,g01_kolledzhi_krasnoyarsk,aggregator,Gated — нужны данные,P3,—,Нет реестра СПО (колледжи города)
в какой вуз поступить после колледжа,4346,C,info,top,c05_postupit_v_kolledzh,main,Gated — нужны данные,P3,—,Нет реестра колледжей (СПО)
профессии востребованные в ближайшие,4294,E,info,top,e02_vostrebovannye,main,Контент-хаб без рейтинга,P1,/professiya/ (раздел),Нет данных о спросе (hh заблокирован) — не ранжируем
10 класс поступить в колледж,4280,C,info,top,c05_postupit_v_kolledzh,both,Gated — нужны данные,P3,—,Нет реестра колледжей (СПО)
куда поступить после 9 класса в новосибирске,4277,C,info,top,c01_kuda_postupat_posle_9,aggregator,Gated — нужны данные,P3,—,Нет реестра СПО (после 9)
профессионализм это,4277,E,info,assoc,e02_vostrebovannye,main,Контент-хаб без рейтинга,P1,/professiya/ (раздел),Нет данных о спросе (hh заблокирован) — не ранжируем
какие профессии востребованы в 2026,4267,E,info,top,e02_vostrebovannye,main,Контент-хаб без рейтинга,P1,/professiya/ (раздел),Нет данных о спросе (hh заблокирован) — не ранжируем
востребованные профессии в россии 2026,4266,E,info,top,e02_vostrebovannye,main,Контент-хаб без рейтинга,P1,/professiya/ (раздел),Нет данных о спросе (hh заблокирован) — не ранжируем
поступить в колледже спб,4229,C,info,top,c05_postupit_v_kolledzh,aggregator,Gated — нужны данные,P3,—,Нет реестра колледжей (СПО)
востребованные профессии ближайшие 10,4223,E,info,top,e02_vostrebovannye,main,Контент-хаб без рейтинга,P1,/professiya/ (раздел),Нет данных о спросе (hh заблокирован) — не ранжируем
на какую профессию поступить после 9 класса,4212,C,info,top,c03_professii_posle_9,main,Gated — нужны данные,P3,—,Нет данных СПО/уровня после 9
самые востребованные профессии 2026,4204,E,info,top,e02_vostrebovannye,main,Контент-хаб без рейтинга,P1,/professiya/ (раздел),Нет данных о спросе (hh заблокирован) — не ранжируем
колледж сферы услуг красноярск,4203,C,commercial,top,g01_kolledzhi_krasnoyarsk,aggregator,Gated — нужны данные,P3,—,Нет реестра СПО (колледжи города)
поступить в медицинский колледж после 9 класса,4178,C,info,top,c05_postupit_v_kolledzh,main,Gated — нужны данные,P3,—,Нет реестра колледжей (СПО)
колледж 11 класс иркутск,4177,C,info,top,g05_kolledzhi_irkutsk,aggregator,Gated — нужны данные,P3,—,Нет реестра СПО (колледжи города)
профориентация 9 класс,4172,0,info,top,p01_proforientaciya,main,Создать новый контент-хаб,P1,/proforientaciya/,Хаб профориентации → /test/
какие бывают профессии,4158,0,info,assoc,b03_kem_mozhno_stat,main,Расширить существующую,P0,/professiya/,«Кем можно стать» = список профессий → каталог
как поступить в колледж на бюджет,4150,C,info,top,c05_postupit_v_kolledzh,both,Gated — нужны данные,P3,—,Нет реестра колледжей (СПО)
куда можно поступить после 11 с биологией,4147,C,info,top,c12_s_biologiej,main,Создана посадочная,P3,/kuda-postupat-s-biologiej/,Перечень Минобрнауки → направления (готово)
красноярский монтажный колледж,4139,C,info,assoc,g01_kolledzhi_krasnoyarsk,aggregator,Gated — нужны данные,P3,—,Нет реестра СПО (колледжи города)
введение в специальность,4138,E,info,assoc,e04_professii_buduschego,main,Контент-хаб без рейтинга,P1,/professiya/ (раздел),Нет данных прогноза — контент без рейтинга
колледж услуг и предпринимательства красноярск,4133,C,commercial,top,g01_kolledzhi_krasnoyarsk,aggregator,Gated — нужны данные,P3,—,Нет реестра СПО (колледжи города)
10 класс какое образование,4127,C,info,assoc,c01_kuda_postupat_posle_9,main,Gated — нужны данные,P3,—,Нет реестра СПО (после 9)
поступить в колледж после высшего,4115,C,info,top,c05_postupit_v_kolledzh,both,Gated — нужны данные,P3,—,Нет реестра колледжей (СПО)
тюмень колледжи педагогические технологии,4112,C,info,top,g04_kolledzhi_tyumen,aggregator,Gated — нужны данные,P3,—,Нет реестра СПО (колледжи города)
куда поступить в колледж после 9,4099,C,info,top,c05_postupit_v_kolledzh,both,Gated — нужны данные,P3,—,Нет реестра колледжей (СПО)
колледж цифровой педагогический тюмень,4089,C,info,top,g04_kolledzhi_tyumen,aggregator,Gated — нужны данные,P3,—,Нет реестра СПО (колледжи города)
куда поступить с обществознанием и русским егэ,4084,C,info,top,c10_s_obschestvoznaniem,main,Создана посадочная,P3,/kuda-postupat-s-obshchestvoznaniem/,Перечень Минобрнауки → направления (готово)
куда поступить с информатикой русским,4080,C,info,top,c13_s_informatikoj,main,Создана посадочная,P3,/kuda-postupat-s-informatikoj/,Перечень Минобрнауки → направления (готово)
тест на класс профессии,4070,D,info,top,d05_test_na_professiyu,main,Расширить (раздел хаба),P1,/testy-na-proforientaciyu/,«Тест на профессию» → хаб → /test/
в какой курс поступаешь после колледжа,4057,C,info,top,c05_postupit_v_kolledzh,main,Gated — нужны данные,P3,—,Нет реестра колледжей (СПО)
куда поступить в красноярске после 9 класса,4029,C,info,top,c01_kuda_postupat_posle_9,aggregator,Gated — нужны данные,P3,—,Нет реестра СПО (после 9)
колледж цифровых и педагогических технологий тюмень,4028,C,info,top,g04_kolledzhi_tyumen,aggregator,Gated — нужны данные,P3,—,Нет реестра СПО (колледжи города)
колледж сферы и предпринимательства красноярск,4022,C,info,top,g01_kolledzhi_krasnoyarsk,aggregator,Gated — нужны данные,P3,—,Нет реестра СПО (колледжи города)
колледж сферы услуг и предпринимательства красноярск,4014,C,commercial,top,g01_kolledzhi_krasnoyarsk,aggregator,Gated — нужны данные,P3,—,Нет реестра СПО (колледжи города)
оникс пермь колледж,4001,C,info,top,g02_kolledzhi_perm,aggregator,Gated — нужны данные,P3,—,Нет реестра СПО (колледжи города)
какие профессии можно поступить после 9 класса,3983,C,info,top,c03_professii_posle_9,main,Gated — нужны данные,P3,—,Нет данных СПО/уровня после 9
колледж какие профессии после 9 класса,3964,C,info,top,c03_professii_posle_9,both,Gated — нужны данные,P3,—,Нет данных СПО/уровня после 9
поступить в колледж россия,3961,C,info,top,c05_postupit_v_kolledzh,both,Gated — нужны данные,P3,—,Нет реестра колледжей (СПО)
работа тестировщиком,3930,D,info,assoc,d05_test_na_professiyu,main,Расширить (раздел хаба),P1,/testy-na-proforientaciyu/,«Тест на профессию» → хаб → /test/
как поступить в колледж после 11,3927,C,info,top,c05_postupit_v_kolledzh,both,Gated — нужны данные,P3,—,Нет реестра колледжей (СПО)
технологический колледж пермь,3925,C,info,top,g02_kolledzhi_perm,aggregator,Gated — нужны данные,P3,—,Нет реестра СПО (колледжи города)
поступает в колледж дорама,3911,C,info,top,c05_postupit_v_kolledzh,main,Gated — нужны данные,P3,—,Нет реестра колледжей (СПО)
экономический колледж красноярск,3909,C,info,top,g01_kolledzhi_krasnoyarsk,aggregator,Gated — нужны данные,P3,—,Нет реестра СПО (колледжи города)
иркутский аграрный техникум,3898,C,info,assoc,g05_kolledzhi_irkutsk,aggregator,Gated — нужны данные,P3,—,Нет реестра СПО (колледжи города)
куда поступать с английским и обществознанием,3892,C,info,top,c10_s_obschestvoznaniem,main,Создана посадочная,P3,/kuda-postupat-s-obshchestvoznaniem/,Перечень Минобрнауки → направления (готово)
медицинские специальности после 9 класса,3891,C,info,top,c06_specialnosti_posle_9,main,Gated — нужны данные,P3,—,Нет реестра СПО (специальности после 9)
профессионал пермь,3889,C,info,assoc,g02_kolledzhi_perm,aggregator,Gated — нужны данные,P3,—,Нет реестра СПО (колледжи города)
фармацевтический колледж красноярск,3873,C,info,top,g01_kolledzhi_krasnoyarsk,aggregator,Gated — нужны данные,P3,—,Нет реестра СПО (колледжи города)
поступи пермь колледжи,3856,C,info,top,c05_postupit_v_kolledzh,aggregator,Gated — нужны данные,P3,—,Нет реестра колледжей (СПО)
поступить в колледж по аттестату,3854,C,info,top,c05_postupit_v_kolledzh,both,Gated — нужны данные,P3,—,Нет реестра колледжей (СПО)
специальности после 9 класса самара,3844,C,info,top,c06_specialnosti_posle_9,aggregator,Gated — нужны данные,P3,—,Нет реестра СПО (специальности после 9)
специальности после 9 класса казань,3833,C,info,top,c06_specialnosti_posle_9,aggregator,Gated — нужны данные,P3,—,Нет реестра СПО (специальности после 9)
колледж социальных тюмень,3814,C,info,top,g04_kolledzhi_tyumen,aggregator,Gated — нужны данные,P3,—,Нет реестра СПО (колледжи города)
какие профессии сейчас востребованы,3808,E,info,top,e02_vostrebovannye,main,Контент-хаб без рейтинга,P1,/professiya/ (раздел),Нет данных о спросе (hh заблокирован) — не ранжируем
поступить в колледж техникум,3801,C,info,top,c05_postupit_v_kolledzh,both,Gated — нужны данные,P3,—,Нет реестра колледжей (СПО)
какие специальности в колледже после 9 класса,3781,C,info,top,c06_specialnosti_posle_9,both,Gated — нужны данные,P3,—,Нет реестра СПО (специальности после 9)
список профессий 2,3781,E,info,top,e01_professii_spisok,main,Расширить существующую,P0,/professiya/,Каталог 436 профессий — данные есть
поступить в колледж с баллом 4,3775,C,info,top,c05_postupit_v_kolledzh,both,Gated — нужны данные,P3,—,Нет реестра колледжей (СПО)
специальности после 9 класса ижевск,3767,C,info,top,c06_specialnosti_posle_9,aggregator,Gated — нужны данные,P3,—,Нет реестра СПО (специальности после 9)
уфа колледжи после 9 класса специальности,3756,C,info,top,c06_specialnosti_posle_9,aggregator,Gated — нужны данные,P3,—,Нет реестра СПО (специальности после 9)
востребованные профессии на ближайшие годы,3751,E,info,top,e02_vostrebovannye,main,Контент-хаб без рейтинга,P1,/professiya/ (раздел),Нет данных о спросе (hh заблокирован) — не ранжируем
в колледж поступает ученица дорама,3749,C,info,top,c05_postupit_v_kolledzh,main,Gated — нужны данные,P3,—,Нет реестра колледжей (СПО)
профессии после 9 класса для мальчиков,3746,C,info,top,c03_professii_posle_9,main,Gated — нужны данные,P3,—,Нет данных СПО/уровня после 9
поступить в колледж новосибирск,3730,C,info,top,c05_postupit_v_kolledzh,aggregator,Gated — нужны данные,P3,—,Нет реестра колледжей (СПО)
поступил в колледж забирают в армию,3729,C,info,top,c05_postupit_v_kolledzh,main,Gated — нужны данные,P3,—,Нет реестра колледжей (СПО)
куда поступать после 9 класса нижний новгород,3720,C,info,top,c01_kuda_postupat_posle_9,aggregator,Gated — нужны данные,P3,—,Нет реестра СПО (после 9)
колледж тиу тюмень официальный,3720,C,info,top,g04_kolledzhi_tyumen,aggregator,Gated — нужны данные,P3,—,Нет реестра СПО (колледжи города)
куда поступить с химией и математикой,3712,C,info,top,c14_s_himiej,main,Создана посадочная,P3,/kuda-postupat-s-himiej/,Перечень Минобрнауки → направления (готово)
поступить в институт после колледжа без егэ,3702,C,info,top,c05_postupit_v_kolledzh,main,Gated — нужны данные,P3,—,Нет реестра колледжей (СПО)
куда поступить после 9 класса в перми,3683,C,info,top,c01_kuda_postupat_posle_9,aggregator,Gated — нужны данные,P3,—,Нет реестра СПО (после 9)
специальности после 9 класса воронеж,3670,C,info,top,c06_specialnosti_posle_9,aggregator,Gated — нужны данные,P3,—,Нет реестра СПО (специальности после 9)
профориентация на профессию,3664,0,info,top,p01_proforientaciya,main,Создать новый контент-хаб,P1,/proforientaciya/,Хаб профориентации → /test/
колледж сервиса тюмень,3610,C,info,top,g04_kolledzhi_tyumen,aggregator,Gated — нужны данные,P3,—,Нет реестра СПО (колледжи города)
поступить в колледж онлайн,3604,C,info,top,c05_postupit_v_kolledzh,both,Gated — нужны данные,P3,—,Нет реестра колледжей (СПО)
транспортный колледж тюмень,3602,C,info,top,g04_kolledzhi_tyumen,aggregator,Gated — нужны данные,P3,—,Нет реестра СПО (колледжи города)
куда поступать после 11 с физикой,3596,C,info,top,c15_s_fizikoj,main,Создана посадочная,P3,/kuda-postupat-s-fizikoj/,Перечень Минобрнауки → направления (готово)
список профессий пенсия,3580,E,info,top,e01_professii_spisok,main,Расширить существующую,P0,/professiya/,Каталог 436 профессий — данные есть
куда поступить после 11 класса с биологией,3576,C,info,top,c02_kuda_postupat_posle_11,main,Создать новый контент-хаб,P2,/kuda-postupat-posle-11-klassa/,После 11 → вузы/направления (данные есть)
колледжи тюмени производственных,3575,C,info,top,g04_kolledzhi_tyumen,aggregator,Gated — нужны данные,P3,—,Нет реестра СПО (колледжи города)
куда поступить в колледж после 9 класса,3570,C,info,top,c01_kuda_postupat_posle_9,both,Gated — нужны данные,P3,—,Нет реестра СПО (после 9)
колледж социальных технологий тюмень,3555,C,info,top,g04_kolledzhi_tyumen,aggregator,Gated — нужны данные,P3,—,Нет реестра СПО (колледжи города)
высокооплачиваемые профессии после 9 класса,3554,C,info,top,c03_professii_posle_9,main,Gated — нужны данные,P3,—,Нет данных СПО/уровня после 9
колледж производственных технологий тюмень,3550,C,info,top,g04_kolledzhi_tyumen,aggregator,Gated — нужны данные,P3,—,Нет реестра СПО (колледжи города)
социально производственный колледж тюмень,3532,C,info,top,g04_kolledzhi_tyumen,aggregator,Gated — нужны данные,P3,—,Нет реестра СПО (колледжи города)
медицинский колледж специальности после 9 класса,3531,C,info,top,c06_specialnosti_posle_9,main,Gated — нужны данные,P3,—,Нет реестра СПО (специальности после 9)
куда поступить после 9 класса профессии,3528,C,info,top,c01_kuda_postupat_posle_9,main,Gated — нужны данные,P3,—,Нет реестра СПО (после 9)
куда поступить бесплатно после 9 класса,3512,C,commercial,top,c01_kuda_postupat_posle_9,main,Gated — нужны данные,P3,—,Нет реестра СПО (после 9)
колледж производственных и социальных технологий тюмень,3509,C,info,top,g04_kolledzhi_tyumen,aggregator,Gated — нужны данные,P3,—,Нет реестра СПО (колледжи города)
колледж предпринимательства пермь,3499,C,info,top,g02_kolledzhi_perm,aggregator,Gated — нужны данные,P3,—,Нет реестра СПО (колледжи города)
в какой институт поступить после колледжа,3498,C,info,top,c05_postupit_v_kolledzh,main,Gated — нужны данные,P3,—,Нет реестра колледжей (СПО)
колледжи перми после 11,3494,C,info,top,g02_kolledzhi_perm,aggregator,Gated — нужны данные,P3,—,Нет реестра СПО (колледжи города)
профориентации работа,3491,0,info,top,p01_proforientaciya,main,Создать новый контент-хаб,P1,/proforientaciya/,Хаб профориентации → /test/
красноярском колледже радиоэлектроники и информационных технологий,3488,C,info,top,g01_kolledzhi_krasnoyarsk,aggregator,Gated — нужны данные,P3,—,Нет реестра СПО (колледжи города)
строительный колледж специальности после 9 класса,3475,C,info,top,c06_specialnosti_posle_9,main,Gated — нужны данные,P3,—,Нет реестра СПО (специальности после 9)
специальности после 9 класса тюмень,3469,C,info,top,c06_specialnosti_posle_9,aggregator,Gated — нужны данные,P3,—,Нет реестра СПО (специальности после 9)
колледж тиу сайт тюмень,3463,C,info,top,g04_kolledzhi_tyumen,aggregator,Gated — нужны данные,P3,—,Нет реестра СПО (колледжи города)
куда поступить после 9 класса в нижнем,3454,C,info,top,c01_kuda_postupat_posle_9,main,Gated — нужны данные,P3,—,Нет реестра СПО (после 9)
куда поступать с физикой и профильной,3439,C,info,top,c15_s_fizikoj,main,Создана посадочная,P3,/kuda-postupat-s-fizikoj/,Перечень Минобрнауки → направления (готово)
куда можно поступить с русским и историей,3434,C,info,top,c11_s_istoriej,main,Создана посадочная,P3,/kuda-postupat-s-istoriej/,Перечень Минобрнауки → направления (готово)
специальности саратов после 9 класса,3425,C,info,top,c06_specialnosti_posle_9,aggregator,Gated — нужны данные,P3,—,Нет реестра СПО (специальности после 9)
тиу колледж тюмень официальный сайт,3418,C,info,top,g04_kolledzhi_tyumen,aggregator,Gated — нужны данные,P3,—,Нет реестра СПО (колледжи города)
специальности после 9 класса оренбург,3410,C,info,top,c06_specialnosti_posle_9,aggregator,Gated — нужны данные,P3,—,Нет реестра СПО (специальности после 9)
куда можно поступить мальчику после 9 класса,3407,C,info,top,c01_kuda_postupat_posle_9,main,Gated — нужны данные,P3,—,Нет реестра СПО (после 9)
центр профориентации,3405,0,commercial,top,p01_proforientaciya,main,Создать новый контент-хаб,P1,/proforientaciya/,Хаб профориентации → /test/
куда поступить учиться после 9 класса,3399,C,info,top,c01_kuda_postupat_posle_9,main,Gated — нужны данные,P3,—,Нет реестра СПО (после 9)
куда поступить с егэ по биологии,3398,C,info,top,c12_s_biologiej,main,Создана посадочная,P3,/kuda-postupat-s-biologiej/,Перечень Минобрнауки → направления (готово)
куда поступать с профильной математикой и физикой,3395,C,info,top,c15_s_fizikoj,main,Создана посадочная,P3,/kuda-postupat-s-fizikoj/,Перечень Минобрнауки → направления (готово)
список профессий 2026,3386,E,info,top,e01_professii_spisok,main,Расширить существующую,P0,/professiya/,Каталог 436 профессий — данные есть
профессии после 9 класса баллы,3377,C,info,top,c03_professii_posle_9,main,Gated — нужны данные,P3,—,Нет данных СПО/уровня после 9
где можно поступить в колледж,3372,C,info,top,c05_postupit_v_kolledzh,both,Gated — нужны данные,P3,—,Нет реестра колледжей (СПО)
как посмотреть списки поступающих в колледж,3364,C,info,top,c05_postupit_v_kolledzh,main,Gated — нужны данные,P3,—,Нет реестра колледжей (СПО)
финансов экономический колледж красноярск,3360,C,info,top,g01_kolledzhi_krasnoyarsk,aggregator,Gated — нужны данные,P3,—,Нет реестра СПО (колледжи города)
финансово экономический колледж красноярск,3359,C,info,top,g01_kolledzhi_krasnoyarsk,aggregator,Gated — нужны данные,P3,—,Нет реестра СПО (колледжи города)
техникумы воронежа после 9 класса воронеж,3350,C,info,assoc,g03_kolledzhi_voronezh,aggregator,Gated — нужны данные,P3,—,Нет реестра СПО (колледжи города)
железнодорожные специальности после 9 класса,3348,C,info,top,c06_specialnosti_posle_9,main,Gated — нужны данные,P3,—,Нет реестра СПО (специальности после 9)
тест на профессию после 9,3348,D,info,top,d05_test_na_professiyu,main,Расширить (раздел хаба),P1,/testy-na-proforientaciyu/,«Тест на профессию» → хаб → /test/
специальности после 9 класса екатеринбург,3332,C,info,top,c06_specialnosti_posle_9,aggregator,Gated — нужны данные,P3,—,Нет реестра СПО (специальности после 9)
куда поступить с русским и географией,3311,C,info,top,c16_s_geografiej,main,Создана посадочная,P3,/kuda-postupat-s-geografiej/,Перечень Минобрнауки → направления (готово)
какие профессии после 9 класса для девушек,3297,C,info,top,c03_professii_posle_9,main,Gated — нужны данные,P3,—,Нет данных СПО/уровня после 9
на какую специальность поступать после 9 класса,3295,C,info,top,c06_specialnosti_posle_9,main,Gated — нужны данные,P3,—,Нет реестра СПО (специальности после 9)
хорошие профессии после 9 класса для девушек,3292,C,info,top,c03_professii_posle_9,main,Gated — нужны данные,P3,—,Нет данных СПО/уровня после 9
специальности после 9 класса волгоград,3292,C,info,top,c06_specialnosti_posle_9,aggregator,Gated — нужны данные,P3,—,Нет реестра СПО (специальности после 9)
шансы поступить в колледж,3287,C,info,top,c05_postupit_v_kolledzh,both,Gated — нужны данные,P3,—,Нет реестра колледжей (СПО)
2ip ru тест,3278,D,info,assoc,p04_prof_online,main,Расширить (раздел хаба),P1,/proforientaciya/,«Онлайн» → /test/
специальности после 9 класса омск,3267,C,info,top,c06_specialnosti_posle_9,aggregator,Gated — нужны данные,P3,—,Нет реестра СПО (специальности после 9)
куда можно поступить с егэ по обществознанию,3258,C,info,top,c10_s_obschestvoznaniem,main,Создана посадочная,P3,/kuda-postupat-s-obshchestvoznaniem/,Перечень Минобрнауки → направления (готово)
в какой вуз можно поступить после колледжа,3246,C,info,top,c05_postupit_v_kolledzh,main,Gated — нужны данные,P3,—,Нет реестра колледжей (СПО)
специальности после 9 класса москва,3245,C,info,top,c06_specialnosti_posle_9,aggregator,Gated — нужны данные,P3,—,Нет реестра СПО (специальности после 9)
специальности обучения после 9 класса,3238,C,info,top,c06_specialnosti_posle_9,main,Gated — нужны данные,P3,—,Нет реестра СПО (специальности после 9)
колледж красноярск специальности,3236,C,info,top,g01_kolledzhi_krasnoyarsk,aggregator,Gated — нужны данные,P3,—,Нет реестра СПО (колледжи города)
иркутский авиационный техникум,3234,C,info,assoc,g05_kolledzhi_irkutsk,aggregator,Gated — нужны данные,P3,—,Нет реестра СПО (колледжи города)
колледж предпринимательства и сервиса пермь,3231,C,info,top,g02_kolledzhi_perm,aggregator,Gated — нужны данные,P3,—,Нет реестра СПО (колледжи города)
куда поступить после 9 класса ижевск,3218,C,info,top,c01_kuda_postupat_posle_9,aggregator,Gated — нужны данные,P3,—,Нет реестра СПО (после 9)
как поступить в егэ после колледжа,3216,C,info,top,c05_postupit_v_kolledzh,main,Gated — нужны данные,P3,—,Нет реестра колледжей (СПО)
куда можно поступить с историей и обществознанием,3213,C,info,top,c10_s_obschestvoznaniem,main,Создана посадочная,P3,/kuda-postupat-s-obshchestvoznaniem/,Перечень Минобрнауки → направления (готово)
востребованные профессии на ближайшие 10 лет,3213,E,info,top,e02_vostrebovannye,main,Контент-хаб без рейтинга,P1,/professiya/ (раздел),Нет данных о спросе (hh заблокирован) — не ранжируем
как поступить на целевое обучение,3211,C,info,assoc,c01_kuda_postupat_posle_9,main,Gated — нужны данные,P3,—,Нет реестра СПО (после 9)
колледжи воронежа специальности,3192,C,info,top,g03_kolledzhi_voronezh,aggregator,Gated — нужны данные,P3,—,Нет реестра СПО (колледжи города)
специальности после 9 класса колледж для девушек,3181,C,info,top,c06_specialnosti_posle_9,main,Gated — нужны данные,P3,—,Нет реестра СПО (специальности после 9)
колледж самары после 9 класса специальности,3180,C,info,top,c06_specialnosti_posle_9,aggregator,Gated — нужны данные,P3,—,Нет реестра СПО (специальности после 9)
профессии после 9 класса 2026,3175,C,info,top,c03_professii_posle_9,main,Gated — нужны данные,P3,—,Нет данных СПО/уровня после 9
10 востребованных профессий в россии,3173,E,info,top,e02_vostrebovannye,main,Контент-хаб без рейтинга,P1,/professiya/ (раздел),Нет данных о спросе (hh заблокирован) — не ранжируем
торговый колледж пермь,3149,C,info,top,g02_kolledzhi_perm,aggregator,Gated — нужны данные,P3,—,Нет реестра СПО (колледжи города)
какая профориентация,3143,0,info,top,p01_proforientaciya,main,Создать новый контент-хаб,P1,/proforientaciya/,Хаб профориентации → /test/
получить профессию после 9 класса,3141,C,info,top,c03_professii_posle_9,main,Gated — нужны данные,P3,—,Нет данных СПО/уровня после 9
куда поступать с историей и обществом,3130,C,info,top,c11_s_istoriej,main,Создана посадочная,P3,/kuda-postupat-s-istoriej/,Перечень Минобрнауки → направления (готово)
куда поступить с тройками после 9 класса,3129,C,info,top,c01_kuda_postupat_posle_9,main,Gated — нужны данные,P3,—,Нет реестра СПО (после 9)
специальности после 9 класса чебоксары,3127,C,info,top,c06_specialnosti_posle_9,aggregator,Gated — нужны данные,P3,—,Нет реестра СПО (специальности после 9)
техникум это какое образование,3120,C,info,assoc,c05_postupit_v_kolledzh,main,Gated — нужны данные,P3,—,Нет реестра колледжей (СПО)
в какой колледж можно поступить после 11,3114,C,info,top,c05_postupit_v_kolledzh,main,Gated — нужны данные,P3,—,Нет реестра колледжей (СПО)
куда можно поступить с русским и химией,3114,C,info,top,c14_s_himiej,main,Создана посадочная,P3,/kuda-postupat-s-himiej/,Перечень Минобрнауки → направления (готово)
специальности для мальчиков после 9 класса,3112,C,info,top,c06_specialnosti_posle_9,main,Gated — нужны данные,P3,—,Нет реестра СПО (специальности после 9)
как поступить в колледж после 11 класса,3107,C,info,top,c05_postupit_v_kolledzh,both,Gated — нужны данные,P3,—,Нет реестра колледжей (СПО)
куда поступить после 9 класса в екатеринбурге,3100,C,info,top,c01_kuda_postupat_posle_9,aggregator,Gated — нужны данные,P3,—,Нет реестра СПО (после 9)
как поступить в университет после колледжа,3099,C,info,top,c05_postupit_v_kolledzh,main,Gated — нужны данные,P3,—,Нет реестра колледжей (СПО)
профориентация тест 9,3086,D,info,top,d01_test_na_proforientaciyu,main,Создать новый контент-хаб,P1,/testy-na-proforientaciyu/,Хаб о тестах → /test/ (SERP: формат-статья достижим)
на какие специальности можно поступить в колледж,3085,C,info,top,c05_postupit_v_kolledzh,both,Gated — нужны данные,P3,—,Нет реестра колледжей (СПО)
саратов колледжи после 9 класса специальности,3080,C,info,top,c06_specialnosti_posle_9,aggregator,Gated — нужны данные,P3,—,Нет реестра СПО (специальности после 9)
колледж транспорта иркутск,3073,C,info,top,g05_kolledzhi_irkutsk,aggregator,Gated — нужны данные,P3,—,Нет реестра СПО (колледжи города)
педагогический колледж иркутск,3068,C,info,top,g05_kolledzhi_irkutsk,aggregator,Gated — нужны данные,P3,—,Нет реестра СПО (колледжи города)
поступить в государственный колледж,3067,C,info,top,c05_postupit_v_kolledzh,main,Gated — нужны данные,P3,—,Нет реестра колледжей (СПО)
профориентация тест на профессию,3067,D,info,top,d01_test_na_proforientaciyu,main,Создать новый контент-хаб,P1,/testy-na-proforientaciyu/,Хаб о тестах → /test/ (SERP: формат-статья достижим)
пермь поступления колледж,3065,C,info,top,g02_kolledzhi_perm,aggregator,Gated — нужны данные,P3,—,Нет реестра СПО (колледжи города)
куда поступить на бюджет девушке,3062,C,info,top,c08_kuda_postupat_devushke,main,Контент/фильтр (не дубль),P2,/kuda-postupat-posle-11-klassa/#devushke,Гендер-срез после 11
куда можно поступить с биологией и математикой,3050,C,info,top,c12_s_biologiej,main,Создана посадочная,P3,/kuda-postupat-s-biologiej/,Перечень Минобрнауки → направления (готово)
поступи иркутск колледж,3049,C,info,top,c05_postupit_v_kolledzh,aggregator,Gated — нужны данные,P3,—,Нет реестра колледжей (СПО)
колледжи куда можно поступить после 9 класса,3046,C,info,top,c01_kuda_postupat_posle_9,main,Gated — нужны данные,P3,—,Нет реестра СПО (после 9)
бюджетные колледжи перми,3037,C,info,top,g02_kolledzhi_perm,aggregator,Gated — нужны данные,P3,—,Нет реестра СПО (колледжи города)
поступить в колледж екатеринбург,3026,C,info,top,c05_postupit_v_kolledzh,aggregator,Gated — нужны данные,P3,—,Нет реестра колледжей (СПО)
куда поступить с биологией химией и русским,3013,C,info,top,c12_s_biologiej,main,Создана посадочная,P3,/kuda-postupat-s-biologiej/,Перечень Минобрнауки → направления (готово)
куда поступить с биологией математикой и русским,3012,C,info,top,c12_s_biologiej,main,Создана посадочная,P3,/kuda-postupat-s-biologiej/,Перечень Минобрнауки → направления (готово)
куда поступить после 11 класса колледж,3004,C,info,top,c02_kuda_postupat_posle_11,main,Создать новый контент-хаб,P2,/kuda-postupat-posle-11-klassa/,После 11 → вузы/направления (данные есть)
куда поступать после 9 класса справкой,3001,C,info,top,c01_kuda_postupat_posle_9,main,Gated — нужны данные,P3,—,Нет реестра СПО (после 9)
колледж после 9 тюмень специальности,2998,C,info,top,g04_kolledzhi_tyumen,aggregator,Gated — нужны данные,P3,—,Нет реестра СПО (колледжи города)
авиационный колледж пермь,2996,C,info,top,g02_kolledzhi_perm,aggregator,Gated — нужны данные,P3,—,Нет реестра СПО (колледжи города)
куда поступать с географией и математикой,2989,C,info,top,c16_s_geografiej,main,Создана посадочная,P3,/kuda-postupat-s-geografiej/,Перечень Минобрнауки → направления (готово)
колледжи красноярска баллы,2989,C,info,top,g01_kolledzhi_krasnoyarsk,aggregator,Gated — нужны данные,P3,—,Нет реестра СПО (колледжи города)
тест на профессию 9 класс,2984,D,info,top,c03_professii_posle_9,main,Gated — нужны данные,P3,—,Нет данных СПО/уровня после 9
поступить в колледж на базе 11,2976,C,info,top,c05_postupit_v_kolledzh,both,Gated — нужны данные,P3,—,Нет реестра колледжей (СПО)
как поступить в мед колледж,2972,C,info,top,c05_postupit_v_kolledzh,main,Gated — нужны данные,P3,—,Нет реестра колледжей (СПО)
фмза тестирование,2970,D,info,assoc,d05_test_na_professiyu,main,Расширить (раздел хаба),P1,/testy-na-proforientaciyu/,«Тест на профессию» → хаб → /test/
пкпс пермь колледж,2967,C,info,top,g02_kolledzhi_perm,aggregator,Gated — нужны данные,P3,—,Нет реестра СПО (колледжи города)
колледж крутовского красноярск,2966,C,info,top,g01_kolledzhi_krasnoyarsk,aggregator,Gated — нужны данные,P3,—,Нет реестра СПО (колледжи города)
мед колледж красноярск,2963,C,info,top,g01_kolledzhi_krasnoyarsk,aggregator,Gated — нужны данные,P3,—,Нет реестра СПО (колледжи города)
поступить в колледж очно,2960,C,info,top,c05_postupit_v_kolledzh,both,Gated — нужны данные,P3,—,Нет реестра колледжей (СПО)
аграрный после 9 класса специальности,2959,C,info,top,c06_specialnosti_posle_9,main,Gated — нужны данные,P3,—,Нет реестра СПО (специальности после 9)
поступить в колледж после 10,2952,C,info,top,c05_postupit_v_kolledzh,both,Gated — нужны данные,P3,—,Нет реестра колледжей (СПО)
сколько баллов чтобы поступить в колледж,2946,C,info,top,c05_postupit_v_kolledzh,both,Gated — нужны данные,P3,—,Нет реестра колледжей (СПО)
специальности колледжей москвы после 9 класса,2942,C,info,top,c06_specialnosti_posle_9,aggregator,Gated — нужны данные,P3,—,Нет реестра СПО (специальности после 9)
поступить в колледж уфа,2934,C,info,top,c05_postupit_v_kolledzh,aggregator,Gated — нужны данные,P3,—,Нет реестра колледжей (СПО)
профориентация в школе,2908,0,info,top,p01_proforientaciya,main,Создать новый контент-хаб,P1,/proforientaciya/,Хаб профориентации → /test/
куда поступить после 11 с информатикой,2900,C,info,top,c13_s_informatikoj,main,Создана посадочная,P3,/kuda-postupat-s-informatikoj/,Перечень Минобрнауки → направления (готово)
колледж славянова пермь,2900,C,info,top,g02_kolledzhi_perm,aggregator,Gated — нужны данные,P3,—,Нет реестра СПО (колледжи города)
можно ли поступить в 2 колледжа,2893,C,info,top,c05_postupit_v_kolledzh,main,Gated — нужны данные,P3,—,Нет реестра колледжей (СПО)
строительный колледж воронеж,2893,C,info,top,g03_kolledzhi_voronezh,aggregator,Gated — нужны данные,P3,—,Нет реестра СПО (колледжи города)
куда можно после 9 класса профессии,2887,C,info,top,c03_professii_posle_9,main,Gated — нужны данные,P3,—,Нет данных СПО/уровня после 9
куда поступить после 11 класса по егэ,2886,C,info,top,c02_kuda_postupat_posle_11,main,Создать новый контент-хаб,P2,/kuda-postupat-posle-11-klassa/,После 11 → вузы/направления (данные есть)
куда можно поступать с физикой и математикой,2885,C,info,top,c15_s_fizikoj,main,Создана посадочная,P3,/kuda-postupat-s-fizikoj/,Перечень Минобрнауки → направления (готово)
поступить после 11 класса профессии,2884,C,info,top,c04_professii_posle_11,main,Расширить существующую,P2,/professiya/ + хаб-11,Профессии после 11 → каталог/направления
пермь колледж 11 класс,2875,C,info,top,g02_kolledzhi_perm,aggregator,Gated — нужны данные,P3,—,Нет реестра СПО (колледжи города)
мед колледж иркутск,2864,C,info,top,g05_kolledzhi_irkutsk,aggregator,Gated — нужны данные,P3,—,Нет реестра СПО (колледжи города)
специальности после 9 класса ставрополь,2863,C,info,top,c06_specialnosti_posle_9,aggregator,Gated — нужны данные,P3,—,Нет реестра СПО (специальности после 9)
поступить в колледж омск,2856,C,info,top,c05_postupit_v_kolledzh,aggregator,Gated — нужны данные,P3,—,Нет реестра колледжей (СПО)
колледжи тюмени после 9 класса специальности тюмень,2856,C,info,top,c06_specialnosti_posle_9,aggregator,Gated — нужны данные,P3,—,Нет реестра СПО (специальности после 9)
сайт профессий после 9 класса,2851,C,info,top,c03_professii_posle_9,main,Gated — нужны данные,P3,—,Нет данных СПО/уровня после 9
куда можно поступить с профильным обществознанием,2850,C,info,top,c10_s_obschestvoznaniem,main,Создана посадочная,P3,/kuda-postupat-s-obshchestvoznaniem/,Перечень Минобрнауки → направления (готово)
куда поступить с егэ химия биология,2848,C,info,top,c12_s_biologiej,main,Создана посадочная,P3,/kuda-postupat-s-biologiej/,Перечень Минобрнауки → направления (готово)
колледж тюмень бюджет,2843,C,info,top,g04_kolledzhi_tyumen,aggregator,Gated — нужны данные,P3,—,Нет реестра СПО (колледжи города)
темы профессии будущего,2835,E,info,top,e04_professii_buduschego,main,Контент-хаб без рейтинга,P1,/professiya/ (раздел),Нет данных прогноза — контент без рейтинга
поступить в колледж краснодар,2823,C,info,top,c05_postupit_v_kolledzh,aggregator,Gated — нужны данные,P3,—,Нет реестра колледжей (СПО)
колледжи перми бюджет,2822,C,info,top,g02_kolledzhi_perm,aggregator,Gated — нужны данные,P3,—,Нет реестра СПО (колледжи города)
списки поступивших в медицинский колледж,2812,C,info,top,c05_postupit_v_kolledzh,main,Gated — нужны данные,P3,—,Нет реестра колледжей (СПО)
куда поступить после 11 с географией,2804,C,info,top,c16_s_geografiej,main,Создана посадочная,P3,/kuda-postupat-s-geografiej/,Перечень Минобрнауки → направления (готово)
профессии будущего москва,2803,E,info,top,e04_professii_buduschego,aggregator,Контент-хаб без рейтинга,P1,/professiya/ (раздел),Нет данных прогноза — контент без рейтинга
список специальностей в колледжах после 9 класса,2795,C,info,top,c06_specialnosti_posle_9,aggregator,Gated — нужны данные,P3,—,Нет реестра СПО (специальности после 9)
список вредных профессий,2787,E,info,top,e01_professii_spisok,main,Расширить существующую,P0,/professiya/,Каталог 436 профессий — данные есть
куда можно поступить после 11 с историей,2780,C,info,top,c11_s_istoriej,main,Создана посадочная,P3,/kuda-postupat-s-istoriej/,Перечень Минобрнауки → направления (готово)
куда поступить в уфе после 9 класса,2777,C,info,top,c01_kuda_postupat_posle_9,aggregator,Gated — нужны данные,P3,—,Нет реестра СПО (после 9)
сестринское дело поступить в колледж,2775,C,info,top,c05_postupit_v_kolledzh,both,Gated — нужны данные,P3,—,Нет реестра колледжей (СПО)
куда лучше поступать после 9 класса,2769,C,info,top,c01_kuda_postupat_posle_9,main,Gated — нужны данные,P3,—,Нет реестра СПО (после 9)
профессии список для девушек,2761,E,info,top,e01_professii_spisok,main,Расширить существующую,P0,/professiya/,Каталог 436 профессий — данные есть
где списки поступивших в колледж,2759,C,info,top,c05_postupit_v_kolledzh,main,Gated — нужны данные,P3,—,Нет реестра колледжей (СПО)
колледж иркутск специальности,2756,C,info,top,g05_kolledzhi_irkutsk,aggregator,Gated — нужны данные,P3,—,Нет реестра СПО (колледжи города)
куда поступить после 11 в колледж,2750,C,info,top,c05_postupit_v_kolledzh,main,Gated — нужны данные,P3,—,Нет реестра колледжей (СПО)
куда поступить со справкой после 9 класса,2746,C,info,top,c01_kuda_postupat_posle_9,main,Gated — нужны данные,P3,—,Нет реестра СПО (после 9)
омск колледжи после 9 класса специальности,2744,C,info,top,c06_specialnosti_posle_9,aggregator,Gated — нужны данные,P3,—,Нет реестра СПО (специальности после 9)
на кого можно пойти учиться после 9,2742,C,info,top,b04_na_kogo_pojti_uchitsya,main,Создать новый контент-хаб,P1,/kak-vybrat-professiyu/,ВЧ-инфо → хаб выбора + каталоги + /test/
востребованные профессии в россии на ближайшие,2737,E,info,top,e02_vostrebovannye,main,Контент-хаб без рейтинга,P1,/professiya/ (раздел),Нет данных о спросе (hh заблокирован) — не ранжируем
специальности после 9 класса краснодар,2736,C,info,top,c06_specialnosti_posle_9,aggregator,Gated — нужны данные,P3,—,Нет реестра СПО (специальности после 9)
поступить в колледж на базе 11 классов,2732,C,info,top,c05_postupit_v_kolledzh,both,Gated — нужны данные,P3,—,Нет реестра колледжей (СПО)
востребованные профессии ближайшие 10 лет в россии,2727,E,info,top,e02_vostrebovannye,main,Контент-хаб без рейтинга,P1,/professiya/ (раздел),Нет данных о спросе (hh заблокирован) — не ранжируем
куда поступить с литературой и обществознанием,2718,C,info,top,c10_s_obschestvoznaniem,main,Создана посадочная,P3,/kuda-postupat-s-obshchestvoznaniem/,Перечень Минобрнауки → направления (готово)
поступить в колледж г,2710,C,info,top,c05_postupit_v_kolledzh,both,Gated — нужны данные,P3,—,Нет реестра колледжей (СПО)
профориентация тест на выбор профессии,2705,D,info,top,d01_test_na_proforientaciyu,main,Создать новый контент-хаб,P1,/testy-na-proforientaciyu/,Хаб о тестах → /test/ (SERP: формат-статья достижим)
возможно ли поступить в колледж,2699,C,info,top,c05_postupit_v_kolledzh,both,Gated — нужны данные,P3,—,Нет реестра колледжей (СПО)
колледжи строительства иркутск,2699,C,info,top,g05_kolledzhi_irkutsk,aggregator,Gated — нужны данные,P3,—,Нет реестра СПО (колледжи города)
востребованные и высокооплачиваемые профессии,2687,E,info,top,e02_vostrebovannye,main,Контент-хаб без рейтинга,P1,/professiya/ (раздел),Нет данных о спросе (hh заблокирован) — не ранжируем
на какую профессию пойти после 9 класса,2684,C,info,top,c03_professii_posle_9,main,Gated — нужны данные,P3,—,Нет данных СПО/уровня после 9
колледж красноярск поступление,2676,C,info,top,g01_kolledzhi_krasnoyarsk,aggregator,Gated — нужны данные,P3,—,Нет реестра СПО (колледжи города)
ранняя профориентация,2667,0,info,top,p01_proforientaciya,main,Создать новый контент-хаб,P1,/proforientaciya/,Хаб профориентации → /test/
поступить в колледж на психолога,2662,C,info,top,c05_postupit_v_kolledzh,both,Gated — нужны данные,P3,—,Нет реестра колледжей (СПО)
куда поступать с биологией и обществознанием,2660,C,info,top,c10_s_obschestvoznaniem,main,Создана посадочная,P3,/kuda-postupat-s-obshchestvoznaniem/,Перечень Минобрнауки → направления (готово)
куда поступить с физикой и русским,2660,C,info,top,c15_s_fizikoj,main,Создана посадочная,P3,/kuda-postupat-s-fizikoj/,Перечень Минобрнауки → направления (готово)
славяновский колледж пермь,2655,C,info,top,g02_kolledzhi_perm,aggregator,Gated — нужны данные,P3,—,Нет реестра СПО (колледжи города)
тест на профессию онлайн,2649,D,commercial,top,d05_test_na_professiyu,main,Расширить (раздел хаба),P1,/testy-na-proforientaciyu/,«Тест на профессию» → хаб → /test/
куда поступать с информатикой и профильной,2645,C,info,top,c13_s_informatikoj,main,Создана посадочная,P3,/kuda-postupat-s-informatikoj/,Перечень Минобрнауки → направления (готово)
мед колледж воронеж,2634,C,info,top,g03_kolledzhi_voronezh,aggregator,Gated — нужны данные,P3,—,Нет реестра СПО (колледжи города)
колледж волгоград после 9 класса специальности,2627,C,info,top,c06_specialnosti_posle_9,aggregator,Gated — нужны данные,P3,—,Нет реестра СПО (специальности после 9)
востребованные профессии в россии на ближайшие годы,2624,E,info,top,e02_vostrebovannye,main,Контент-хаб без рейтинга,P1,/professiya/ (раздел),Нет данных о спросе (hh заблокирован) — не ранжируем
куда поступить в тюмени после 9 класса,2622,C,info,top,c01_kuda_postupat_posle_9,aggregator,Gated — нужны данные,P3,—,Нет реестра СПО (после 9)
модель профориентации,2616,0,info,top,p01_proforientaciya,main,Создать новый контент-хаб,P1,/proforientaciya/,Хаб профориентации → /test/
красноярский медицинский техникум,2610,C,info,assoc,g01_kolledzhi_krasnoyarsk,aggregator,Gated — нужны данные,P3,—,Нет реестра СПО (колледжи города)
оренбург колледжи после 9 класса специальности,2608,C,info,top,c06_specialnosti_posle_9,aggregator,Gated — нужны данные,P3,—,Нет реестра СПО (специальности после 9)
куда поступать с информатикой и профильной математикой,2604,C,info,top,c13_s_informatikoj,main,Создана посадочная,P3,/kuda-postupat-s-informatikoj/,Перечень Минобрнауки → направления (готово)
аэрокосмический колледж красноярск официальный,2583,C,info,top,g01_kolledzhi_krasnoyarsk,aggregator,Gated — нужны данные,P3,—,Нет реестра СПО (колледжи города)
куда можно поступать после 9 класса девочке,2576,C,info,top,c01_kuda_postupat_posle_9,main,Gated — нужны данные,P3,—,Нет реестра СПО (после 9)
9 классов какое образование считается,2572,C,info,assoc,c16_s_geografiej,main,Создана посадочная,P3,/kuda-postupat-s-geografiej/,Перечень Минобрнауки → направления (готово)
с химией куда можно поступить после 11,2564,C,info,top,c14_s_himiej,main,Создана посадочная,P3,/kuda-postupat-s-himiej/,Перечень Минобрнауки → направления (готово)
специальности после 9 класса ростов,2555,C,info,top,c06_specialnosti_posle_9,aggregator,Gated — нужны данные,P3,—,Нет реестра СПО (специальности после 9)
тест голланда,2553,D,info,top,d07_test_gollanda,main,Создать статью в хабе,P1,/testy-na-proforientaciyu/test-gollanda/,Именованная методика (RIASEC — рабочее название)
год профориентации,2537,0,info,top,p01_proforientaciya,main,Создать новый контент-хаб,P1,/proforientaciya/,Хаб профориентации → /test/
поступить в колледж на стоматолога,2532,C,info,top,c05_postupit_v_kolledzh,both,Gated — нужны данные,P3,—,Нет реестра колледжей (СПО)
документы чтобы поступить в колледж,2532,C,info,top,c05_postupit_v_kolledzh,both,Gated — нужны данные,P3,—,Нет реестра колледжей (СПО)
как поступить в колледж через госуслуги,2531,C,commercial,top,c05_postupit_v_kolledzh,both,Gated — нужны данные,P3,—,Нет реестра колледжей (СПО)
дорама в имперский колледж поступает,2524,C,info,top,c05_postupit_v_kolledzh,main,Gated — нужны данные,P3,—,Нет реестра колледжей (СПО)
какие профессии можно пойти после 9 класса,2513,C,info,top,c03_professii_posle_9,main,Gated — нужны данные,P3,—,Нет данных СПО/уровня после 9
колледжи воронежа после 11,2501,C,info,top,g03_kolledzhi_voronezh,aggregator,Gated — нужны данные,P3,—,Нет реестра СПО (колледжи города)
куда поступить в барнауле после 9 класса,2493,C,info,top,c01_kuda_postupat_posle_9,aggregator,Gated — нужны данные,P3,—,Нет реестра СПО (после 9)
куда поступить после 9 класса в иркутске,2492,C,info,top,c01_kuda_postupat_posle_9,aggregator,Gated — нужны данные,P3,—,Нет реестра СПО (после 9)
11 востребованных профессий,2490,E,info,top,e02_vostrebovannye,main,Контент-хаб без рейтинга,P1,/professiya/ (раздел),Нет данных о спросе (hh заблокирован) — не ранжируем
тест на какую профессию,2489,D,info,top,d05_test_na_professiyu,main,Расширить (раздел хаба),P1,/testy-na-proforientaciyu/,«Тест на профессию» → хаб → /test/
дорама в имперский колледж поступает ученица,2483,C,info,top,c05_postupit_v_kolledzh,main,Gated — нужны данные,P3,—,Нет реестра колледжей (СПО)
как поступить в колледж в 2026,2475,C,info,top,c05_postupit_v_kolledzh,both,Gated — нужны данные,P3,—,Нет реестра колледжей (СПО)
куда можно поступить с математикой и информатикой,2475,C,info,top,c13_s_informatikoj,main,Создана посадочная,P3,/kuda-postupat-s-informatikoj/,Перечень Минобрнауки → направления (готово)
политехнический колледж воронеж,2474,C,info,top,g03_kolledzhi_voronezh,aggregator,Gated — нужны данные,P3,—,Нет реестра СПО (колледжи города)
куда поступить после 11 класса с химией,2470,C,info,top,c02_kuda_postupat_posle_11,main,Создать новый контент-хаб,P2,/kuda-postupat-posle-11-klassa/,После 11 → вузы/направления (данные есть)
куда поступить в омске после 9 класса,2463,C,info,top,c01_kuda_postupat_posle_9,aggregator,Gated — нужны данные,P3,—,Нет реестра СПО (после 9)
какое образование получают в колледже,2459,C,info,assoc,c01_kuda_postupat_posle_9,main,Gated — нужны данные,P3,—,Нет реестра СПО (после 9)
поступить в бюджетный колледж,2455,C,info,top,c05_postupit_v_kolledzh,both,Gated — нужны данные,P3,—,Нет реестра колледжей (СПО)
востребованные профессии в россии на ближайшие 10,2450,E,info,top,e02_vostrebovannye,main,Контент-хаб без рейтинга,P1,/professiya/ (раздел),Нет данных о спросе (hh заблокирован) — не ранжируем
куда поступить с егэ русский и биология,2447,C,info,top,c12_s_biologiej,main,Создана посадочная,P3,/kuda-postupat-s-biologiej/,Перечень Минобрнауки → направления (готово)
поступить в колледж на лечебное дело,2442,C,info,top,c05_postupit_v_kolledzh,both,Gated — нужны данные,P3,—,Нет реестра колледжей (СПО)
юзгу специальности,2441,E,info,assoc,e04_professii_buduschego,main,Контент-хаб без рейтинга,P1,/professiya/ (раздел),Нет данных прогноза — контент без рейтинга
какая профессия самая востребованная,2436,E,info,top,e02_vostrebovannye,main,Контент-хаб без рейтинга,P1,/professiya/ (раздел),Нет данных о спросе (hh заблокирован) — не ранжируем
профессии связанные после 9 класса,2434,C,info,top,c03_professii_posle_9,main,Gated — нужны данные,P3,—,Нет данных СПО/уровня после 9
поступить в петербург колледж,2433,C,info,top,c05_postupit_v_kolledzh,main,Gated — нужны данные,P3,—,Нет реестра колледжей (СПО)
техникумы колледжи после 9 класса специальности,2430,C,info,top,c06_specialnosti_posle_9,main,Gated — нужны данные,P3,—,Нет реестра СПО (специальности после 9)
профориентация это,2429,0,info,assoc,d01_test_na_proforientaciyu,main,Создать новый контент-хаб,P1,/testy-na-proforientaciyu/,Хаб о тестах → /test/ (SERP: формат-статья достижим)
радиотехнический колледж пермь,2429,C,info,top,g02_kolledzhi_perm,aggregator,Gated — нужны данные,P3,—,Нет реестра СПО (колледжи города)
колледжи красноярска на базе,2428,C,info,top,g01_kolledzhi_krasnoyarsk,aggregator,Gated — нужны данные,P3,—,Нет реестра СПО (колледжи города)
поступить в колледж с дипломом колледжа,2427,C,info,top,c05_postupit_v_kolledzh,both,Gated — нужны данные,P3,—,Нет реестра колледжей (СПО)
сайт аэрокосмического колледжа красноярск,2423,C,info,top,g01_kolledzhi_krasnoyarsk,aggregator,Gated — нужны данные,P3,—,Нет реестра СПО (колледжи города)
профессиональная профориентация,2423,0,info,top,p01_proforientaciya,main,Создать новый контент-хаб,P1,/proforientaciya/,Хаб профориентации → /test/
в какой мед колледж поступить,2420,C,info,top,c05_postupit_v_kolledzh,main,Gated — нужны данные,P3,—,Нет реестра колледжей (СПО)
куда можно поступить после 9 класса новосибирск,2417,C,info,top,c01_kuda_postupat_posle_9,aggregator,Gated — нужны данные,P3,—,Нет реестра СПО (после 9)
специальности после 9 класса барнаул,2416,C,info,top,c06_specialnosti_posle_9,aggregator,Gated — нужны данные,P3,—,Нет реестра СПО (специальности после 9)
куда поступить после 9 класса без аттестата,2413,C,info,top,c01_kuda_postupat_posle_9,main,Gated — нужны данные,P3,—,Нет реестра СПО (после 9)
специальности в техникуме после 9 класса,2413,C,info,top,c06_specialnosti_posle_9,main,Gated — нужны данные,P3,—,Нет реестра СПО (специальности после 9)
торгово технологический колледж пермь,2398,C,info,top,g02_kolledzhi_perm,aggregator,Gated — нужны данные,P3,—,Нет реестра СПО (колледжи города)
куда поступать после 11 класса с обществом,2397,C,info,top,c02_kuda_postupat_posle_11,main,Создать новый контент-хаб,P2,/kuda-postupat-posle-11-klassa/,После 11 → вузы/направления (данные есть)
колледжи иркутска право,2393,C,info,top,g05_kolledzhi_irkutsk,aggregator,Gated — нужны данные,P3,—,Нет реестра СПО (колледжи города)
куда поступить после 9 класса в москве,2390,C,info,top,c01_kuda_postupat_posle_9,aggregator,Gated — нужны данные,P3,—,Нет реестра СПО (после 9)
аэрокосмический колледж красноярск официальный сайт,2382,C,info,top,g01_kolledzhi_krasnoyarsk,aggregator,Gated — нужны данные,P3,—,Нет реестра СПО (колледжи города)
профориентация 2026,2382,0,info,top,p01_proforientaciya,main,Создать новый контент-хаб,P1,/proforientaciya/,Хаб профориентации → /test/
в какой колледж поступить в москве,2378,C,info,top,c05_postupit_v_kolledzh,aggregator,Gated — нужны данные,P3,—,Нет реестра колледжей (СПО)
в какой институт можно поступить после колледжа,2376,C,info,top,c05_postupit_v_kolledzh,main,Gated — нужны данные,P3,—,Нет реестра колледжей (СПО)
факультеты и специальности после 9 класса,2375,C,info,top,c06_specialnosti_posle_9,main,Gated — нужны данные,P3,—,Нет реестра СПО (специальности после 9)
единая профориентация,2375,0,info,top,p01_proforientaciya,main,Создать новый контент-хаб,P1,/proforientaciya/,Хаб профориентации → /test/
куда поступить парню,2366,C,info,top,c09_kuda_postupat_parnyu,main,Контент/фильтр (не дубль),P2,/kuda-postupat-posle-11-klassa/#parnyu,Гендер-срез после 11
в колледже поступила девушка,2359,C,info,top,c05_postupit_v_kolledzh,main,Gated — нужны данные,P3,—,Нет реестра колледжей (СПО)
куда поступить после 9 класса в 2026,2350,C,info,top,c01_kuda_postupat_posle_9,main,Gated — нужны данные,P3,—,Нет реестра СПО (после 9)
куда поступить девушке после 11,2348,C,info,top,c08_kuda_postupat_devushke,main,Контент/фильтр (не дубль),P2,/kuda-postupat-posle-11-klassa/#devushke,Гендер-срез после 11
поступить в колледж казань,2338,C,info,top,c05_postupit_v_kolledzh,aggregator,Gated — нужны данные,P3,—,Нет реестра колледжей (СПО)
юридический колледж красноярск,2338,C,info,top,g01_kolledzhi_krasnoyarsk,aggregator,Gated — нужны данные,P3,—,Нет реестра СПО (колледжи города)
губернский колледж воронеж,2336,C,info,top,g03_kolledzhi_voronezh,aggregator,Gated — нужны данные,P3,—,Нет реестра СПО (колледжи города)
работа список профессий,2334,E,info,top,e01_professii_spisok,main,Расширить существующую,P0,/professiya/,Каталог 436 профессий — данные есть
какая профессия самая высокооплачиваемая,2333,E,info,top,e03_vysokooplachivaemye,main,Создать новую посадочную (рейтинг),P0,/professii-vysokooplachivaemye/,Рейтинг по зарплатам Росстата окт-2025 — данные есть
поступить в колледж на юриста,2331,C,info,top,c05_postupit_v_kolledzh,both,Gated — нужны данные,P3,—,Нет реестра колледжей (СПО)
востребованные профессии в россии 2026 год,2323,E,info,top,e02_vostrebovannye,main,Контент-хаб без рейтинга,P1,/professiya/ (раздел),Нет данных о спросе (hh заблокирован) — не ранжируем
поступить в колледж в санкт петербурге,2317,C,info,top,c05_postupit_v_kolledzh,both,Gated — нужны данные,P3,—,Нет реестра колледжей (СПО)
бюджетные колледжи перми после 9,2317,C,info,top,g02_kolledzhi_perm,aggregator,Gated — нужны данные,P3,—,Нет реестра СПО (колледжи города)
байкальский колледж иркутск,2317,C,info,top,g05_kolledzhi_irkutsk,aggregator,Gated — нужны данные,P3,—,Нет реестра СПО (колледжи города)
поступить в колледж ростов,2314,C,info,top,c05_postupit_v_kolledzh,aggregator,Gated — нужны данные,P3,—,Нет реестра колледжей (СПО)
какой балл нужен чтобы поступить в колледж,2309,C,info,top,c05_postupit_v_kolledzh,both,Gated — нужны данные,P3,—,Нет реестра колледжей (СПО)
поступить в университет после колледжа без егэ,2307,C,info,top,c05_postupit_v_kolledzh,main,Gated — нужны данные,P3,—,Нет реестра колледжей (СПО)
выбор будущей профессии,2307,E,info,top,e04_professii_buduschego,main,Контент-хаб без рейтинга,P1,/professiya/ (раздел),Нет данных прогноза — контент без рейтинга
тест на подходящую профессию,2305,D,info,top,d05_test_na_professiyu,main,Расширить (раздел хаба),P1,/testy-na-proforientaciyu/,«Тест на профессию» → хаб → /test/
куда поступать с егэ по истории,2304,C,info,top,c11_s_istoriej,main,Создана посадочная,P3,/kuda-postupat-s-istoriej/,Перечень Минобрнауки → направления (готово)
педагогические специальности после 9 класса,2303,C,info,top,c06_specialnosti_posle_9,main,Gated — нужны данные,P3,—,Нет реестра СПО (специальности после 9)
бви это что при поступлении в вуз,2302,C,info,assoc,c09_kuda_postupat_parnyu,main,Контент/фильтр (не дубль),P2,/kuda-postupat-posle-11-klassa/#parnyu,Гендер-срез после 11
иркутский техникум экономики и права,2298,C,info,assoc,g05_kolledzhi_irkutsk,aggregator,Gated — нужны данные,P3,—,Нет реестра СПО (колледжи города)
колледжи перми бюджетные 9 класс,2294,C,info,top,g02_kolledzhi_perm,aggregator,Gated — нужны данные,P3,—,Нет реестра СПО (колледжи города)
куда поступить с профильной химией,2293,C,info,top,c14_s_himiej,main,Создана посадочная,P3,/kuda-postupat-s-himiej/,Перечень Минобрнауки → направления (готово)
куда можно поступить бесплатно после 9 класса,2291,C,commercial,top,c01_kuda_postupat_posle_9,main,Gated — нужны данные,P3,—,Нет реестра СПО (после 9)
куда поступить в краснодаре после 9 класса,2286,C,info,top,c01_kuda_postupat_posle_9,aggregator,Gated — нужны данные,P3,—,Нет реестра СПО (после 9)
профессии после 9 класса в россии,2282,C,info,top,c03_professii_posle_9,main,Gated — нужны данные,P3,—,Нет данных СПО/уровня после 9
профориентация будущего,2282,0,info,top,p01_proforientaciya,main,Создать новый контент-хаб,P1,/proforientaciya/,Хаб профориентации → /test/
куда поступить после 9 класса в воронеже,2281,C,info,top,c01_kuda_postupat_posle_9,aggregator,Gated — нужны данные,P3,—,Нет реестра СПО (после 9)
куда поступать с егэ по химии,2277,C,info,top,c14_s_himiej,main,Создана посадочная,P3,/kuda-postupat-s-himiej/,Перечень Минобрнауки → направления (готово)
единая модель профориентации,2275,0,info,top,p01_proforientaciya,main,Создать новый контент-хаб,P1,/proforientaciya/,Хаб профориентации → /test/
на кого пойти учиться девушке,2268,B,info,top,b04_na_kogo_pojti_uchitsya,main,Создать новый контент-хаб,P1,/kak-vybrat-professiyu/,ВЧ-инфо → хаб выбора + каталоги + /test/
список профессий после колледжа,2268,C,info,top,e01_professii_spisok,aggregator,Расширить существующую,P0,/professiya/,Каталог 436 профессий — данные есть
климов профориентация,2266,D,info,top,p01_proforientaciya,main,Создать новый контент-хаб,P1,/proforientaciya/,Хаб профориентации → /test/
колледжи пермь на бюджетной основе,2264,C,info,top,g02_kolledzhi_perm,aggregator,Gated — нужны данные,P3,—,Нет реестра СПО (колледжи города)
биология химия куда поступать после 11 класса,2259,C,info,top,c02_kuda_postupat_posle_11,main,Создать новый контент-хаб,P2,/kuda-postupat-posle-11-klassa/,После 11 → вузы/направления (данные есть)
поступить в колледж на 2 курс,2259,C,info,top,c05_postupit_v_kolledzh,both,Gated — нужны данные,P3,—,Нет реестра колледжей (СПО)
поступить в колледж красноярск,2255,C,info,top,c05_postupit_v_kolledzh,aggregator,Gated — нужны данные,P3,—,Нет реестра колледжей (СПО)
куда поступать с историей и математикой,2245,C,info,top,c11_s_istoriej,main,Создана посадочная,P3,/kuda-postupat-s-istoriej/,Перечень Минобрнауки → направления (готово)
топ востребованных профессий,2240,E,info,top,e02_vostrebovannye,main,Контент-хаб без рейтинга,P1,/professiya/ (раздел),Нет данных о спросе (hh заблокирован) — не ранжируем
куда поступить в москве после 11 класса,2236,C,info,top,c02_kuda_postupat_posle_11,aggregator,Создать новый контент-хаб,P2,/kuda-postupat-posle-11-klassa/,После 11 → вузы/направления (данные есть)
профориентация для подростков,2221,0,info,top,p01_proforientaciya,main,Создать новый контент-хаб,P1,/proforientaciya/,Хаб профориентации → /test/
востребованные профессии для мужчин,2212,E,info,top,e02_vostrebovannye,main,Контент-хаб без рейтинга,P1,/professiya/ (раздел),Нет данных о спросе (hh заблокирован) — не ранжируем
колледж пермь отзывы,2209,C,info,top,g02_kolledzhi_perm,aggregator,Gated — нужны данные,P3,—,Нет реестра СПО (колледжи города)
колледж воронеж 11 классов,2203,C,info,top,g03_kolledzhi_voronezh,aggregator,Gated — нужны данные,P3,—,Нет реестра СПО (колледжи города)
список должностей и профессий,2198,E,info,top,e01_professii_spisok,main,Расширить существующую,P0,/professiya/,Каталог 436 профессий — данные есть
в колледж поступает ученица дорама русская,2194,C,info,top,c05_postupit_v_kolledzh,main,Gated — нужны данные,P3,—,Нет реестра колледжей (СПО)
воронежский индустриальный колледж,2193,C,info,assoc,g03_kolledzhi_voronezh,aggregator,Gated — нужны данные,P3,—,Нет реестра СПО (колледжи города)
колледж транспорта и строительства иркутск,2193,C,info,top,g05_kolledzhi_irkutsk,aggregator,Gated — нужны данные,P3,—,Нет реестра СПО (колледжи города)
профессии после 11 класса колледж,2186,C,info,top,c04_professii_posle_11,main,Расширить существующую,P2,/professiya/ + хаб-11,Профессии после 11 → каталог/направления
в какие колледжи лучше поступать,2177,C,info,top,c05_postupit_v_kolledzh,both,Gated — нужны данные,P3,—,Нет реестра колледжей (СПО)
все профессии нужны все профессии важны,2177,0,info,assoc,c09_kuda_postupat_parnyu,main,Контент/фильтр (не дубль),P2,/kuda-postupat-posle-11-klassa/#parnyu,Гендер-срез после 11
поступить в колледж после 9 москва,2175,C,info,top,c05_postupit_v_kolledzh,aggregator,Gated — нужны данные,P3,—,Нет реестра колледжей (СПО)
куда можно поступить после 9 класса красноярск,2159,C,info,top,c01_kuda_postupat_posle_9,aggregator,Gated — нужны данные,P3,—,Нет реестра СПО (после 9)
колледж воронеж поступить,2157,C,info,top,g03_kolledzhi_voronezh,aggregator,Gated — нужны данные,P3,—,Нет реестра СПО (колледжи города)
какие документы чтобы поступить в колледж,2154,C,info,top,c05_postupit_v_kolledzh,both,Gated — нужны данные,P3,—,Нет реестра колледжей (СПО)
в колледж поступают по огэ,2148,C,info,top,c05_postupit_v_kolledzh,main,Gated — нужны данные,P3,—,Нет реестра колледжей (СПО)
список профессий после 11,2140,C,info,top,e01_professii_spisok,main,Расширить существующую,P0,/professiya/,Каталог 436 профессий — данные есть
куда можно поступить с егэ по биологии,2138,C,info,top,c12_s_biologiej,main,Создана посадочная,P3,/kuda-postupat-s-biologiej/,Перечень Минобрнауки → направления (готово)
бпла профессия будущего,2128,E,info,top,e04_professii_buduschego,main,Контент-хаб без рейтинга,P1,/professiya/ (раздел),Нет данных прогноза — контент без рейтинга
куда поступить с физикой математикой и русским,2126,C,info,top,c15_s_fizikoj,main,Создана посадочная,P3,/kuda-postupat-s-fizikoj/,Перечень Минобрнауки → направления (готово)
поступить в колледж ранхигс,2123,C,info,top,c05_postupit_v_kolledzh,both,Gated — нужны данные,P3,—,Нет реестра колледжей (СПО)
колледж при красноярском университете,2123,C,info,top,g01_kolledzhi_krasnoyarsk,aggregator,Gated — нужны данные,P3,—,Нет реестра СПО (колледжи города)
специальности после 9 класса липецк,2120,C,info,top,c06_specialnosti_posle_9,aggregator,Gated — нужны данные,P3,—,Нет реестра СПО (специальности после 9)
ранхигс специальности после 9 класса,2118,C,info,top,c06_specialnosti_posle_9,main,Gated — нужны данные,P3,—,Нет реестра СПО (специальности после 9)
промышленный колледж воронеж,2118,C,info,top,g03_kolledzhi_voronezh,aggregator,Gated — нужны данные,P3,—,Нет реестра СПО (колледжи города)
тест на профессию онлайн бесплатно,2116,D,commercial,top,d05_test_na_professiyu,main,Расширить (раздел хаба),P1,/testy-na-proforientaciyu/,«Тест на профессию» → хаб → /test/
самые высокооплачиваемые профессии 2026,2115,E,info,top,e03_vysokooplachivaemye,main,Создать новую посадочную (рейтинг),P0,/professii-vysokooplachivaemye/,Рейтинг по зарплатам Росстата окт-2025 — данные есть
список льготных профессий,2114,E,info,top,e01_professii_spisok,main,Расширить существующую,P0,/professiya/,Каталог 436 профессий — данные есть
профессии колледжа после 9 класса список,2112,C,info,top,c03_professii_posle_9,main,Gated — нужны данные,P3,—,Нет данных СПО/уровня после 9
куда поступить после 9 класса в казани,2108,C,info,top,c01_kuda_postupat_posle_9,aggregator,Gated — нужны данные,P3,—,Нет реестра СПО (после 9)
куда можно поступить с химией и математикой,2107,C,info,top,c14_s_himiej,main,Создана посадочная,P3,/kuda-postupat-s-himiej/,Перечень Минобрнауки → направления (готово)
поступить в колледж 2025,2103,C,info,top,c05_postupit_v_kolledzh,both,Gated — нужны данные,P3,—,Нет реестра колледжей (СПО)
специальности после 9 класса санкт петербург,2097,C,info,top,c06_specialnosti_posle_9,main,Gated — нужны данные,P3,—,Нет реестра СПО (специальности после 9)
заявление поступающего в колледж,2095,C,info,top,c05_postupit_v_kolledzh,main,Gated — нужны данные,P3,—,Нет реестра колледжей (СПО)
колледжи после 9 класса ростов специальности,2095,C,info,top,c06_specialnosti_posle_9,aggregator,Gated — нужны данные,P3,—,Нет реестра СПО (специальности после 9)
куда поступить с обществознанием и базовой математикой,2094,C,info,top,c10_s_obschestvoznaniem,main,Создана посадочная,P3,/kuda-postupat-s-obshchestvoznaniem/,Перечень Минобрнауки → направления (готово)
на какую профессию поступить в колледж,2091,C,info,top,c05_postupit_v_kolledzh,both,Gated — нужны данные,P3,—,Нет реестра колледжей (СПО)
специальности для девочек после 9 класса,2080,C,info,top,c06_specialnosti_posle_9,main,Gated — нужны данные,P3,—,Нет реестра СПО (специальности после 9)
олимпийский колледж пермь,2075,C,info,top,g02_kolledzhi_perm,aggregator,Gated — нужны данные,P3,—,Нет реестра СПО (колледжи города)
тест на профориентацию для школьников,2074,D,info,top,d01_test_na_proforientaciyu,main,Создать новый контент-хаб,P1,/testy-na-proforientaciyu/,Хаб о тестах → /test/ (SERP: формат-статья достижим)
куда поступить с информатикой русским и математикой,2073,C,info,top,c13_s_informatikoj,main,Создана посадочная,P3,/kuda-postupat-s-informatikoj/,Перечень Минобрнауки → направления (готово)
воронежский политехнический техникум,2066,C,info,assoc,g03_kolledzhi_voronezh,aggregator,Gated — нужны данные,P3,—,Нет реестра СПО (колледжи города)
колледж 2 красноярск,2065,C,info,top,g01_kolledzhi_krasnoyarsk,aggregator,Gated — нужны данные,P3,—,Нет реестра СПО (колледжи города)
сколько баллов нужно чтобы поступить в колледж,2063,C,info,top,c05_postupit_v_kolledzh,both,Gated — нужны данные,P3,—,Нет реестра колледжей (СПО)
профессии куда можно поступить после 9 класса,2056,C,info,top,c01_kuda_postupat_posle_9,main,Gated — нужны данные,P3,—,Нет реестра СПО (после 9)
в колледж поступает ученица русская озвучка,2055,C,info,top,c05_postupit_v_kolledzh,main,Gated — нужны данные,P3,—,Нет реестра колледжей (СПО)
медколледж тюмень,2051,C,info,assoc,g04_kolledzhi_tyumen,aggregator,Gated — нужны данные,P3,—,Нет реестра СПО (колледжи города)
куда поступить после 11 класса с физикой,2050,C,info,top,c02_kuda_postupat_posle_11,main,Создать новый контент-хаб,P2,/kuda-postupat-posle-11-klassa/,После 11 → вузы/направления (данные есть)
специальности после 9 класса рязань,2049,C,info,top,c06_specialnosti_posle_9,aggregator,Gated — нужны данные,P3,—,Нет реестра СПО (специальности после 9)
в какой университет поступить после колледжа,2047,C,info,top,c05_postupit_v_kolledzh,main,Gated — нужны данные,P3,—,Нет реестра колледжей (СПО)
поступить в военный колледж,2045,C,info,top,c05_postupit_v_kolledzh,main,Gated — нужны данные,P3,—,Нет реестра колледжей (СПО)
востребованные профессии 11 класса,2043,C,info,top,c04_professii_posle_11,main,Расширить существующую,P2,/professiya/ + хаб-11,Профессии после 11 → каталог/направления
куда поступить с химией и профильной математикой,2042,C,info,top,c14_s_himiej,main,Создана посадочная,P3,/kuda-postupat-s-himiej/,Перечень Минобрнауки → направления (готово)
колледжи перми после 9 бюджетной основе,2040,C,info,top,g02_kolledzhi_perm,aggregator,Gated — нужны данные,P3,—,Нет реестра СПО (колледжи города)
куда поступить после 9 класса челябинск,2036,C,info,top,c01_kuda_postupat_posle_9,aggregator,Gated — нужны данные,P3,—,Нет реестра СПО (после 9)
специальности для поступления после 9 класса,2032,C,info,top,c06_specialnosti_posle_9,main,Gated — нужны данные,P3,—,Нет реестра СПО (специальности после 9)
нижний техникум после 9 класса специальности,2031,C,info,top,c06_specialnosti_posle_9,main,Gated — нужны данные,P3,—,Нет реестра СПО (специальности после 9)
востребованные профессии для женщин,2027,E,info,top,e02_vostrebovannye,main,Контент-хаб без рейтинга,P1,/professiya/ (раздел),Нет данных о спросе (hh заблокирован) — не ранжируем
колледж олимпийского резерва пермь,2020,C,info,top,g02_kolledzhi_perm,aggregator,Gated — нужны данные,P3,—,Нет реестра СПО (колледжи города)
барни профессия будущего бпла,2017,E,info,top,e04_professii_buduschego,main,Контент-хаб без рейтинга,P1,/professiya/ (раздел),Нет данных прогноза — контент без рейтинга
куда поступать 11 класса девушке,2014,C,info,top,c08_kuda_postupat_devushke,main,Контент/фильтр (не дубль),P2,/kuda-postupat-posle-11-klassa/#devushke,Гендер-срез после 11
энергетический колледж иркутск,2012,C,info,top,g05_kolledzhi_irkutsk,aggregator,Gated — нужны данные,P3,—,Нет реестра СПО (колледжи города)
хочу поступать в колледж после,2008,C,info,top,c05_postupit_v_kolledzh,main,Gated — нужны данные,P3,—,Нет реестра колледжей (СПО)
колледж после 9 класса ставрополь специальности,2008,C,info,top,c06_specialnosti_posle_9,aggregator,Gated — нужны данные,P3,—,Нет реестра СПО (специальности после 9)
1 профессия будущего,2007,E,info,top,e04_professii_buduschego,main,Контент-хаб без рейтинга,P1,/professiya/ (раздел),Нет данных прогноза — контент без рейтинга
можно ли поступить в колледж заочно,2006,C,info,top,c05_postupit_v_kolledzh,both,Gated — нужны данные,P3,—,Нет реестра колледжей (СПО)
губернский педагогический колледж воронеж,2004,C,info,top,g03_kolledzhi_voronezh,aggregator,Gated — нужны данные,P3,—,Нет реестра СПО (колледжи города)
колледж красноярск адрес,1996,C,info,top,g01_kolledzhi_krasnoyarsk,aggregator,Gated — нужны данные,P3,—,Нет реестра СПО (колледжи города)
поступить в колледж в барнауле,1993,C,info,top,c05_postupit_v_kolledzh,aggregator,Gated — нужны данные,P3,—,Нет реестра колледжей (СПО)
мцко тестирование,1992,D,info,assoc,d05_test_na_professiyu,main,Расширить (раздел хаба),P1,/testy-na-proforientaciyu/,«Тест на профессию» → хаб → /test/
аграрный колледж специальности после 9 класса,1991,C,info,top,c06_specialnosti_posle_9,main,Gated — нужны данные,P3,—,Нет реестра СПО (специальности после 9)
куда поступать с географией и обществознанием,1989,C,info,top,c10_s_obschestvoznaniem,main,Создана посадочная,P3,/kuda-postupat-s-obshchestvoznaniem/,Перечень Минобрнауки → направления (готово)
сибирский колледж иркутск,1988,C,info,top,g05_kolledzhi_irkutsk,aggregator,Gated — нужны данные,P3,—,Нет реестра СПО (колледжи города)
какая профессия лучше после 9 класса,1987,C,info,top,c03_professii_posle_9,main,Gated — нужны данные,P3,—,Нет данных СПО/уровня после 9
список профессий 11 класс,1987,C,info,top,c04_professii_posle_11,main,Расширить существующую,P2,/professiya/ + хаб-11,Профессии после 11 → каталог/направления
куда поступить после 11 класса девушке,1985,C,info,top,c02_kuda_postupat_posle_11,main,Создать новый контент-хаб,P2,/kuda-postupat-posle-11-klassa/,После 11 → вузы/направления (данные есть)
куда поступать после 9 класса в спб,1981,C,info,top,c01_kuda_postupat_posle_9,aggregator,Gated — нужны данные,P3,—,Нет реестра СПО (после 9)
строительный колледж пермь официальный,1981,C,info,top,g02_kolledzhi_perm,aggregator,Gated — нужны данные,P3,—,Нет реестра СПО (колледжи города)
мед колледж пермь,1980,C,info,top,g02_kolledzhi_perm,aggregator,Gated — нужны данные,P3,—,Нет реестра СПО (колледжи города)
поступить в колледж после 9 класса москва,1977,C,info,top,c05_postupit_v_kolledzh,aggregator,Gated — нужны данные,P3,—,Нет реестра колледжей (СПО)
профессии для девочек после 9 класса,1974,C,info,top,c03_professii_posle_9,main,Gated — нужны данные,P3,—,Нет данных СПО/уровня после 9
центр профессии будущего москва,1970,E,commercial,top,e04_professii_buduschego,aggregator,Контент-хаб без рейтинга,P1,/professiya/ (раздел),Нет данных прогноза — контент без рейтинга
можно ли без аттестата поступить в колледж,1966,C,info,top,c05_postupit_v_kolledzh,both,Gated — нужны данные,P3,—,Нет реестра колледжей (СПО)
специальности после 9 класса новосибирск,1964,C,info,top,c06_specialnosti_posle_9,aggregator,Gated — нужны данные,P3,—,Нет реестра СПО (специальности после 9)
пройти тест на профориентацию,1964,D,commercial,top,d01_test_na_proforientaciyu,main,Создать новый контент-хаб,P1,/testy-na-proforientaciyu/,Хаб о тестах → /test/ (SERP: формат-статья достижим)
поступить в колледж на юриспруденцию,1963,C,info,top,c05_postupit_v_kolledzh,both,Gated — нужны данные,P3,—,Нет реестра колледжей (СПО)
колледж пескова воронеж,1962,C,info,top,g03_kolledzhi_voronezh,aggregator,Gated — нужны данные,P3,—,Нет реестра СПО (колледжи города)
песков воронеж колледж,1962,C,info,top,g03_kolledzhi_voronezh,aggregator,Gated — нужны данные,P3,—,Нет реестра СПО (колледжи города)
куда можно поступить с географией и русским,1957,C,info,top,c16_s_geografiej,main,Создана посадочная,P3,/kuda-postupat-s-geografiej/,Перечень Минобрнауки → направления (готово)
колледж при пгу пермь,1956,C,info,top,g02_kolledzhi_perm,aggregator,Gated — нужны данные,P3,—,Нет реестра СПО (колледжи города)
игу колледж иркутск,1955,C,info,top,g05_kolledzhi_irkutsk,aggregator,Gated — нужны данные,P3,—,Нет реестра СПО (колледжи города)
тест на будущую профессию,1950,D,info,top,d01_test_na_proforientaciyu,main,Создать новый контент-хаб,P1,/testy-na-proforientaciyu/,Хаб о тестах → /test/ (SERP: формат-статья достижим)
кем стать после 9 класса,1936,C,info,top,c07_kem_stat_posle_9,main,Gated — нужны данные,P3,—,Нет данных СПО
специальности после 9 класса пенза,1933,C,info,top,c06_specialnosti_posle_9,aggregator,Gated — нужны данные,P3,—,Нет реестра СПО (специальности после 9)
поступить в колледж волгоград,1930,C,info,top,c05_postupit_v_kolledzh,aggregator,Gated — нужны данные,P3,—,Нет реестра колледжей (СПО)
куда поступить с профильной биологией,1929,C,info,top,c12_s_biologiej,main,Создана посадочная,P3,/kuda-postupat-s-biologiej/,Перечень Минобрнауки → направления (готово)
пермский колледж пермь официальный сайт,1928,C,info,top,g02_kolledzhi_perm,aggregator,Gated — нужны данные,P3,—,Нет реестра СПО (колледжи города)
красноярском колледже олимпийского резерва,1919,C,info,top,g01_kolledzhi_krasnoyarsk,aggregator,Gated — нужны данные,P3,—,Нет реестра СПО (колледжи города)
какие нужны документы чтобы поступить в колледж,1918,C,info,top,c05_postupit_v_kolledzh,both,Gated — нужны данные,P3,—,Нет реестра колледжей (СПО)
поступить в колледж 2021,1910,C,info,top,c05_postupit_v_kolledzh,both,Gated — нужны данные,P3,—,Нет реестра колледжей (СПО)
колледжи рязани после 9 класса специальности,1907,C,info,top,c06_specialnosti_posle_9,aggregator,Gated — нужны данные,P3,—,Нет реестра СПО (специальности после 9)
колледжи красноярска на базе 9,1907,C,info,top,g01_kolledzhi_krasnoyarsk,aggregator,Gated — нужны данные,P3,—,Нет реестра СПО (колледжи города)
поступить в колледж после девятого класса,1905,C,info,top,c05_postupit_v_kolledzh,both,Gated — нужны данные,P3,—,Нет реестра колледжей (СПО)
специальности после 9 класса колледж для мальчиков,1905,C,info,top,c06_specialnosti_posle_9,main,Gated — нужны данные,P3,—,Нет реестра СПО (специальности после 9)
пермь куда можно поступить после 9 класса,1896,C,info,top,c01_kuda_postupat_posle_9,aggregator,Gated — нужны данные,P3,—,Нет реестра СПО (после 9)
тест какая профессия тебе подходит,1896,D,info,assoc,p06_projti_proforientaciyu,main,Использовать существующую,P1,/test/,Транзакционный «пройти» → квиз
поступить в колледж челябинск,1887,C,info,top,c05_postupit_v_kolledzh,aggregator,Gated — нужны данные,P3,—,Нет реестра колледжей (СПО)
специальности после 9 класса астрахань,1886,C,info,top,c06_specialnosti_posle_9,aggregator,Gated — нужны данные,P3,—,Нет реестра СПО (специальности после 9)
поступить в колледж саратов,1884,C,info,top,c05_postupit_v_kolledzh,aggregator,Gated — нужны данные,P3,—,Нет реестра колледжей (СПО)
куда поступать после 9 класса чебоксары,1882,C,info,top,c01_kuda_postupat_posle_9,aggregator,Gated — нужны данные,P3,—,Нет реестра СПО (после 9)
сайт поступающих в колледж,1881,C,info,top,c05_postupit_v_kolledzh,main,Gated — нужны данные,P3,—,Нет реестра колледжей (СПО)
специальности после 9 класса владимир,1881,C,info,top,c06_specialnosti_posle_9,aggregator,Gated — нужны данные,P3,—,Нет реестра СПО (специальности после 9)
базовый колледж иркутск,1880,C,info,top,g05_kolledzhi_irkutsk,aggregator,Gated — нужны данные,P3,—,Нет реестра СПО (колледжи города)
куда поступить с егэ по географии,1879,C,info,top,c16_s_geografiej,main,Создана посадочная,P3,/kuda-postupat-s-geografiej/,Перечень Минобрнауки → направления (готово)
список профессий для досрочной пенсии,1879,E,info,top,e01_professii_spisok,main,Расширить существующую,P0,/professiya/,Каталог 436 профессий — данные есть
востребованные профессии 2026 для девушек,1879,E,info,top,e02_vostrebovannye,main,Контент-хаб без рейтинга,P1,/professiya/ (раздел),Нет данных о спросе (hh заблокирован) — не ранжируем
закончил 9 классов поступил в колледж,1877,C,info,top,c05_postupit_v_kolledzh,main,Gated — нужны данные,P3,—,Нет реестра колледжей (СПО)
поступить в вышку после колледжа,1876,C,info,top,c05_postupit_v_kolledzh,main,Gated — нужны данные,P3,—,Нет реестра колледжей (СПО)
ддо климова,1876,D,info,top,d09_ddo_klimova,main,Создать статью в хабе,P1,/testy-na-proforientaciyu/test-klimova/,ДДО Климова (та же методика)
востребованные профессии для девушек после 9,1870,C,info,top,e02_vostrebovannye,main,Контент-хаб без рейтинга,P1,/professiya/ (раздел),Нет данных о спросе (hh заблокирован) — не ранжируем
колледжи красноярска бюджет,1861,C,info,top,g01_kolledzhi_krasnoyarsk,aggregator,Gated — нужны данные,P3,—,Нет реестра СПО (колледжи города)
перечень специальностей высшего образования,1860,C,info,assoc,c02_kuda_postupat_posle_11,main,Создать новый контент-хаб,P2,/kuda-postupat-posle-11-klassa/,После 11 → вузы/направления (данные есть)
поступить в мед колледж после 9 класса,1860,C,info,top,c05_postupit_v_kolledzh,main,Gated — нужны данные,P3,—,Нет реестра колледжей (СПО)
колледжи г пермь,1858,C,info,top,g02_kolledzhi_perm,aggregator,Gated — нужны данные,P3,—,Нет реестра СПО (колледжи города)
список востребованных профессий,1856,E,info,top,e01_professii_spisok,main,Расширить существующую,P0,/professiya/,Каталог 436 профессий — данные есть
куда поступить после 11 класса по баллам,1843,C,info,top,c02_kuda_postupat_posle_11,main,Создать новый контент-хаб,P2,/kuda-postupat-posle-11-klassa/,После 11 → вузы/направления (данные есть)
самара поступить в колледж,1834,C,info,top,c05_postupit_v_kolledzh,aggregator,Gated — нужны данные,P3,—,Нет реестра колледжей (СПО)
смогу ли я поступить в колледж,1830,C,info,top,c05_postupit_v_kolledzh,both,Gated — нужны данные,P3,—,Нет реестра колледжей (СПО)
в имперский колледж поступает ученица 2021,1828,C,info,top,c05_postupit_v_kolledzh,main,Gated — нужны данные,P3,—,Нет реестра колледжей (СПО)
как вы должны поступить в данной ситуации,1824,C,info,assoc,b05_kakaya_professiya_podhodit,main,Создать новый контент-хаб,P1,/kak-vybrat-professiyu/,Подбор профессии → /test/
куда поступить с историей обществознанием и русским,1823,C,info,top,c10_s_obschestvoznaniem,main,Создана посадочная,P3,/kuda-postupat-s-obshchestvoznaniem/,Перечень Минобрнауки → направления (готово)
тест на профориентацию 9 класс,1822,D,info,top,d01_test_na_proforientaciyu,main,Создать новый контент-хаб,P1,/testy-na-proforientaciyu/,Хаб о тестах → /test/ (SERP: формат-статья достижим)
после 9 класса куда можно поступить учиться,1819,C,info,top,c01_kuda_postupat_posle_9,main,Gated — нужны данные,P3,—,Нет реестра СПО (после 9)
специальности после 9 класса тула,1817,C,info,top,c06_specialnosti_posle_9,aggregator,Gated — нужны данные,P3,—,Нет реестра СПО (специальности после 9)
какие профессии востребованы в 2026 году,1812,E,info,top,e02_vostrebovannye,main,Контент-хаб без рейтинга,P1,/professiya/ (раздел),Нет данных о спросе (hh заблокирован) — не ранжируем
куда поступить в оренбурге после 9 класса,1807,C,info,top,c01_kuda_postupat_posle_9,aggregator,Gated — нужны данные,P3,—,Нет реестра СПО (после 9)
техникум какое образование считается,1806,C,info,assoc,c06_specialnosti_posle_9,main,Gated — нужны данные,P3,—,Нет реестра СПО (специальности после 9)
куда поступать после 9 класса список,1805,C,info,top,c01_kuda_postupat_posle_9,main,Gated — нужны данные,P3,—,Нет реестра СПО (после 9)
поступить в колледж нижний новгород,1803,C,info,top,c05_postupit_v_kolledzh,aggregator,Gated — нужны данные,P3,—,Нет реестра колледжей (СПО)
5 востребованных профессий,1797,E,info,top,e02_vostrebovannye,main,Контент-хаб без рейтинга,P1,/professiya/ (раздел),Нет данных о спросе (hh заблокирован) — не ранжируем
специальности после 9 класса челябинск,1796,C,info,top,c06_specialnosti_posle_9,aggregator,Gated — нужны данные,P3,—,Нет реестра СПО (специальности после 9)
политех специальности после 9 класса,1793,C,info,top,c06_specialnosti_posle_9,main,Gated — нужны данные,P3,—,Нет реестра СПО (специальности после 9)
специальности после 9 класса ярославль,1789,C,info,top,c06_specialnosti_posle_9,aggregator,Gated — нужны данные,P3,—,Нет реестра СПО (специальности после 9)
куда поступать с географией математикой и русским,1787,C,info,top,c16_s_geografiej,main,Создана посадочная,P3,/kuda-postupat-s-geografiej/,Перечень Минобрнауки → направления (готово)
какую профессию можно выбрать,1783,B,info,top,b01_kakuyu_professiyu_vybrat,main,Создать новый контент-хаб,P1,/kak-vybrat-professiyu/,Инфо-хаб выбора профессии → /test/
востребованная профессия после 9 класса для девушки,1778,C,info,top,c03_professii_posle_9,main,Gated — нужны данные,P3,—,Нет данных СПО/уровня после 9
профессии после 9 класса бюджет,1777,C,info,top,c03_professii_posle_9,main,Gated — нужны данные,P3,—,Нет данных СПО/уровня после 9
нефтяные специальности после 9 класса,1775,C,info,top,c06_specialnosti_posle_9,main,Gated — нужны данные,P3,—,Нет реестра СПО (специальности после 9)
железнодорожный колледж иркутск,1774,C,info,top,g05_kolledzhi_irkutsk,aggregator,Gated — нужны данные,P3,—,Нет реестра СПО (колледжи города)
куда поступить с русским языком и обществознанием,1773,C,info,top,c10_s_obschestvoznaniem,main,Создана посадочная,P3,/kuda-postupat-s-obshchestvoznaniem/,Перечень Минобрнауки → направления (готово)
какие профессии будут востребованы в будущем,1773,E,info,top,e02_vostrebovannye,main,Контент-хаб без рейтинга,P1,/professiya/ (раздел),Нет данных о спросе (hh заблокирован) — не ранжируем
куда можно поступить с английским и обществознанием,1772,C,info,top,c10_s_obschestvoznaniem,main,Создана посадочная,P3,/kuda-postupat-s-obshchestvoznaniem/,Перечень Минобрнауки → направления (готово)
специальности после 9 класса спб,1767,C,info,top,c06_specialnosti_posle_9,aggregator,Gated — нужны данные,P3,—,Нет реестра СПО (специальности после 9)
колледж краснодар после 9 класса специальности,1767,C,info,top,c06_specialnosti_posle_9,aggregator,Gated — нужны данные,P3,—,Нет реестра СПО (специальности после 9)
куда поступить после 9 класса в ростове,1762,C,info,top,c01_kuda_postupat_posle_9,aggregator,Gated — нужны данные,P3,—,Нет реестра СПО (после 9)
профориентации регистрация,1752,0,info,top,p01_proforientaciya,main,Создать новый контент-хаб,P1,/proforientaciya/,Хаб профориентации → /test/
колледжи и техникумы иркутска,1741,C,info,top,g05_kolledzhi_irkutsk,aggregator,Gated — нужны данные,P3,—,Нет реестра СПО (колледжи города)
куда можно поступить после 11 с географией,1739,C,info,top,c16_s_geografiej,main,Создана посадочная,P3,/kuda-postupat-s-geografiej/,Перечень Минобрнауки → направления (готово)
курск специальности после 9 класса,1735,C,info,top,c06_specialnosti_posle_9,aggregator,Gated — нужны данные,P3,—,Нет реестра СПО (специальности после 9)
класс профессии будущего,1735,E,info,top,e04_professii_buduschego,main,Контент-хаб без рейтинга,P1,/professiya/ (раздел),Нет данных прогноза — контент без рейтинга
куда можно поступить с егэ химия биология,1732,C,info,top,c12_s_biologiej,main,Создана посадочная,P3,/kuda-postupat-s-biologiej/,Перечень Минобрнауки → направления (готово)
профессии список для девушек после 9,1724,C,info,top,e01_professii_spisok,main,Расширить существующую,P0,/professiya/,Каталог 436 профессий — данные есть
куда поступить заочно после 9 класса,1717,C,info,top,c01_kuda_postupat_posle_9,main,Gated — нужны данные,P3,—,Нет реестра СПО (после 9)
ввгу специальности,1714,E,info,assoc,e04_professii_buduschego,main,Контент-хаб без рейтинга,P1,/professiya/ (раздел),Нет данных прогноза — контент без рейтинга
куда можно поступить с русским и физикой,1710,C,info,top,c15_s_fizikoj,main,Создана посадочная,P3,/kuda-postupat-s-fizikoj/,Перечень Минобрнауки → направления (готово)
воронежский авиационный техникум,1709,C,info,assoc,g03_kolledzhi_voronezh,aggregator,Gated — нужны данные,P3,—,Нет реестра СПО (колледжи города)
специальности после 9 класса тверь,1708,C,info,top,c06_specialnosti_posle_9,aggregator,Gated — нужны данные,P3,—,Нет реестра СПО (специальности после 9)
колледжи владимира после 9 класса специальности,1701,C,info,top,c06_specialnosti_posle_9,aggregator,Gated — нужны данные,P3,—,Нет реестра СПО (специальности после 9)
куда поступить ребенку после 9 класса,1696,C,info,top,c01_kuda_postupat_posle_9,main,Gated — нужны данные,P3,—,Нет реестра СПО (после 9)
колледжи воронежа адреса,1696,C,info,top,g03_kolledzhi_voronezh,aggregator,Gated — нужны данные,P3,—,Нет реестра СПО (колледжи города)
куда поступить с егэ химия биология русский,1694,C,info,top,c12_s_biologiej,main,Создана посадочная,P3,/kuda-postupat-s-biologiej/,Перечень Минобрнауки → направления (готово)
вивт колледж воронеж,1691,C,info,top,g03_kolledzhi_voronezh,aggregator,Gated — нужны данные,P3,—,Нет реестра СПО (колледжи города)
куда поступать с химией математикой и русским,1690,C,info,top,c14_s_himiej,main,Создана посадочная,P3,/kuda-postupat-s-himiej/,Перечень Минобрнауки → направления (готово)
куда поступать с биологией и профильной математикой,1681,C,info,top,c12_s_biologiej,main,Создана посадочная,P3,/kuda-postupat-s-biologiej/,Перечень Минобрнауки → направления (готово)
сибирский колледж строительства иркутск,1678,C,info,top,g05_kolledzhi_irkutsk,aggregator,Gated — нужны данные,P3,—,Нет реестра СПО (колледжи города)
куда поступать после 11 класса с информатикой,1677,C,info,top,c02_kuda_postupat_posle_11,main,Создать новый контент-хаб,P2,/kuda-postupat-posle-11-klassa/,После 11 → вузы/направления (данные есть)
куда поступить после 11 класса с географией,1673,C,info,top,c02_kuda_postupat_posle_11,main,Создать новый контент-хаб,P2,/kuda-postupat-posle-11-klassa/,После 11 → вузы/направления (данные есть)
екатеринбург куда можно поступить после 9 класса,1671,C,info,top,c01_kuda_postupat_posle_9,aggregator,Gated — нужны данные,P3,—,Нет реестра СПО (после 9)
высокооплачиваемые профессии после 11 класса,1669,C,info,top,c04_professii_posle_11,main,Расширить существующую,P2,/professiya/ + хаб-11,Профессии после 11 → каталог/направления
базовый медицинский колледж иркутск,1669,C,info,top,g05_kolledzhi_irkutsk,aggregator,Gated — нужны данные,P3,—,Нет реестра СПО (колледжи города)
колледж сервиса иркутск,1669,C,info,top,g05_kolledzhi_irkutsk,aggregator,Gated — нужны данные,P3,—,Нет реестра СПО (колледжи города)
список производств профессий,1667,E,info,top,e01_professii_spisok,main,Расширить существующую,P0,/professiya/,Каталог 436 профессий — данные есть
куда специальности после 9 класса,1666,C,info,top,c06_specialnosti_posle_9,main,Gated — нужны данные,P3,—,Нет реестра СПО (специальности после 9)
самые востребованные профессии в россии 2026,1666,E,info,top,e02_vostrebovannye,main,Контент-хаб без рейтинга,P1,/professiya/ (раздел),Нет данных о спросе (hh заблокирован) — не ранжируем
куда можно поступить после 11 с физикой,1656,C,info,top,c15_s_fizikoj,main,Создана посадочная,P3,/kuda-postupat-s-fizikoj/,Перечень Минобрнауки → направления (готово)
куда поступить после 9 класса киров,1651,C,info,top,c01_kuda_postupat_posle_9,aggregator,Gated — нужны данные,P3,—,Нет реестра СПО (после 9)
список альтернативных профессий,1646,E,info,top,e01_professii_spisok,main,Расширить существующую,P0,/professiya/,Каталог 436 профессий — данные есть
сибирский колледж транспорта иркутск,1646,C,info,top,g05_kolledzhi_irkutsk,aggregator,Gated — нужны данные,P3,—,Нет реестра СПО (колледжи города)
авиационный колледж специальности после 9 класса,1645,C,info,top,c06_specialnosti_posle_9,main,Gated — нужны данные,P3,—,Нет реестра СПО (специальности после 9)
профориентация 11,1642,0,info,top,p01_proforientaciya,main,Создать новый контент-хаб,P1,/proforientaciya/,Хаб профориентации → /test/
куда можно поступить с русским и информатикой,1636,C,info,top,c13_s_informatikoj,main,Создана посадочная,P3,/kuda-postupat-s-informatikoj/,Перечень Минобрнауки → направления (готово)
сибирский колледж транспорта и строительства иркутск,1634,C,info,top,g05_kolledzhi_irkutsk,aggregator,Gated — нужны данные,P3,—,Нет реестра СПО (колледжи города)
лучшие профессии после 11 класса,1632,C,info,top,c04_professii_posle_11,main,Расширить существующую,P2,/professiya/ + хаб-11,Профессии после 11 → каталог/направления
колледж воронеж специальности после 9,1629,C,info,top,g03_kolledzhi_voronezh,aggregator,Gated — нужны данные,P3,—,Нет реестра СПО (колледжи города)
обучение после 9 класса профессии,1628,C,info,top,c03_professii_posle_9,main,Gated — нужны данные,P3,—,Нет данных СПО/уровня после 9
куда можно поступить с обществом и историей,1626,C,info,top,c11_s_istoriej,main,Создана посадочная,P3,/kuda-postupat-s-istoriej/,Перечень Минобрнауки → направления (готово)
билет профориентация,1622,0,info,top,p01_proforientaciya,main,Создать новый контент-хаб,P1,/proforientaciya/,Хаб профориентации → /test/
куда поступить после 11 класса в красноярске,1621,C,info,top,c02_kuda_postupat_posle_11,aggregator,Создать новый контент-хаб,P2,/kuda-postupat-posle-11-klassa/,После 11 → вузы/направления (данные есть)
колледжи липецка после 9 класса специальности,1620,C,info,top,c06_specialnosti_posle_9,aggregator,Gated — нужны данные,P3,—,Нет реестра СПО (специальности после 9)
самые востребованные профессии ближайшего,1619,E,info,top,e02_vostrebovannye,main,Контент-хаб без рейтинга,P1,/professiya/ (раздел),Нет данных о спросе (hh заблокирован) — не ранжируем
тула колледжи после 9 класса специальности,1616,C,info,top,c06_specialnosti_posle_9,aggregator,Gated — нужны данные,P3,—,Нет реестра СПО (специальности после 9)
уфа куда можно поступить после 9 класса,1614,C,info,top,c01_kuda_postupat_posle_9,aggregator,Gated — нужны данные,P3,—,Нет реестра СПО (после 9)
куда поступать после 9 парню,1612,C,info,top,c09_kuda_postupat_parnyu,main,Контент/фильтр (не дубль),P2,/kuda-postupat-posle-11-klassa/#parnyu,Гендер-срез после 11
какие профессии будут востребованы через,1611,E,info,top,e02_vostrebovannye,main,Контент-хаб без рейтинга,P1,/professiya/ (раздел),Нет данных о спросе (hh заблокирован) — не ранжируем
иркутское театральное училище,1607,C,info,assoc,g05_kolledzhi_irkutsk,aggregator,Gated — нужны данные,P3,—,Нет реестра СПО (колледжи города)
какая профессия мне подходит тест бесплатно,1605,D,commercial,top,b05_kakaya_professiya_podhodit,main,Создать новый контент-хаб,P1,/kak-vybrat-professiyu/,Подбор профессии → /test/
колледжи твери после 9 класса специальности,1605,C,info,top,c06_specialnosti_posle_9,aggregator,Gated — нужны данные,P3,—,Нет реестра СПО (специальности после 9)
чита специальности после 9 класса,1604,C,info,top,c06_specialnosti_posle_9,aggregator,Gated — нужны данные,P3,—,Нет реестра СПО (специальности после 9)
класс профориентация школьников,1604,0,info,top,p01_proforientaciya,main,Создать новый контент-хаб,P1,/proforientaciya/,Хаб профориентации → /test/
специальности после 9 класса киров,1602,C,info,top,c06_specialnosti_posle_9,aggregator,Gated — нужны данные,P3,—,Нет реестра СПО (специальности после 9)
колледжи воронеж отзывы,1600,C,info,top,g03_kolledzhi_voronezh,aggregator,Gated — нужны данные,P3,—,Нет реестра СПО (колледжи города)
барни профессии будущего специалист,1596,E,info,top,e04_professii_buduschego,main,Контент-хаб без рейтинга,P1,/professiya/ (раздел),Нет данных прогноза — контент без рейтинга
куда поступить после 9 класса улан удэ,1595,C,info,top,c01_kuda_postupat_posle_9,main,Gated — нужны данные,P3,—,Нет реестра СПО (после 9)
список хороших профессий,1594,E,info,top,e01_professii_spisok,main,Расширить существующую,P0,/professiya/,Каталог 436 профессий — данные есть
какие профессии будут востребованы через лет,1594,E,info,top,e02_vostrebovannye,main,Контент-хаб без рейтинга,P1,/professiya/ (раздел),Нет данных о спросе (hh заблокирован) — не ранжируем
профессии будущего специалист бпла,1590,E,info,top,e04_professii_buduschego,main,Контент-хаб без рейтинга,P1,/professiya/ (раздел),Нет данных прогноза — контент без рейтинга
колледж какое образование считается,1589,C,info,assoc,c07_kem_stat_posle_9,main,Gated — нужны данные,P3,—,Нет данных СПО
колледж воронеж после 9 класса специальности,1586,C,info,top,c06_specialnosti_posle_9,aggregator,Gated — нужны данные,P3,—,Нет реестра СПО (специальности после 9)
юридический колледж воронеж,1586,C,info,top,g03_kolledzhi_voronezh,aggregator,Gated — нужны данные,P3,—,Нет реестра СПО (колледжи города)
биология после 9 класса куда поступить,1584,C,info,top,c01_kuda_postupat_posle_9,main,Gated — нужны данные,P3,—,Нет реестра СПО (после 9)
10 самых востребованных профессий,1582,E,info,top,e02_vostrebovannye,main,Контент-хаб без рейтинга,P1,/professiya/ (раздел),Нет данных о спросе (hh заблокирован) — не ранжируем
куда поступать с историей и английским,1581,C,info,top,c11_s_istoriej,main,Создана посадочная,P3,/kuda-postupat-s-istoriej/,Перечень Минобрнауки → направления (готово)
лесотехнический колледж воронеж,1581,C,info,top,g03_kolledzhi_voronezh,aggregator,Gated — нужны данные,P3,—,Нет реестра СПО (колледжи города)
куда поступить парню после 9 класса,1580,C,info,top,c01_kuda_postupat_posle_9,main,Gated — нужны данные,P3,—,Нет реестра СПО (после 9)
билет в будущее профориентация,1580,0,nav,top,p01_proforientaciya,main,Создать новый контент-хаб,P1,/proforientaciya/,Хаб профориентации → /test/
насколько востребована профессия,1579,E,info,top,e02_vostrebovannye,main,Контент-хаб без рейтинга,P1,/professiya/ (раздел),Нет данных о спросе (hh заблокирован) — не ранжируем
пройти профориентацию онлайн,1579,0,commercial,top,p01_proforientaciya,main,Создать новый контент-хаб,P1,/proforientaciya/,Хаб профориентации → /test/
профессии в техникуме после 9 класса,1575,C,info,top,c03_professii_posle_9,main,Gated — нужны данные,P3,—,Нет данных СПО/уровня после 9
список работ профессий должностей,1573,E,info,top,e01_professii_spisok,main,Расширить существующую,P0,/professiya/,Каталог 436 профессий — данные есть
барни специалист бпла профессии будущего,1571,E,info,top,e04_professii_buduschego,main,Контент-хаб без рейтинга,P1,/professiya/ (раздел),Нет данных прогноза — контент без рейтинга
профессии будущего кем стал,1568,E,info,top,e04_professii_buduschego,main,Контент-хаб без рейтинга,P1,/professiya/ (раздел),Нет данных прогноза — контент без рейтинга
технологический колледж специальности после 9 класса,1565,C,info,top,c06_specialnosti_posle_9,main,Gated — нужны данные,P3,—,Нет реестра СПО (специальности после 9)
бесплатные профессии после 9 класса,1564,C,commercial,top,c03_professii_posle_9,main,Gated — нужны данные,P3,—,Нет данных СПО/уровня после 9
специальности после 9 класса йошкар ола,1563,C,info,top,c06_specialnosti_posle_9,main,Gated — нужны данные,P3,—,Нет реестра СПО (специальности после 9)
куда поступить после 11 класса вуз,1562,C,info,top,c02_kuda_postupat_posle_11,main,Создать новый контент-хаб,P2,/kuda-postupat-posle-11-klassa/,После 11 → вузы/направления (данные есть)
куда поступать после 9 класса кемерово,1559,C,info,top,c01_kuda_postupat_posle_9,aggregator,Gated — нужны данные,P3,—,Нет реестра СПО (после 9)
рабочие профессии список,1557,E,info,top,e01_professii_spisok,main,Расширить существующую,P0,/professiya/,Каталог 436 профессий — данные есть
куда можно поступить с информатикой после 11,1552,C,info,top,c13_s_informatikoj,main,Создана посадочная,P3,/kuda-postupat-s-informatikoj/,Перечень Минобрнауки → направления (готово)
куда можно поступить с обществознанием и биологией,1549,C,info,top,c10_s_obschestvoznaniem,main,Создана посадочная,P3,/kuda-postupat-s-obshchestvoznaniem/,Перечень Минобрнауки → направления (готово)
куда поступить после 9 класса в самаре,1542,C,info,top,c01_kuda_postupat_posle_9,aggregator,Gated — нужны данные,P3,—,Нет реестра СПО (после 9)
профессии будущего в россии,1542,E,info,top,e04_professii_buduschego,main,Контент-хаб без рейтинга,P1,/professiya/ (раздел),Нет данных прогноза — контент без рейтинга
рынок востребованных профессий,1541,E,info,top,e02_vostrebovannye,main,Контент-хаб без рейтинга,P1,/professiya/ (раздел),Нет данных о спросе (hh заблокирован) — не ранжируем
специальности после 9 класса для девушек список,1540,C,info,top,c06_specialnosti_posle_9,main,Gated — нужны данные,P3,—,Нет реестра СПО (специальности после 9)
куда поступать с егэ физика математика,1536,C,info,top,c15_s_fizikoj,main,Создана посадочная,P3,/kuda-postupat-s-fizikoj/,Перечень Минобрнауки → направления (готово)
государственные колледжи воронежа,1536,C,info,top,g03_kolledzhi_voronezh,aggregator,Gated — нужны данные,P3,—,Нет реестра СПО (колледжи города)
куда можно поступить с информатикой егэ,1535,C,info,top,c13_s_informatikoj,main,Создана посадочная,P3,/kuda-postupat-s-informatikoj/,Перечень Минобрнауки → направления (готово)
куда можно поступить с физикой и профильной,1535,C,info,top,c15_s_fizikoj,main,Создана посадочная,P3,/kuda-postupat-s-fizikoj/,Перечень Минобрнауки → направления (готово)
куда можно поступить с историей и математикой,1532,C,info,top,c11_s_istoriej,main,Создана посадочная,P3,/kuda-postupat-s-istoriej/,Перечень Минобрнауки → направления (готово)
сколько лет климовой,1531,D,info,assoc,d09_ddo_klimova,main,Создать статью в хабе,P1,/testy-na-proforientaciyu/test-klimova/,ДДО Климова (та же методика)
армия профессии список,1530,E,info,top,e01_professii_spisok,main,Расширить существующую,P0,/professiya/,Каталог 436 профессий — данные есть
куда поступить после 9 класса с общежитием,1529,C,info,top,c01_kuda_postupat_posle_9,main,Gated — нужны данные,P3,—,Нет реестра СПО (после 9)
куда поступать после школы 9 класс,1527,C,info,top,c01_kuda_postupat_posle_9,main,Gated — нужны данные,P3,—,Нет реестра СПО (после 9)
какую профессию лучше выбрать,1519,B,info,top,b01_kakuyu_professiyu_vybrat,main,Создать новый контент-хаб,P1,/kak-vybrat-professiyu/,Инфо-хаб выбора профессии → /test/
какую профессию выбрать после 9,1513,C,info,top,b01_kakuyu_professiyu_vybrat,main,Создать новый контент-хаб,P1,/kak-vybrat-professiyu/,Инфо-хаб выбора профессии → /test/
училище это какое образование,1511,C,info,assoc,c06_specialnosti_posle_9,main,Gated — нужны данные,P3,—,Нет реестра СПО (специальности после 9)
на кого пойти учиться после 11,1510,C,info,top,b04_na_kogo_pojti_uchitsya,main,Создать новый контент-хаб,P1,/kak-vybrat-professiyu/,ВЧ-инфо → хаб выбора + каталоги + /test/
востребованные профессии труда,1509,E,info,top,e02_vostrebovannye,main,Контент-хаб без рейтинга,P1,/professiya/ (раздел),Нет данных о спросе (hh заблокирован) — не ранжируем
казань куда можно поступить после 9 класса,1502,C,info,top,c01_kuda_postupat_posle_9,aggregator,Gated — нужны данные,P3,—,Нет реестра СПО (после 9)
востребованные специальности в 2026,1502,E,info,assoc,e04_professii_buduschego,main,Контент-хаб без рейтинга,P1,/professiya/ (раздел),Нет данных прогноза — контент без рейтинга
куда поступить в чите после 9 класса,1497,C,info,top,c01_kuda_postupat_posle_9,aggregator,Gated — нужны данные,P3,—,Нет реестра СПО (после 9)
колледжи барнаула после 9 класса специальности,1496,C,info,top,c06_specialnosti_posle_9,aggregator,Gated — нужны данные,P3,—,Нет реестра СПО (специальности после 9)
колледжи иркутск экономики,1493,C,info,top,g05_kolledzhi_irkutsk,aggregator,Gated — нужны данные,P3,—,Нет реестра СПО (колледжи города)
куда можно поступить после 9 класса иркутск,1486,C,info,top,c01_kuda_postupat_posle_9,aggregator,Gated — нужны данные,P3,—,Нет реестра СПО (после 9)
куда поступить с математикой русским и историей,1481,C,info,top,c11_s_istoriej,main,Создана посадочная,P3,/kuda-postupat-s-istoriej/,Перечень Минобрнауки → направления (готово)
куда поступать с обществом и биологией,1478,C,info,top,c12_s_biologiej,main,Создана посадочная,P3,/kuda-postupat-s-biologiej/,Перечень Минобрнауки → направления (готово)
бесплатная профориентация для школьников,1474,0,commercial,top,p01_proforientaciya,main,Создать новый контент-хаб,P1,/proforientaciya/,Хаб профориентации → /test/
саратов колледжи после 9 класса специальности список,1472,C,info,top,c06_specialnosti_posle_9,aggregator,Gated — нужны данные,P3,—,Нет реестра СПО (специальности после 9)
биолог профессия,1468,C,info,assoc,c12_s_biologiej,main,Создана посадочная,P3,/kuda-postupat-s-biologiej/,Перечень Минобрнауки → направления (готово)
куда можно поступить с химией русским егэ,1468,C,info,top,c14_s_himiej,main,Создана посадочная,P3,/kuda-postupat-s-himiej/,Перечень Минобрнауки → направления (готово)
тест на профессию какая подходит,1467,D,info,top,d05_test_na_professiyu,main,Расширить (раздел хаба),P1,/testy-na-proforientaciyu/,«Тест на профессию» → хаб → /test/
куда пойти после 9 класса профессии,1463,C,info,top,c03_professii_posle_9,main,Gated — нужны данные,P3,—,Нет данных СПО/уровня после 9
белгород специальности после 9 класса,1462,C,info,top,c06_specialnosti_posle_9,aggregator,Gated — нужны данные,P3,—,Нет реестра СПО (специальности после 9)
на кого лучше пойти учиться,1457,B,info,top,b04_na_kogo_pojti_uchitsya,main,Создать новый контент-хаб,P1,/kak-vybrat-professiyu/,ВЧ-инфо → хаб выбора + каталоги + /test/
куда можно поступить с егэ по истории,1455,C,info,top,c11_s_istoriej,main,Создана посадочная,P3,/kuda-postupat-s-istoriej/,Перечень Минобрнауки → направления (готово)
тест кто ты из крд,1451,D,info,assoc,d03_test_online,main,Расширить (раздел хаба),P1,/testy-na-proforientaciyu/,«Онлайн» → квиз
машиностроительный колледж иркутск,1441,C,info,top,g05_kolledzhi_irkutsk,aggregator,Gated — нужны данные,P3,—,Нет реестра СПО (колледжи города)
специальности спо после 9 класса,1440,C,info,top,c06_specialnosti_posle_9,main,Gated — нужны данные,P3,—,Нет реестра СПО (специальности после 9)
после 9 класса куда можно поступить барнаул,1438,C,info,top,c01_kuda_postupat_posle_9,aggregator,Gated — нужны данные,P3,—,Нет реестра СПО (после 9)
куда поступить после 11 класса в новосибирске,1438,C,info,top,c02_kuda_postupat_posle_11,aggregator,Создать новый контент-хаб,P2,/kuda-postupat-posle-11-klassa/,После 11 → вузы/направления (данные есть)
колледжи казани после 9 класса и специальности,1434,C,info,top,c06_specialnosti_posle_9,aggregator,Gated — нужны данные,P3,—,Нет реестра СПО (специальности после 9)
самые востребованные профессии в 2026 году,1433,E,info,top,e02_vostrebovannye,main,Контент-хаб без рейтинга,P1,/professiya/ (раздел),Нет данных о спросе (hh заблокирован) — не ранжируем
тест на определение профессии,1431,D,info,top,d05_test_na_professiyu,main,Расширить (раздел хаба),P1,/testy-na-proforientaciyu/,«Тест на профессию» → хаб → /test/
тест на выбор профессии бесплатно,1429,D,commercial,top,d05_test_na_professiyu,main,Расширить (раздел хаба),P1,/testy-na-proforientaciyu/,«Тест на профессию» → хаб → /test/
востребованные профессии в россии для девушек,1426,E,info,top,e02_vostrebovannye,main,Контент-хаб без рейтинга,P1,/professiya/ (раздел),Нет данных о спросе (hh заблокирован) — не ранжируем
профориентация образование,1425,0,info,top,p01_proforientaciya,main,Создать новый контент-хаб,P1,/proforientaciya/,Хаб профориентации → /test/
куда можно поступить с профильной математикой информатикой,1423,C,info,top,c13_s_informatikoj,main,Создана посадочная,P3,/kuda-postupat-s-informatikoj/,Перечень Минобрнауки → направления (готово)
строительный техникум специальности после 9 класса,1421,C,info,top,c06_specialnosti_posle_9,main,Gated — нужны данные,P3,—,Нет реестра СПО (специальности после 9)
колледжи иркутска бюджетной основе,1420,C,info,top,g05_kolledzhi_irkutsk,aggregator,Gated — нужны данные,P3,—,Нет реестра СПО (колледжи города)
специальности после 9 класса брянск,1419,C,info,top,c06_specialnosti_posle_9,aggregator,Gated — нужны данные,P3,—,Нет реестра СПО (специальности после 9)
альтернативная служба в армии список профессий,1419,E,info,top,e01_professii_spisok,main,Расширить существующую,P0,/professiya/,Каталог 436 профессий — данные есть
куда можно поступить после 9 класса тюмень,1415,C,info,top,c01_kuda_postupat_posle_9,aggregator,Gated — нужны данные,P3,—,Нет реестра СПО (после 9)
государственные колледжи иркутска,1414,C,info,top,g05_kolledzhi_irkutsk,aggregator,Gated — нужны данные,P3,—,Нет реестра СПО (колледжи города)
колледжи челябинска после 9 класса специальности,1413,C,info,top,c06_specialnosti_posle_9,aggregator,Gated — нужны данные,P3,—,Нет реестра СПО (специальности после 9)
колледжи куда можно поступить после 11 класса,1411,C,info,top,c02_kuda_postupat_posle_11,main,Создать новый контент-хаб,P2,/kuda-postupat-posle-11-klassa/,После 11 → вузы/направления (данные есть)
нужные профессии после 9 класса,1410,C,info,top,c03_professii_posle_9,main,Gated — нужны данные,P3,—,Нет данных СПО/уровня после 9
список 2 профессий для досрочной пенсии,1409,E,info,top,e01_professii_spisok,main,Расширить существующую,P0,/professiya/,Каталог 436 профессий — данные есть
профориентация деятельность,1409,0,info,top,p01_proforientaciya,main,Создать новый контент-хаб,P1,/proforientaciya/,Хаб профориентации → /test/
куда поступать на дизайнера после 9 класса,1406,C,info,top,c01_kuda_postupat_posle_9,main,Gated — нужны данные,P3,—,Нет реестра СПО (после 9)
колледж туризма иркутск,1406,C,info,top,g05_kolledzhi_irkutsk,aggregator,Gated — нужны данные,P3,—,Нет реестра СПО (колледжи города)
куда поступить список профессий,1405,C,info,top,e01_professii_spisok,main,Расширить существующую,P0,/professiya/,Каталог 436 профессий — данные есть
профессии после 9 класса с тройками,1404,C,info,top,c03_professii_posle_9,main,Gated — нужны данные,P3,—,Нет данных СПО/уровня после 9
куда можно поступить с егэ по химии,1400,C,info,top,c14_s_himiej,main,Создана посадочная,P3,/kuda-postupat-s-himiej/,Перечень Минобрнауки → направления (готово)
колледжи бюджет иркутск,1398,C,info,top,g05_kolledzhi_irkutsk,aggregator,Gated — нужны данные,P3,—,Нет реестра СПО (колледжи города)
ижевск куда можно поступить после 9 класса,1396,C,info,top,c01_kuda_postupat_posle_9,aggregator,Gated — нужны данные,P3,—,Нет реестра СПО (после 9)
какую профессию выбрать после 9 класса,1394,C,info,top,b01_kakuyu_professiyu_vybrat,main,Создать новый контент-хаб,P1,/kak-vybrat-professiyu/,Инфо-хаб выбора профессии → /test/
тест профориентация бесплатно без регистрации,1391,D,commercial,top,d01_test_na_proforientaciyu,main,Создать новый контент-хаб,P1,/testy-na-proforientaciyu/,Хаб о тестах → /test/ (SERP: формат-статья достижим)
лучшие востребованные профессии,1384,E,info,top,e02_vostrebovannye,main,Контент-хаб без рейтинга,P1,/professiya/ (раздел),Нет данных о спросе (hh заблокирован) — не ранжируем
список профессий техникум,1380,C,info,top,e01_professii_spisok,aggregator,Расширить существующую,P0,/professiya/,Каталог 436 профессий — данные есть
специальности после 9 класса иркутск,1376,C,info,top,c06_specialnosti_posle_9,aggregator,Gated — нужны данные,P3,—,Нет реестра СПО (специальности после 9)
профориентация 11 класс,1374,0,info,top,p01_proforientaciya,main,Создать новый контент-хаб,P1,/proforientaciya/,Хаб профориентации → /test/
профориентация россии,1372,0,info,top,p01_proforientaciya,main,Создать новый контент-хаб,P1,/proforientaciya/,Хаб профориентации → /test/
развитие профориентации,1371,0,info,top,p01_proforientaciya,main,Создать новый контент-хаб,P1,/proforientaciya/,Хаб профориентации → /test/
колледж чебоксары после 9 класса специальности,1362,C,info,top,c06_specialnosti_posle_9,aggregator,Gated — нужны данные,P3,—,Нет реестра СПО (специальности после 9)
список профессий девушке после 11,1359,C,info,top,e01_professii_spisok,main,Расширить существующую,P0,/professiya/,Каталог 436 профессий — данные есть
востребованные профессии после 9 2026,1356,C,info,top,e02_vostrebovannye,main,Контент-хаб без рейтинга,P1,/professiya/ (раздел),Нет данных о спросе (hh заблокирован) — не ранжируем
куда поступить после 9 класса в брянске,1352,C,info,top,c01_kuda_postupat_posle_9,aggregator,Gated — нужны данные,P3,—,Нет реестра СПО (после 9)
профессии список хорошей зарплатой,1352,E,info,top,e01_professii_spisok,main,Расширить существующую,P0,/professiya/,Каталог 436 профессий — данные есть
специальности после 9 класса колледж спб,1345,C,info,top,c06_specialnosti_posle_9,aggregator,Gated — нужны данные,P3,—,Нет реестра СПО (специальности после 9)
вгту воронеж колледж,1344,C,info,top,g03_kolledzhi_voronezh,aggregator,Gated — нужны данные,P3,—,Нет реестра СПО (колледжи города)
список производств работ профессий,1343,E,info,top,e01_professii_spisok,main,Расширить существующую,P0,/professiya/,Каталог 436 профессий — данные есть
куда поступить с обществознанием москва,1342,C,info,top,c10_s_obschestvoznaniem,aggregator,Создана посадочная,P3,/kuda-postupat-s-obshchestvoznaniem/,Перечень Минобрнауки → направления (готово)
самые высокооплачиваемые профессии в россии 2026,1342,E,info,top,e03_vysokooplachivaemye,main,Создать новую посадочную (рейтинг),P0,/professii-vysokooplachivaemye/,Рейтинг по зарплатам Росстата окт-2025 — данные есть
куда поступить с егэ по физике,1338,C,info,top,c15_s_fizikoj,main,Создана посадочная,P3,/kuda-postupat-s-fizikoj/,Перечень Минобрнауки → направления (готово)
профессии список 1 список 2,1338,E,info,top,e01_professii_spisok,main,Расширить существующую,P0,/professiya/,Каталог 436 профессий — данные есть
куда можно поступить с обществознанием и литературой,1337,C,info,top,c10_s_obschestvoznaniem,main,Создана посадочная,P3,/kuda-postupat-s-obshchestvoznaniem/,Перечень Минобрнауки → направления (готово)
куда можно поступить после 9 класса омск,1334,C,info,top,c01_kuda_postupat_posle_9,aggregator,Gated — нужны данные,P3,—,Нет реестра СПО (после 9)
вгу колледж воронеж,1334,C,info,top,g03_kolledzhi_voronezh,aggregator,Gated — нужны данные,P3,—,Нет реестра СПО (колледжи города)
профессии с зарплатой после 11 класса,1333,C,info,top,c04_professii_posle_11,main,Расширить существующую,P2,/professiya/ + хаб-11,Профессии после 11 → каталог/направления
специальности после 9 класса калининград,1330,C,info,top,c06_specialnosti_posle_9,aggregator,Gated — нужны данные,P3,—,Нет реестра СПО (специальности после 9)
специальности после 9 класса тамбов,1326,C,info,top,c06_specialnosti_posle_9,main,Gated — нужны данные,P3,—,Нет реестра СПО (специальности после 9)
куда поступать с егэ по информатике,1326,C,info,top,c13_s_informatikoj,main,Создана посадочная,P3,/kuda-postupat-s-informatikoj/,Перечень Минобрнауки → направления (готово)
список 2 вредных профессий,1326,E,info,top,e01_professii_spisok,main,Расширить существующую,P0,/professiya/,Каталог 436 профессий — данные есть
поступление в колледж иркутск,1321,C,info,top,g05_kolledzhi_irkutsk,aggregator,Gated — нужны данные,P3,—,Нет реестра СПО (колледжи города)
список производств профессий и должностей,1317,E,info,top,e01_professii_spisok,main,Расширить существующую,P0,/professiya/,Каталог 436 профессий — данные есть
какие профессии востребованы после 9,1315,C,info,top,e02_vostrebovannye,main,Контент-хаб без рейтинга,P1,/professiya/ (раздел),Нет данных о спросе (hh заблокирован) — не ранжируем
пнипу специальности,1315,E,info,assoc,e04_professii_buduschego,main,Контент-хаб без рейтинга,P1,/professiya/ (раздел),Нет данных прогноза — контент без рейтинга
иргупс колледж иркутск,1315,C,info,top,g05_kolledzhi_irkutsk,aggregator,Gated — нужны данные,P3,—,Нет реестра СПО (колледжи города)
профориентация для детей,1313,0,info,top,a04_prof_dlya_rebenka,main,Расширить (раздел хаба),P1,/roditelyam/,Профессии для ребёнка (контент)
профориентация москва,1312,0,info,top,p01_proforientaciya,aggregator,Создать новый контент-хаб,P1,/proforientaciya/,Хаб профориентации → /test/
на кого можно учиться в колледже,1310,C,info,assoc,c06_specialnosti_posle_9,main,Gated — нужны данные,P3,—,Нет реестра СПО (специальности после 9)
список профессий для женщин,1309,E,info,top,e01_professii_spisok,main,Расширить существующую,P0,/professiya/,Каталог 436 профессий — данные есть
какие востребованные профессии для девушек,1305,E,info,top,e02_vostrebovannye,main,Контент-хаб без рейтинга,P1,/professiya/ (раздел),Нет данных о спросе (hh заблокирован) — не ранжируем
куда поступить с егэ история и обществознание,1304,C,info,top,c10_s_obschestvoznaniem,main,Создана посадочная,P3,/kuda-postupat-s-obshchestvoznaniem/,Перечень Минобрнауки → направления (готово)
бюджетные колледжи иркутска после 9,1302,C,info,top,g05_kolledzhi_irkutsk,aggregator,Gated — нужны данные,P3,—,Нет реестра СПО (колледжи города)
куда поступить на бюджет с обществознанием,1301,C,info,top,c10_s_obschestvoznaniem,main,Создана посадочная,P3,/kuda-postupat-s-obshchestvoznaniem/,Перечень Минобрнауки → направления (готово)
строительно политехнический колледж воронеж,1301,C,info,top,g03_kolledzhi_voronezh,aggregator,Gated — нужны данные,P3,—,Нет реестра СПО (колледжи города)
профессии и специальности после 9 класса,1296,C,info,top,c03_professii_posle_9,main,Gated — нужны данные,P3,—,Нет данных СПО/уровня после 9
профессий будущего сочинение,1295,E,info,top,e04_professii_buduschego,aggregator,Контент-хаб без рейтинга,P1,/professiya/ (раздел),Нет данных прогноза — контент без рейтинга
куда поступить после 9 класса специальности,1288,C,info,top,c01_kuda_postupat_posle_9,main,Gated — нужны данные,P3,—,Нет реестра СПО (после 9)
список производств работ профессий должностей,1275,E,info,top,e01_professii_spisok,main,Расширить существующую,P0,/professiya/,Каталог 436 профессий — данные есть
москва после 9 класса куда можно поступить,1266,C,info,top,c01_kuda_postupat_posle_9,aggregator,Gated — нужны данные,P3,—,Нет реестра СПО (после 9)
колледж дизайна иркутск,1263,C,info,top,g05_kolledzhi_irkutsk,aggregator,Gated — нужны данные,P3,—,Нет реестра СПО (колледжи города)
куда поступить в саратове после 9 класса,1262,C,info,top,c01_kuda_postupat_posle_9,aggregator,Gated — нужны данные,P3,—,Нет реестра СПО (после 9)
альтернативная служба в россии список профессий,1262,E,info,top,e01_professii_spisok,main,Расширить существующую,P0,/professiya/,Каталог 436 профессий — данные есть
куда поступить после 9 девушке профессии,1254,C,info,top,c08_kuda_postupat_devushke,main,Контент/фильтр (не дубль),P2,/kuda-postupat-posle-11-klassa/#devushke,Гендер-срез после 11
куда поступать с профильной математикой и географией,1253,C,info,top,c16_s_geografiej,main,Создана посадочная,P3,/kuda-postupat-s-geografiej/,Перечень Минобрнауки → направления (готово)
колледжи иркутска после 9 класса на бюджетной,1249,C,info,top,g05_kolledzhi_irkutsk,aggregator,Gated — нужны данные,P3,—,Нет реестра СПО (колледжи города)
зарплата востребованных профессий,1248,E,info,top,e02_vostrebovannye,main,Контент-хаб без рейтинга,P1,/professiya/ (раздел),Нет данных о спросе (hh заблокирован) — не ранжируем
колледж технологий воронеж,1247,C,info,top,g03_kolledzhi_voronezh,aggregator,Gated — нужны данные,P3,—,Нет реестра СПО (колледжи города)
куда поступить в волгограде после 9 класса,1244,C,info,top,c01_kuda_postupat_posle_9,aggregator,Gated — нужны данные,P3,—,Нет реестра СПО (после 9)
куда поступить после 11 класса в казани,1244,C,info,top,c02_kuda_postupat_posle_11,aggregator,Создать новый контент-хаб,P2,/kuda-postupat-posle-11-klassa/,После 11 → вузы/направления (данные есть)
куда поступить на сварщика после 9 класса,1242,C,info,top,c01_kuda_postupat_posle_9,main,Gated — нужны данные,P3,—,Нет реестра СПО (после 9)
профессии в россии после 11 класса,1242,C,info,top,c04_professii_posle_11,main,Расширить существующую,P2,/professiya/ + хаб-11,Профессии после 11 → каталог/направления
профессии будущего 2,1236,E,info,top,e04_professii_buduschego,main,Контент-хаб без рейтинга,P1,/professiya/ (раздел),Нет данных прогноза — контент без рейтинга
бюджетные профессии после 9 класса,1233,C,info,top,c03_professii_posle_9,main,Gated — нужны данные,P3,—,Нет данных СПО/уровня после 9
куда можно поступить после 9 класса 2026,1232,C,info,top,c01_kuda_postupat_posle_9,main,Gated — нужны данные,P3,—,Нет реестра СПО (после 9)
куда поступить после 9 класса в томске,1231,C,info,top,c01_kuda_postupat_posle_9,aggregator,Gated — нужны данные,P3,—,Нет реестра СПО (после 9)
какие профессии востребованы после 9 класса,1231,C,info,top,c03_professii_posle_9,main,Gated — нужны данные,P3,—,Нет данных СПО/уровня после 9
куда можно поступить с обществознанием и географией,1226,C,info,top,c10_s_obschestvoznaniem,main,Создана посадочная,P3,/kuda-postupat-s-obshchestvoznaniem/,Перечень Минобрнауки → направления (готово)
цель профориентации,1226,0,info,top,p01_proforientaciya,main,Создать новый контент-хаб,P1,/proforientaciya/,Хаб профориентации → /test/
тест климова на профориентацию,1221,D,info,top,d01_test_na_proforientaciyu,main,Создать новый контент-хаб,P1,/testy-na-proforientaciyu/,Хаб о тестах → /test/ (SERP: формат-статья достижим)
какую профессию получить после 9 класса,1216,C,info,top,c03_professii_posle_9,main,Gated — нужны данные,P3,—,Нет данных СПО/уровня после 9
колледжи воронежа бюджет,1216,C,info,top,g03_kolledzhi_voronezh,aggregator,Gated — нужны данные,P3,—,Нет реестра СПО (колледжи города)
наиболее востребованные профессии,1211,E,info,top,e02_vostrebovannye,main,Контент-хаб без рейтинга,P1,/professiya/ (раздел),Нет данных о спросе (hh заблокирован) — не ранжируем
профессии будущего новых профессий,1210,E,info,top,e04_professii_buduschego,main,Контент-хаб без рейтинга,P1,/professiya/ (раздел),Нет данных прогноза — контент без рейтинга
медицинский колледж воронеж официальный,1197,C,info,top,g03_kolledzhi_voronezh,aggregator,Gated — нужны данные,P3,—,Нет реестра СПО (колледжи города)
куда поступать с биологией и географией,1196,C,info,top,c12_s_biologiej,main,Создана посадочная,P3,/kuda-postupat-s-biologiej/,Перечень Минобрнауки → направления (готово)
какие специальности востребованы в россии,1194,E,info,assoc,e01_professii_spisok,main,Расширить существующую,P0,/professiya/,Каталог 436 профессий — данные есть
юридический колледж иркутск,1193,C,info,top,g05_kolledzhi_irkutsk,aggregator,Gated — нужны данные,P3,—,Нет реестра СПО (колледжи города)
профориентация молодежи,1187,0,info,top,p01_proforientaciya,main,Создать новый контент-хаб,P1,/proforientaciya/,Хаб профориентации → /test/
куда поступить с географией и обществом,1186,C,info,top,c16_s_geografiej,main,Создана посадочная,P3,/kuda-postupat-s-geografiej/,Перечень Минобрнауки → направления (готово)
пройти тест на профессию,1185,D,commercial,top,d05_test_na_professiyu,main,Расширить (раздел хаба),P1,/testy-na-proforientaciyu/,«Тест на профессию» → хаб → /test/
мероприятия по профориентации,1182,0,info,top,p01_proforientaciya,main,Создать новый контент-хаб,P1,/proforientaciya/,Хаб профориентации → /test/
профориентация спб,1178,0,info,top,p01_proforientaciya,aggregator,Создать новый контент-хаб,P1,/proforientaciya/,Хаб профориентации → /test/
реализация профориентации,1177,0,info,top,p01_proforientaciya,main,Создать новый контент-хаб,P1,/proforientaciya/,Хаб профориентации → /test/
воронеж куда можно поступить после 9 класса,1175,C,info,top,c01_kuda_postupat_posle_9,aggregator,Gated — нужны данные,P3,—,Нет реестра СПО (после 9)
куда поступить после 11 класса с литературой,1175,C,info,top,c02_kuda_postupat_posle_11,main,Создать новый контент-хаб,P2,/kuda-postupat-posle-11-klassa/,После 11 → вузы/направления (данные есть)
какие профессии востребованы в россии 2026,1169,E,info,top,e02_vostrebovannye,main,Контент-хаб без рейтинга,P1,/professiya/ (раздел),Нет данных о спросе (hh заблокирован) — не ранжируем
куда поступить в екатеринбурге после 11 класса,1167,C,info,top,c02_kuda_postupat_posle_11,aggregator,Создать новый контент-хаб,P2,/kuda-postupat-posle-11-klassa/,После 11 → вузы/направления (данные есть)
поступление в колледж воронеж,1167,C,info,top,g03_kolledzhi_voronezh,aggregator,Gated — нужны данные,P3,—,Нет реестра СПО (колледжи города)
куда можно поступить с егэ по географии,1162,C,info,top,c16_s_geografiej,main,Создана посадочная,P3,/kuda-postupat-s-geografiej/,Перечень Минобрнауки → направления (готово)
профориентация направления,1158,0,info,top,p01_proforientaciya,main,Создать новый контент-хаб,P1,/proforientaciya/,Хаб профориентации → /test/
сайт медицинского колледжа воронеж,1156,C,info,top,g03_kolledzhi_voronezh,aggregator,Gated — нужны данные,P3,—,Нет реестра СПО (колледжи города)
востребованные профессии на рынке труда,1151,E,info,top,e02_vostrebovannye,main,Контент-хаб без рейтинга,P1,/professiya/ (раздел),Нет данных о спросе (hh заблокирован) — не ранжируем
высокооплачиваемые профессии после 9 класса для девушек,1147,C,info,top,c03_professii_posle_9,main,Gated — нужны данные,P3,—,Нет данных СПО/уровня после 9
куда поступить в спб после 11 класса,1144,C,info,top,c02_kuda_postupat_posle_11,aggregator,Создать новый контент-хаб,P2,/kuda-postupat-posle-11-klassa/,После 11 → вузы/направления (данные есть)
куда поступить с егэ русский математика биология,1143,C,info,top,c12_s_biologiej,main,Создана посадочная,P3,/kuda-postupat-s-biologiej/,Перечень Минобрнауки → направления (готово)
тест на профориентацию бесплатно профессии,1141,D,commercial,top,d01_test_na_proforientaciyu,main,Создать новый контент-хаб,P1,/testy-na-proforientaciyu/,Хаб о тестах → /test/ (SERP: формат-статья достижим)
список профессий дающих,1140,E,info,top,e01_professii_spisok,main,Расширить существующую,P0,/professiya/,Каталог 436 профессий — данные есть
профессии будущего в мире,1140,E,info,top,e04_professii_buduschego,main,Контент-хаб без рейтинга,P1,/professiya/ (раздел),Нет данных прогноза — контент без рейтинга
колледжи иркутска юриспруденция,1140,C,info,top,g05_kolledzhi_irkutsk,aggregator,Gated — нужны данные,P3,—,Нет реестра СПО (колледжи города)
воронеж медицинский колледж официальный сайт,1137,C,info,top,g03_kolledzhi_voronezh,aggregator,Gated — нужны данные,P3,—,Нет реестра СПО (колледжи города)
техникумы и колледжи воронежа,1137,C,info,top,g03_kolledzhi_voronezh,aggregator,Gated — нужны данные,P3,—,Нет реестра СПО (колледжи города)
балл 3.8 куда поступить после 9 класса,1133,C,info,top,c01_kuda_postupat_posle_9,main,Gated — нужны данные,P3,—,Нет реестра СПО (после 9)
самые высокооплачиваемые профессии для девушек,1131,E,info,top,e03_vysokooplachivaemye,main,Создать новую посадочную (рейтинг),P0,/professii-vysokooplachivaemye/,Рейтинг по зарплатам Росстата окт-2025 — данные есть
город профессий для детей в москве,1130,A,info,assoc,a04_prof_dlya_rebenka,aggregator,Расширить (раздел хаба),P1,/roditelyam/,Профессии для ребёнка (контент)
на кого пойти учиться после 11 класса,1126,C,info,top,b04_na_kogo_pojti_uchitsya,main,Создать новый контент-хаб,P1,/kak-vybrat-professiyu/,ВЧ-инфо → хаб выбора + каталоги + /test/
куда поступить с егэ физика математика русский,1126,C,info,top,c15_s_fizikoj,main,Создана посадочная,P3,/kuda-postupat-s-fizikoj/,Перечень Минобрнауки → направления (готово)
профессии будущего обучение,1124,E,info,top,e04_professii_buduschego,main,Контент-хаб без рейтинга,P1,/professiya/ (раздел),Нет данных прогноза — контент без рейтинга
куда поступить после 9 класса в питере,1120,C,info,top,c01_kuda_postupat_posle_9,aggregator,Gated — нужны данные,P3,—,Нет реестра СПО (после 9)
куда поступить с базой и обществознанием,1120,C,info,top,c10_s_obschestvoznaniem,main,Создана посадочная,P3,/kuda-postupat-s-obshchestvoznaniem/,Перечень Минобрнауки → направления (готово)
самые востребованные и высокооплачиваемые профессии,1120,E,info,top,e02_vostrebovannye,main,Контент-хаб без рейтинга,P1,/professiya/ (раздел),Нет данных о спросе (hh заблокирован) — не ранжируем
кем можно стать после 9,1118,C,info,top,b03_kem_mozhno_stat,main,Расширить существующую,P0,/professiya/,«Кем можно стать» = список профессий → каталог
список хороших профессий после 9 класса,1118,C,info,top,c03_professii_posle_9,main,Gated — нужны данные,P3,—,Нет данных СПО/уровня после 9
профессии на кого пойти учиться,1117,B,info,top,b04_na_kogo_pojti_uchitsya,main,Создать новый контент-хаб,P1,/kak-vybrat-professiyu/,ВЧ-инфо → хаб выбора + каталоги + /test/
льготные пенсии список профессий,1117,E,info,top,e01_professii_spisok,main,Расширить существующую,P0,/professiya/,Каталог 436 профессий — данные есть
куда можно поступить с профильной биологией,1116,C,info,top,c12_s_biologiej,main,Создана посадочная,P3,/kuda-postupat-s-biologiej/,Перечень Минобрнауки → направления (готово)
куда поступить с профилем и обществознанием,1115,C,info,top,c10_s_obschestvoznaniem,main,Создана посадочная,P3,/kuda-postupat-s-obshchestvoznaniem/,Перечень Минобрнауки → направления (готово)
краснодар куда можно поступить после 9 класса,1113,C,info,top,c01_kuda_postupat_posle_9,aggregator,Gated — нужны данные,P3,—,Нет реестра СПО (после 9)
программа по профориентации,1113,0,info,top,p01_proforientaciya,main,Создать новый контент-хаб,P1,/proforientaciya/,Хаб профориентации → /test/
какие профессии после 11 класса девушке,1112,C,info,top,c04_professii_posle_11,main,Расширить существующую,P2,/professiya/ + хаб-11,Профессии после 11 → каталог/направления
востребованные профессии связанные,1111,E,info,top,e02_vostrebovannye,main,Контент-хаб без рейтинга,P1,/professiya/ (раздел),Нет данных о спросе (hh заблокирован) — не ранжируем
перспективные профессии будущего,1111,E,info,top,e04_professii_buduschego,main,Контент-хаб без рейтинга,P1,/professiya/ (раздел),Нет данных прогноза — контент без рейтинга
куда можно поступить после 9 класса список,1109,C,info,top,c01_kuda_postupat_posle_9,main,Gated — нужны данные,P3,—,Нет реестра СПО (после 9)
какие есть профессии после 11 класса,1109,C,info,top,c04_professii_posle_11,main,Расширить существующую,P2,/professiya/ + хаб-11,Профессии после 11 → каталог/направления
суть профориентации,1109,0,info,top,p01_proforientaciya,main,Создать новый контент-хаб,P1,/proforientaciya/,Хаб профориентации → /test/
тест на профессию после 11,1108,D,info,top,d05_test_na_professiyu,main,Расширить (раздел хаба),P1,/testy-na-proforientaciyu/,«Тест на профессию» → хаб → /test/
куда поступать после 9 класса йошкар ола,1106,C,info,top,c01_kuda_postupat_posle_9,main,Gated — нужны данные,P3,—,Нет реестра СПО (после 9)
информатика после 9 класса куда поступить,1104,C,info,top,c01_kuda_postupat_posle_9,main,Gated — нужны данные,P3,—,Нет реестра СПО (после 9)
пермское суворовское училище,1104,C,info,assoc,g02_kolledzhi_perm,aggregator,Gated — нужны данные,P3,—,Нет реестра СПО (колледжи города)
профессии будущего для девушек,1102,E,info,top,e04_professii_buduschego,main,Контент-хаб без рейтинга,P1,/professiya/ (раздел),Нет данных прогноза — контент без рейтинга
куда поступить в воронеже после 11 класса,1101,C,info,top,c02_kuda_postupat_posle_11,aggregator,Создать новый контент-хаб,P2,/kuda-postupat-posle-11-klassa/,После 11 → вузы/направления (данные есть)
куда поступить с русским языком математикой обществознанием,1101,C,info,top,c10_s_obschestvoznaniem,main,Создана посадочная,P3,/kuda-postupat-s-obshchestvoznaniem/,Перечень Минобрнауки → направления (готово)
организация профориентация,1101,0,info,top,p01_proforientaciya,main,Создать новый контент-хаб,P1,/proforientaciya/,Хаб профориентации → /test/
востребованные профессии через 5 лет,1099,E,info,top,e02_vostrebovannye,main,Контент-хаб без рейтинга,P1,/professiya/ (раздел),Нет данных о спросе (hh заблокирован) — не ранжируем
куда можно поступить после 9 класса оренбург,1093,C,info,top,c01_kuda_postupat_posle_9,aggregator,Gated — нужны данные,P3,—,Нет реестра СПО (после 9)
пройти тест на профориентацию онлайн,1090,D,commercial,top,d01_test_na_proforientaciyu,main,Создать новый контент-хаб,P1,/testy-na-proforientaciyu/,Хаб о тестах → /test/ (SERP: формат-статья достижим)
профориентация обучение,1090,0,info,top,p01_proforientaciya,main,Создать новый контент-хаб,P1,/proforientaciya/,Хаб профориентации → /test/
колледж бгу иркутск официальный,1089,C,info,top,g05_kolledzhi_irkutsk,aggregator,Gated — нужны данные,P3,—,Нет реестра СПО (колледжи города)
1 профориентация,1087,0,info,top,p01_proforientaciya,main,Создать новый контент-хаб,P1,/proforientaciya/,Хаб профориентации → /test/
куда поступить после 11 класса нижний новгород,1083,C,info,top,c02_kuda_postupat_posle_11,aggregator,Создать новый контент-хаб,P2,/kuda-postupat-posle-11-klassa/,После 11 → вузы/направления (данные есть)
сайт колледжа бгу иркутск,1081,C,info,top,g05_kolledzhi_irkutsk,aggregator,Gated — нужны данные,P3,—,Нет реестра СПО (колледжи города)
куда поступить в ярославле после 9 класса,1080,C,info,top,c01_kuda_postupat_posle_9,aggregator,Gated — нужны данные,P3,—,Нет реестра СПО (после 9)
профессии после 9 класса с аттестатом,1080,C,info,top,c03_professii_posle_9,main,Gated — нужны данные,P3,—,Нет данных СПО/уровня после 9
профориентация тест на выбор профессии бесплатно,1080,D,commercial,top,d01_test_na_proforientaciyu,main,Создать новый контент-хаб,P1,/testy-na-proforientaciyu/,Хаб о тестах → /test/ (SERP: формат-статья достижим)
востребованы профессии в россии для мужчин,1075,E,info,top,e02_vostrebovannye,main,Контент-хаб без рейтинга,P1,/professiya/ (раздел),Нет данных о спросе (hh заблокирован) — не ранжируем
приемная комиссия колледж воронеж,1074,C,info,top,g03_kolledzhi_voronezh,aggregator,Gated — нужны данные,P3,—,Нет реестра СПО (колледжи города)
профориентация 2025,1074,0,info,top,p01_proforientaciya,main,Создать новый контент-хаб,P1,/proforientaciya/,Хаб профориентации → /test/
профориентация обучающихся,1072,0,info,top,p01_proforientaciya,main,Создать новый контент-хаб,P1,/proforientaciya/,Хаб профориентации → /test/
куда можно поступить после 9 класса заочно,1071,C,info,top,c01_kuda_postupat_posle_9,main,Gated — нужны данные,P3,—,Нет реестра СПО (после 9)
профессии будущего вопросы,1069,E,info,top,e04_professii_buduschego,main,Контент-хаб без рейтинга,P1,/professiya/ (раздел),Нет данных прогноза — контент без рейтинга
самые востребованные профессии на ближайшие годы,1068,E,info,top,e02_vostrebovannye,main,Контент-хаб без рейтинга,P1,/professiya/ (раздел),Нет данных о спросе (hh заблокирован) — не ранжируем
тест на профессию без регистрации,1067,D,info,top,d05_test_na_professiyu,main,Расширить (раздел хаба),P1,/testy-na-proforientaciyu/,«Тест на профессию» → хаб → /test/
план профориентации,1063,0,info,top,p01_proforientaciya,main,Создать новый контент-хаб,P1,/proforientaciya/,Хаб профориентации → /test/
вузы куда можно поступить с обществознанием,1062,C,info,top,c10_s_obschestvoznaniem,main,Создана посадочная,P3,/kuda-postupat-s-obshchestvoznaniem/,Перечень Минобрнауки → направления (готово)
куда поступить после 9 список профессий,1061,C,info,top,e01_professii_spisok,main,Расширить существующую,P0,/professiya/,Каталог 436 профессий — данные есть
какие профессии можно получить после 9 класса,1058,C,info,top,c03_professii_posle_9,main,Gated — нужны данные,P3,—,Нет данных СПО/уровня после 9
список профессий на кого поступать,1058,C,info,top,e01_professii_spisok,main,Расширить существующую,P0,/professiya/,Каталог 436 профессий — данные есть
востребованные профессии колледж,1058,C,info,top,e02_vostrebovannye,main,Контент-хаб без рейтинга,P1,/professiya/ (раздел),Нет данных о спросе (hh заблокирован) — не ранжируем
профессии после 9 класса для парней,1056,C,info,top,c03_professii_posle_9,main,Gated — нужны данные,P3,—,Нет данных СПО/уровня после 9
куда поступать девушке список профессий,1051,C,info,top,c08_kuda_postupat_devushke,main,Контент/фильтр (не дубль),P2,/kuda-postupat-posle-11-klassa/#devushke,Гендер-срез после 11
куда можно поступить после 9 класса чебоксары,1050,C,info,top,c01_kuda_postupat_posle_9,aggregator,Gated — нужны данные,P3,—,Нет реестра СПО (после 9)
самые высокооплачиваемые профессии после 9,1049,C,info,top,e03_vysokooplachivaemye,main,Создать новую посадочную (рейтинг),P0,/professii-vysokooplachivaemye/,Рейтинг по зарплатам Росстата окт-2025 — данные есть
профессии будущего щепкина,1045,E,info,top,e04_professii_buduschego,main,Контент-хаб без рейтинга,P1,/professiya/ (раздел),Нет данных прогноза — контент без рейтинга
куда поступить в тюмени после 11 класса,1043,C,info,top,c02_kuda_postupat_posle_11,aggregator,Создать новый контент-хаб,P2,/kuda-postupat-posle-11-klassa/,После 11 → вузы/направления (данные есть)
базовый медицинский колледж воронеж,1040,C,info,top,g03_kolledzhi_voronezh,aggregator,Gated — нужны данные,P3,—,Нет реестра СПО (колледжи города)
колледж бгу иркутск официальный сайт,1039,C,info,top,g05_kolledzhi_irkutsk,aggregator,Gated — нужны данные,P3,—,Нет реестра СПО (колледжи города)
куда поступить после 11 класса экзамены,1037,C,info,top,c02_kuda_postupat_posle_11,main,Создать новый контент-хаб,P2,/kuda-postupat-posle-11-klassa/,После 11 → вузы/направления (данные есть)
востребованные профессии 2030,1037,E,info,top,e02_vostrebovannye,main,Контент-хаб без рейтинга,P1,/professiya/ (раздел),Нет данных о спросе (hh заблокирован) — не ранжируем
авиационный колледж иркутск,1036,C,info,top,g05_kolledzhi_irkutsk,aggregator,Gated — нужны данные,P3,—,Нет реестра СПО (колледжи города)
профессия будущего сайт,1034,E,info,top,e04_professii_buduschego,main,Контент-хаб без рейтинга,P1,/professiya/ (раздел),Нет данных прогноза — контент без рейтинга
куда можно поступить после школы 9 класса,1032,C,info,top,c01_kuda_postupat_posle_9,main,Gated — нужны данные,P3,—,Нет реестра СПО (после 9)
куда поступить в архангельске после 9 класса,1030,C,info,top,c01_kuda_postupat_posle_9,aggregator,Gated — нужны данные,P3,—,Нет реестра СПО (после 9)
направление будущей профессии,1029,E,info,top,e04_professii_buduschego,main,Контент-хаб без рейтинга,P1,/professiya/ (раздел),Нет данных прогноза — контент без рейтинга
профориентация мгу,1028,0,info,top,p01_proforientaciya,main,Создать новый контент-хаб,P1,/proforientaciya/,Хаб профориентации → /test/
самые востребованные профессии на ближайшие 10,1025,E,info,top,e02_vostrebovannye,main,Контент-хаб без рейтинга,P1,/professiya/ (раздел),Нет данных о спросе (hh заблокирован) — не ранжируем
профориентация сайт,1024,0,info,top,p01_proforientaciya,main,Создать новый контент-хаб,P1,/proforientaciya/,Хаб профориентации → /test/
система профориентация,1023,0,info,top,p01_proforientaciya,main,Создать новый контент-хаб,P1,/proforientaciya/,Хаб профориентации → /test/
гуманитарный колледж воронеж,1020,C,info,top,g03_kolledzhi_voronezh,aggregator,Gated — нужны данные,P3,—,Нет реестра СПО (колледжи города)
3 профессии будущего,1006,E,info,top,e04_professii_buduschego,main,Контент-хаб без рейтинга,P1,/professiya/ (раздел),Нет данных прогноза — контент без рейтинга
профессиограмма это,1005,0,info,assoc,p01_proforientaciya,main,Создать новый контент-хаб,P1,/proforientaciya/,Хаб профориентации → /test/
куда поступить после 11 класса в нижнем,1004,C,info,top,c02_kuda_postupat_posle_11,main,Создать новый контент-хаб,P2,/kuda-postupat-posle-11-klassa/,После 11 → вузы/направления (данные есть)
кем можно стать в будущем,1002,B,info,top,b03_kem_mozhno_stat,main,Расширить существующую,P0,/professiya/,«Кем можно стать» = список профессий → каталог
колледж бурденко воронеж,1002,C,info,top,g03_kolledzhi_voronezh,aggregator,Gated — нужны данные,P3,—,Нет реестра СПО (колледжи города)
список 2 льготных профессий,996,E,info,top,e01_professii_spisok,main,Расширить существующую,P0,/professiya/,Каталог 436 профессий — данные есть
куда можно поступить с химией кроме медицинского,995,C,info,top,c14_s_himiej,main,Создана посадочная,P3,/kuda-postupat-s-himiej/,Перечень Минобрнауки → направления (готово)
тест на профориентацию бесплатно для школьников,995,D,commercial,top,d01_test_na_proforientaciyu,main,Создать новый контент-хаб,P1,/testy-na-proforientaciyu/,Хаб о тестах → /test/ (SERP: формат-статья достижим)
колледжи г иркутска,995,C,info,top,g05_kolledzhi_irkutsk,aggregator,Gated — нужны данные,P3,—,Нет реестра СПО (колледжи города)
творческие профессии после 9 класса,993,C,info,top,c03_professii_posle_9,main,Gated — нужны данные,P3,—,Нет данных СПО/уровня после 9
правоохранительные профессии после 9 класса,991,C,info,top,c03_professii_posle_9,main,Gated — нужны данные,P3,—,Нет данных СПО/уровня после 9
куда поступить после 9 девушке список,990,C,info,top,c08_kuda_postupat_devushke,main,Контент/фильтр (не дубль),P2,/kuda-postupat-posle-11-klassa/#devushke,Гендер-срез после 11
профессии после 11 класса с хорошей зарплатой,987,C,info,top,c04_professii_posle_11,main,Расширить существующую,P2,/professiya/ + хаб-11,Профессии после 11 → каталог/направления
куда поступить после 9 класса техникум,984,C,info,top,c01_kuda_postupat_posle_9,main,Gated — нужны данные,P3,—,Нет реестра СПО (после 9)
выборы профессий после 9 класса,981,C,info,top,c03_professii_posle_9,main,Gated — нужны данные,P3,—,Нет данных СПО/уровня после 9
профессии после 11 класса обществознание,978,C,info,top,c04_professii_posle_11,main,Расширить существующую,P2,/professiya/ + хаб-11,Профессии после 11 → каталог/направления
училище какое образование считается,978,C,info,assoc,c06_specialnosti_posle_9,main,Gated — нужны данные,P3,—,Нет реестра СПО (специальности после 9)
9 профессий будущего,975,E,info,top,e04_professii_buduschego,main,Контент-хаб без рейтинга,P1,/professiya/ (раздел),Нет данных прогноза — контент без рейтинга
куда поступить после 11 класса профессии,973,C,info,top,c02_kuda_postupat_posle_11,main,Создать новый контент-хаб,P2,/kuda-postupat-posle-11-klassa/,После 11 → вузы/направления (данные есть)
выбор профессии после 9 класса,973,C,info,top,c03_professii_posle_9,main,Gated — нужны данные,P3,—,Нет данных СПО/уровня после 9
востребованные рабочие профессии,973,E,info,top,e02_vostrebovannye,main,Контент-хаб без рейтинга,P1,/professiya/ (раздел),Нет данных о спросе (hh заблокирован) — не ранжируем
колледжи г воронежа,973,C,info,top,g03_kolledzhi_voronezh,aggregator,Gated — нужны данные,P3,—,Нет реестра СПО (колледжи города)
техникум какие профессии после 9 класса,972,C,info,top,c03_professii_posle_9,both,Gated — нужны данные,P3,—,Нет данных СПО/уровня после 9
кем пойти работать с образованием,970,B,info,top,b06_kem_pojti_rabotat,main,Расширить существующую,P0,/professiya/,«Кем пойти работать» = список профессий → каталог
курсы профориентации,968,0,info,top,p01_proforientaciya,main,Создать новый контент-хаб,P1,/proforientaciya/,Хаб профориентации → /test/
востребованные профессии для девушек после 11,967,C,info,top,e02_vostrebovannye,main,Контент-хаб без рейтинга,P1,/professiya/ (раздел),Нет данных о спросе (hh заблокирован) — не ранжируем
профессии будущего в печатниках,966,E,info,top,e04_professii_buduschego,main,Контент-хаб без рейтинга,P1,/professiya/ (раздел),Нет данных прогноза — контент без рейтинга
самые востребованные профессии на 10 лет,964,E,info,top,e02_vostrebovannye,main,Контент-хаб без рейтинга,P1,/professiya/ (раздел),Нет данных о спросе (hh заблокирован) — не ранжируем
список колледжей после 9 воронеж,962,C,info,top,g03_kolledzhi_voronezh,aggregator,Gated — нужны данные,P3,—,Нет реестра СПО (колледжи города)
кем можно стать после 9 класса,959,C,info,top,b03_kem_mozhno_stat,main,Расширить существующую,P0,/professiya/,«Кем можно стать» = список профессий → каталог
куда поступать с биологией после 9,959,C,info,top,c12_s_biologiej,main,Создана посадочная,P3,/kuda-postupat-s-biologiej/,Перечень Минобрнауки → направления (готово)
профориентация 8,959,0,info,top,p01_proforientaciya,main,Создать новый контент-хаб,P1,/proforientaciya/,Хаб профориентации → /test/
специальности врачей список,958,E,info,assoc,d06_test_na_vybor_professii,main,Использовать существующую,P1,/test/,Прямой интент квиза
на кого поступить девушке список профессий,958,C,info,top,e01_professii_spisok,main,Расширить существующую,P0,/professiya/,Каталог 436 профессий — данные есть
тест на профориентацию 9 класс бесплатно,957,D,commercial,top,d01_test_na_proforientaciyu,main,Создать новый контент-хаб,P1,/testy-na-proforientaciyu/,Хаб о тестах → /test/ (SERP: формат-статья достижим)
куда поступить на психолога после 9 класса,955,C,info,top,c01_kuda_postupat_posle_9,main,Gated — нужны данные,P3,—,Нет реестра СПО (после 9)
колледжи воронежа после 9 класса список,955,C,info,top,g03_kolledzhi_voronezh,aggregator,Gated — нужны данные,P3,—,Нет реестра СПО (колледжи города)
проект профессии будущего,953,E,info,top,e04_professii_buduschego,main,Контент-хаб без рейтинга,P1,/professiya/ (раздел),Нет данных прогноза — контент без рейтинга
куда поступить после 9 класса на юриста,952,C,info,top,c01_kuda_postupat_posle_9,main,Gated — нужны данные,P3,—,Нет реестра СПО (после 9)
самые высокооплачиваемые профессии в мире,952,E,info,top,e03_vysokooplachivaemye,main,Создать новую посадочную (рейтинг),P0,/professii-vysokooplachivaemye/,Рейтинг по зарплатам Росстата окт-2025 — данные есть
образовательная профориентация,952,0,info,top,p01_proforientaciya,main,Создать новый контент-хаб,P1,/proforientaciya/,Хаб профориентации → /test/
куда лучше поступить после 11 класса,951,C,info,top,c02_kuda_postupat_posle_11,main,Создать новый контент-хаб,P2,/kuda-postupat-posle-11-klassa/,После 11 → вузы/направления (данные есть)
самые востребованные профессии на ближайшие 10 лет,951,E,info,top,e02_vostrebovannye,main,Контент-хаб без рейтинга,P1,/professiya/ (раздел),Нет данных о спросе (hh заблокирован) — не ранжируем
востребованные профессии 2026 для мужчин,951,E,info,top,e02_vostrebovannye,main,Контент-хаб без рейтинга,P1,/professiya/ (раздел),Нет данных о спросе (hh заблокирован) — не ранжируем
написать профессию будущего,951,E,info,top,e04_professii_buduschego,main,Контент-хаб без рейтинга,P1,/professiya/ (раздел),Нет данных прогноза — контент без рейтинга
тест на профессию бесплатно без регистрации,949,D,commercial,top,d05_test_na_professiyu,main,Расширить (раздел хаба),P1,/testy-na-proforientaciyu/,«Тест на профессию» → хаб → /test/
помощь профориентация,948,0,info,top,p01_proforientaciya,main,Создать новый контент-хаб,P1,/proforientaciya/,Хаб профориентации → /test/
самые высокооплачиваемые профессии после 9 класса,946,C,info,top,c03_professii_posle_9,main,Gated — нужны данные,P3,—,Нет данных СПО/уровня после 9
профессии после 9 класса красноярск,945,C,info,top,c03_professii_posle_9,aggregator,Gated — нужны данные,P3,—,Нет данных СПО/уровня после 9
колледж имени пескова воронеж,945,C,info,top,g03_kolledzhi_voronezh,aggregator,Gated — нужны данные,P3,—,Нет реестра СПО (колледжи города)
колледж плеханова воронеж,942,C,info,top,g03_kolledzhi_voronezh,aggregator,Gated — нужны данные,P3,—,Нет реестра СПО (колледжи города)
тест на профориентацию без регистрации,941,D,info,top,d01_test_na_proforientaciyu,main,Создать новый контент-хаб,P1,/testy-na-proforientaciyu/,Хаб о тестах → /test/ (SERP: формат-статья достижим)
тест по профориентации для выбора,939,D,info,top,d01_test_na_proforientaciyu,main,Создать новый контент-хаб,P1,/testy-na-proforientaciyu/,Хаб о тестах → /test/ (SERP: формат-статья достижим)
центр профессии будущего щепкина,939,E,commercial,top,e04_professii_buduschego,main,Контент-хаб без рейтинга,P1,/professiya/ (раздел),Нет данных прогноза — контент без рейтинга
бюджетный колледж воронеж,938,C,info,top,g03_kolledzhi_voronezh,aggregator,Gated — нужны данные,P3,—,Нет реестра СПО (колледжи города)
куда можно поступить после 9 класса чита,937,C,info,top,c01_kuda_postupat_posle_9,aggregator,Gated — нужны данные,P3,—,Нет реестра СПО (после 9)
сколько лет екатерине климовой,937,D,info,assoc,d09_ddo_klimova,main,Создать статью в хабе,P1,/testy-na-proforientaciyu/test-klimova/,ДДО Климова (та же методика)
после 9 класса список профессий техникумы,936,C,info,top,c03_professii_posle_9,aggregator,Gated — нужны данные,P3,—,Нет данных СПО/уровня после 9
куда поступить с русским английским и обществознанием,931,C,info,top,c10_s_obschestvoznaniem,main,Создана посадочная,P3,/kuda-postupat-s-obshchestvoznaniem/,Перечень Минобрнауки → направления (готово)
куда поступить в кургане после 9 класса,929,C,info,top,c01_kuda_postupat_posle_9,main,Gated — нужны данные,P3,—,Нет реестра СПО (после 9)
куда можно поступить после 9 парню,929,C,info,top,c09_kuda_postupat_parnyu,main,Контент/фильтр (не дубль),P2,/kuda-postupat-posle-11-klassa/#parnyu,Гендер-срез после 11
профессии связанные с будущим,929,E,info,top,e04_professii_buduschego,main,Контент-хаб без рейтинга,P1,/professiya/ (раздел),Нет данных прогноза — контент без рейтинга
куда поступить в липецке после 9 класса,927,C,info,top,c01_kuda_postupat_posle_9,aggregator,Gated — нужны данные,P3,—,Нет реестра СПО (после 9)
куда поступить с егэ история обществознание русский,927,C,info,top,c10_s_obschestvoznaniem,main,Создана посадочная,P3,/kuda-postupat-s-obshchestvoznaniem/,Перечень Минобрнауки → направления (готово)
куда поступить с русским обществом и историей,927,C,info,top,c11_s_istoriej,main,Создана посадочная,P3,/kuda-postupat-s-istoriej/,Перечень Минобрнауки → направления (готово)
профессии для девушек зарплата список,927,E,info,top,e01_professii_spisok,main,Расширить существующую,P0,/professiya/,Каталог 436 профессий — данные есть
какую профессию выбрать человеку,925,B,info,top,b01_kakuyu_professiyu_vybrat,main,Создать новый контент-хаб,P1,/kak-vybrat-professiyu/,Инфо-хаб выбора профессии → /test/
куда поступить после 9 класса в хабаровске,925,C,info,top,c01_kuda_postupat_posle_9,aggregator,Gated — нужны данные,P3,—,Нет реестра СПО (после 9)
куда поступить в вологде после 9 класса,925,C,info,top,c01_kuda_postupat_posle_9,aggregator,Gated — нужны данные,P3,—,Нет реестра СПО (после 9)
список высокооплачиваемых профессий,921,E,info,top,e01_professii_spisok,main,Расширить существующую,P0,/professiya/,Каталог 436 профессий — данные есть
9 класс куда можно поступить парню,919,C,info,top,c01_kuda_postupat_posle_9,main,Gated — нужны данные,P3,—,Нет реестра СПО (после 9)
куда поступить после 9 класса в абакане,918,C,info,top,c01_kuda_postupat_posle_9,main,Gated — нужны данные,P3,—,Нет реестра СПО (после 9)
куда поступать с английским и обществознанием егэ,915,C,info,top,c10_s_obschestvoznaniem,main,Создана посадочная,P3,/kuda-postupat-s-obshchestvoznaniem/,Перечень Минобрнауки → направления (готово)
востребованные профессии образования,915,E,info,top,e02_vostrebovannye,main,Контент-хаб без рейтинга,P1,/professiya/ (раздел),Нет данных о спросе (hh заблокирован) — не ранжируем
на кого можно пойти учиться девушке,912,B,info,top,b04_na_kogo_pojti_uchitsya,main,Создать новый контент-хаб,P1,/kak-vybrat-professiyu/,ВЧ-инфо → хаб выбора + каталоги + /test/
тесты на профессию 11 класс,912,D,info,top,c04_professii_posle_11,main,Расширить существующую,P2,/professiya/ + хаб-11,Профессии после 11 → каталог/направления
профориентация является,911,0,info,top,p01_proforientaciya,main,Создать новый контент-хаб,P1,/proforientaciya/,Хаб профориентации → /test/
куда поступить после 9 класса на повара,909,C,info,top,c01_kuda_postupat_posle_9,main,Gated — нужны данные,P3,—,Нет реестра СПО (после 9)
куда можно поступить профессии девушка,907,C,info,top,c08_kuda_postupat_devushke,main,Контент/фильтр (не дубль),P2,/kuda-postupat-posle-11-klassa/#devushke,Гендер-срез после 11
куда поступить в пензе после 9 класса,904,C,info,top,c01_kuda_postupat_posle_9,aggregator,Gated — нужны данные,P3,—,Нет реестра СПО (после 9)
куда поступать на программиста после 9 класса,901,C,info,top,c01_kuda_postupat_posle_9,main,Gated — нужны данные,P3,—,Нет реестра СПО (после 9)
профориентация 2026 год,901,0,info,top,p01_proforientaciya,main,Создать новый контент-хаб,P1,/proforientaciya/,Хаб профориентации → /test/
востребованные профессии в москве,900,E,info,top,e02_vostrebovannye,aggregator,Контент-хаб без рейтинга,P1,/professiya/ (раздел),Нет данных о спросе (hh заблокирован) — не ранжируем
топ самых высокооплачиваемых профессий,900,E,info,top,e03_vysokooplachivaemye,main,Создать новую посадочную (рейтинг),P0,/professii-vysokooplachivaemye/,Рейтинг по зарплатам Росстата окт-2025 — данные есть
куда можно поступить с обществом и биологией,899,C,info,top,c12_s_biologiej,main,Создана посадочная,P3,/kuda-postupat-s-biologiej/,Перечень Минобрнауки → направления (готово)
задачи профориентации,899,0,info,top,p01_proforientaciya,main,Создать новый контент-хаб,P1,/proforientaciya/,Хаб профориентации → /test/
какие профессии востребованы и высокооплачиваемые,897,E,info,top,e02_vostrebovannye,main,Контент-хаб без рейтинга,P1,/professiya/ (раздел),Нет данных о спросе (hh заблокирован) — не ранжируем
куда поступать после 9 класса в ульяновске,895,C,info,top,c01_kuda_postupat_posle_9,aggregator,Gated — нужны данные,P3,—,Нет реестра СПО (после 9)
профессия сварщик после 9 класса,890,C,info,top,c03_professii_posle_9,main,Gated — нужны данные,P3,—,Нет данных СПО/уровня после 9
список вредных профессий для досрочной,890,E,info,top,e01_professii_spisok,main,Расширить существующую,P0,/professiya/,Каталог 436 профессий — данные есть
что такое спо в образовании,889,C,info,assoc,c10_s_obschestvoznaniem,main,Создана посадочная,P3,/kuda-postupat-s-obshchestvoznaniem/,Перечень Минобрнауки → направления (готово)
какие профессии востребованы в ближайшие 10 лет,889,E,info,top,e02_vostrebovannye,main,Контент-хаб без рейтинга,P1,/professiya/ (раздел),Нет данных о спросе (hh заблокирован) — не ранжируем
темы по профориентации,889,0,info,top,p01_proforientaciya,main,Создать новый контент-хаб,P1,/proforientaciya/,Хаб профориентации → /test/
профориентация где,889,0,info,top,p01_proforientaciya,main,Создать новый контент-хаб,P1,/proforientaciya/,Хаб профориентации → /test/
список вредных профессий для досрочной пенсии,888,E,info,top,e01_professii_spisok,main,Расширить существующую,P0,/professiya/,Каталог 436 профессий — данные есть
куда поступить с информатикой и обществознанием,886,C,info,top,c10_s_obschestvoznaniem,main,Создана посадочная,P3,/kuda-postupat-s-obshchestvoznaniem/,Перечень Минобрнауки → направления (готово)
профориентация онлайн без регистрации,883,0,commercial,top,p01_proforientaciya,main,Создать новый контент-хаб,P1,/proforientaciya/,Хаб профориентации → /test/
пермское речное училище,881,C,info,assoc,g02_kolledzhi_perm,aggregator,Gated — нужны данные,P3,—,Нет реестра СПО (колледжи города)
сколько профессии после 9 класса,880,C,info,top,c03_professii_posle_9,main,Gated — нужны данные,P3,—,Нет данных СПО/уровня после 9
куда поступать с литературой и историей,880,C,info,top,c11_s_istoriej,main,Создана посадочная,P3,/kuda-postupat-s-istoriej/,Перечень Минобрнауки → направления (готово)
санкт петербург куда поступить после 11 класса,878,C,info,top,c02_kuda_postupat_posle_11,main,Создать новый контент-хаб,P2,/kuda-postupat-posle-11-klassa/,После 11 → вузы/направления (данные есть)
опросник ддо климова,878,D,info,top,d09_ddo_klimova,main,Создать статью в хабе,P1,/testy-na-proforientaciyu/test-klimova/,ДДО Климова (та же методика)
тест на профессию после 9 девушке,877,D,info,top,d05_test_na_professiyu,main,Расширить (раздел хаба),P1,/testy-na-proforientaciyu/,«Тест на профессию» → хаб → /test/
профессии специальности будущего,877,E,info,top,e04_professii_buduschego,main,Контент-хаб без рейтинга,P1,/professiya/ (раздел),Нет данных прогноза — контент без рейтинга
профессия будущего человек человек,877,E,info,top,e04_professii_buduschego,main,Контент-хаб без рейтинга,P1,/professiya/ (раздел),Нет данных прогноза — контент без рейтинга
профессии после 9 класса барнаул,876,C,info,top,c03_professii_posle_9,aggregator,Gated — нужны данные,P3,—,Нет данных СПО/уровня после 9
социальная профориентации,876,0,info,top,p01_proforientaciya,main,Создать новый контент-хаб,P1,/proforientaciya/,Хаб профориентации → /test/
вы поступили бы также,873,C,info,assoc,e01_professii_spisok,main,Расширить существующую,P0,/professiya/,Каталог 436 профессий — данные есть
тест на профессию после 9 класса девушке,872,D,info,top,c03_professii_posle_9,main,Gated — нужны данные,P3,—,Нет данных СПО/уровня после 9
госслужба тестирование,870,D,info,assoc,d05_test_na_professiyu,main,Расширить (раздел хаба),P1,/testy-na-proforientaciyu/,«Тест на профессию» → хаб → /test/
какая профессия востребована через 5,870,E,info,top,e02_vostrebovannye,main,Контент-хаб без рейтинга,P1,/professiya/ (раздел),Нет данных о спросе (hh заблокирован) — не ранжируем
психологическая профориентация,865,0,info,top,p01_proforientaciya,main,Создать новый контент-хаб,P1,/proforientaciya/,Хаб профориентации → /test/
профориентация результаты,864,0,info,top,p01_proforientaciya,main,Создать новый контент-хаб,P1,/proforientaciya/,Хаб профориентации → /test/
на кого пойти учиться в колледж,862,C,info,top,b04_na_kogo_pojti_uchitsya,main,Создать новый контент-хаб,P1,/kak-vybrat-professiyu/,ВЧ-инфо → хаб выбора + каталоги + /test/
профессии после 9 класса кемерово,862,C,info,top,c03_professii_posle_9,aggregator,Gated — нужны данные,P3,—,Нет данных СПО/уровня после 9
5 профориентация,862,0,info,top,p01_proforientaciya,main,Создать новый контент-хаб,P1,/proforientaciya/,Хаб профориентации → /test/
профессии для девушек после 11 класса востребованные,861,C,info,top,c04_professii_posle_11,main,Расширить существующую,P2,/professiya/ + хаб-11,Профессии после 11 → каталог/направления
какая профессия подходит мне для девушек,860,B,info,top,b05_kakaya_professiya_podhodit,main,Создать новый контент-хаб,P1,/kak-vybrat-professiyu/,Подбор профессии → /test/
список запрещенных профессий,860,E,info,top,e01_professii_spisok,main,Расширить существующую,P0,/professiya/,Каталог 436 профессий — данные есть
куда поступать с русским литературой и обществознанием,859,C,info,top,c10_s_obschestvoznaniem,main,Создана посадочная,P3,/kuda-postupat-s-obshchestvoznaniem/,Перечень Минобрнауки → направления (готово)
куда поступать с химией кроме меда,859,C,info,top,c14_s_himiej,main,Создана посадочная,P3,/kuda-postupat-s-himiej/,Перечень Минобрнауки → направления (готово)
голланд профориентация,859,D,info,top,p01_proforientaciya,main,Создать новый контент-хаб,P1,/proforientaciya/,Хаб профориентации → /test/
орел куда поступить после 9 класса,858,C,info,top,c01_kuda_postupat_posle_9,main,Gated — нужны данные,P3,—,Нет реестра СПО (после 9)
куда поступить с биологией кроме меда,858,C,info,top,c12_s_biologiej,main,Создана посадочная,P3,/kuda-postupat-s-biologiej/,Перечень Минобрнауки → направления (готово)
какую профессию выбрать девушке,857,B,info,top,b01_kakuyu_professiyu_vybrat,main,Создать новый контент-хаб,P1,/kak-vybrat-professiyu/,Инфо-хаб выбора профессии → /test/
самые востребованные профессии 2026 года в россии,857,E,info,top,e02_vostrebovannye,main,Контент-хаб без рейтинга,P1,/professiya/ (раздел),Нет данных о спросе (hh заблокирован) — не ранжируем
профориентация для школьников 9,857,0,info,top,p01_proforientaciya,main,Создать новый контент-хаб,P1,/proforientaciya/,Хаб профориентации → /test/
какая профессия мне подходит тест для девушек,856,D,info,top,b05_kakaya_professiya_podhodit,main,Создать новый контент-хаб,P1,/kak-vybrat-professiyu/,Подбор профессии → /test/
куда поступить после окончания 9 класса,855,C,info,top,c01_kuda_postupat_posle_9,main,Gated — нужны данные,P3,—,Нет реестра СПО (после 9)
куда поступать после 9 класса общество,850,C,info,top,c01_kuda_postupat_posle_9,main,Gated — нужны данные,P3,—,Нет реестра СПО (после 9)
профориентация 4,850,0,info,top,p01_proforientaciya,main,Создать новый контент-хаб,P1,/proforientaciya/,Хаб профориентации → /test/
ддо е а климова,849,D,info,top,d09_ddo_klimova,main,Создать статью в хабе,P1,/testy-na-proforientaciyu/test-klimova/,ДДО Климова (та же методика)
тест на профессию 9 класс бесплатно,847,D,commercial,top,c03_professii_posle_9,main,Gated — нужны данные,P3,—,Нет данных СПО/уровня после 9
профессии будущего отзывы,845,E,info,top,e04_professii_buduschego,main,Контент-хаб без рейтинга,P1,/professiya/ (раздел),Нет данных прогноза — контент без рейтинга
вредное производство список профессий,843,E,info,top,e01_professii_spisok,main,Расширить существующую,P0,/professiya/,Каталог 436 профессий — данные есть
куда поступить после 11 класса в омске,841,C,info,top,c02_kuda_postupat_posle_11,aggregator,Создать новый контент-хаб,P2,/kuda-postupat-posle-11-klassa/,После 11 → вузы/направления (данные есть)
куда нужно поступать после 9 класса,839,C,info,top,c01_kuda_postupat_posle_9,main,Gated — нужны данные,P3,—,Нет реестра СПО (после 9)
проект по профориентации,838,0,info,top,p01_proforientaciya,main,Создать новый контент-хаб,P1,/proforientaciya/,Хаб профориентации → /test/
хочу профессию будущего,836,E,info,top,e04_professii_buduschego,main,Контент-хаб без рейтинга,P1,/professiya/ (раздел),Нет данных прогноза — контент без рейтинга
куда поступить после 9 девушке бесплатно,832,C,commercial,top,c08_kuda_postupat_devushke,main,Контент/фильтр (не дубль),P2,/kuda-postupat-posle-11-klassa/#devushke,Гендер-срез после 11
пройти тест на профориентацию бесплатно,832,D,commercial,top,d01_test_na_proforientaciyu,main,Создать новый контент-хаб,P1,/testy-na-proforientaciyu/,Хаб о тестах → /test/ (SERP: формат-статья достижим)
куда можно поступить после 9 класса спб,827,C,info,top,c01_kuda_postupat_posle_9,aggregator,Gated — нужны данные,P3,—,Нет реестра СПО (после 9)
профориентация холланда,827,0,info,top,p01_proforientaciya,main,Создать новый контент-хаб,P1,/proforientaciya/,Хаб профориентации → /test/
медицинские профессии после 9 класса,826,C,info,top,c03_professii_posle_9,main,Gated — нужны данные,P3,—,Нет данных СПО/уровня после 9
профориентация для школьников 9 класс,824,0,info,top,p01_proforientaciya,main,Создать новый контент-хаб,P1,/proforientaciya/,Хаб профориентации → /test/
ставрополь куда поступить после 9 класса,823,C,info,top,c01_kuda_postupat_posle_9,aggregator,Gated — нужны данные,P3,—,Нет реестра СПО (после 9)
куда поступать с биологией русским и обществознанием,823,C,info,top,c10_s_obschestvoznaniem,main,Создана посадочная,P3,/kuda-postupat-s-obshchestvoznaniem/,Перечень Минобрнауки → направления (готово)
какие профессии будут востребованы через 5 лет,823,E,info,top,e02_vostrebovannye,main,Контент-хаб без рейтинга,P1,/professiya/ (раздел),Нет данных о спросе (hh заблокирован) — не ранжируем
профориентация в доу,823,0,info,top,p01_proforientaciya,main,Создать новый контент-хаб,P1,/proforientaciya/,Хаб профориентации → /test/
какие профессии после 9 класса список,820,C,info,top,c03_professii_posle_9,main,Gated — нужны данные,P3,—,Нет данных СПО/уровня после 9
психолог профориентация,819,0,info,top,p01_proforientaciya,main,Создать новый контент-хаб,P1,/proforientaciya/,Хаб профориентации → /test/
медколледж иркутск,818,C,info,assoc,g05_kolledzhi_irkutsk,aggregator,Gated — нужны данные,P3,—,Нет реестра СПО (колледжи города)
куда поступить с биологией москва,817,C,info,top,c12_s_biologiej,aggregator,Создана посадочная,P3,/kuda-postupat-s-biologiej/,Перечень Минобрнауки → направления (готово)
профессия дизайнера после 9 класса,816,C,info,top,c03_professii_posle_9,main,Gated — нужны данные,P3,—,Нет данных СПО/уровня после 9
работа востребованные профессии,816,E,info,top,e02_vostrebovannye,main,Контент-хаб без рейтинга,P1,/professiya/ (раздел),Нет данных о спросе (hh заблокирован) — не ранжируем
профессии после 9 класса колледжи бюджет,814,C,info,top,c03_professii_posle_9,main,Gated — нужны данные,P3,—,Нет данных СПО/уровня после 9
высокооплачиваемые профессии после 9 класса в россии,811,C,info,top,c03_professii_posle_9,main,Gated — нужны данные,P3,—,Нет данных СПО/уровня после 9
куда поступить после 9 го класса,808,C,info,top,c01_kuda_postupat_posle_9,main,Gated — нужны данные,P3,—,Нет реестра СПО (после 9)
учиться после 9 класса список профессий,807,C,info,top,c03_professii_posle_9,main,Gated — нужны данные,P3,—,Нет данных СПО/уровня после 9
профориентация профессии 9 класс,807,0,info,top,p01_proforientaciya,main,Создать новый контент-хаб,P1,/proforientaciya/,Хаб профориентации → /test/
куда поступить с базовой историей и,804,C,info,top,c11_s_istoriej,main,Создана посадочная,P3,/kuda-postupat-s-istoriej/,Перечень Минобрнауки → направления (готово)
обществознание после 9 класса куда поступить,803,C,info,top,c01_kuda_postupat_posle_9,main,Gated — нужны данные,P3,—,Нет реестра СПО (после 9)
профессии после 9 класса для девушек 2026,803,C,info,top,c03_professii_posle_9,main,Gated — нужны данные,P3,—,Нет данных СПО/уровня после 9
профориентация вузов,802,0,info,top,p01_proforientaciya,main,Создать новый контент-хаб,P1,/proforientaciya/,Хаб профориентации → /test/
профессии после 9 класса колледжи для девушек,801,C,info,top,c03_professii_posle_9,main,Gated — нужны данные,P3,—,Нет данных СПО/уровня после 9
куда поступить с обществознанием русским москва,801,C,info,top,c10_s_obschestvoznaniem,aggregator,Создана посадочная,P3,/kuda-postupat-s-obshchestvoznaniem/,Перечень Минобрнауки → направления (готово)
ребенок не знает кем быть,798,A,info,top,a01_rebenok_ne_znaet,main,Создать новый контент-хаб,P1,/roditelyam/,Родителям; SERP: main-experts 0/10 — greenfield
куда поступать после 11 класса в иркутске,798,C,info,top,c02_kuda_postupat_posle_11,aggregator,Создать новый контент-хаб,P2,/kuda-postupat-posle-11-klassa/,После 11 → вузы/направления (данные есть)
10 профессия будущего,797,E,info,top,e04_professii_buduschego,main,Контент-хаб без рейтинга,P1,/professiya/ (раздел),Нет данных прогноза — контент без рейтинга
куда поступить после 9 класса в астрахани,796,C,info,top,c01_kuda_postupat_posle_9,aggregator,Gated — нужны данные,P3,—,Нет реестра СПО (после 9)
куда можно поступить с обществознанием бюджет,796,C,info,top,c10_s_obschestvoznaniem,main,Создана посадочная,P3,/kuda-postupat-s-obshchestvoznaniem/,Перечень Минобрнауки → направления (готово)
тест на профессию после 9 бесплатно,796,D,commercial,top,d05_test_na_professiyu,main,Расширить (раздел хаба),P1,/testy-na-proforientaciyu/,«Тест на профессию» → хаб → /test/
профессии высокооплачиваемые профессии востребованы в россии,796,E,info,top,e02_vostrebovannye,main,Контент-хаб без рейтинга,P1,/professiya/ (раздел),Нет данных о спросе (hh заблокирован) — не ранжируем
профориентация 3,796,0,info,top,p01_proforientaciya,main,Создать новый контент-хаб,P1,/proforientaciya/,Хаб профориентации → /test/
как выбрать какую профессию выбрать,795,B,info,top,b02_kak_vybrat_professiyu,main,Создать новый контент-хаб,P1,/kak-vybrat-professiyu/,Инфо-хаб → /test/
куда поступить заочно после 11 класса,792,C,info,top,c02_kuda_postupat_posle_11,main,Создать новый контент-хаб,P2,/kuda-postupat-posle-11-klassa/,После 11 → вузы/направления (данные есть)
куда поступить после 11 класса история общество,790,C,info,top,c02_kuda_postupat_posle_11,main,Создать новый контент-хаб,P2,/kuda-postupat-posle-11-klassa/,После 11 → вузы/направления (данные есть)
куда поступать с профильной математикой и историей,790,C,info,top,c11_s_istoriej,main,Создана посадочная,P3,/kuda-postupat-s-istoriej/,Перечень Минобрнауки → направления (готово)
куда поступить после 11 класса по аттестату,789,C,info,top,c02_kuda_postupat_posle_11,main,Создать новый контент-хаб,P2,/kuda-postupat-posle-11-klassa/,После 11 → вузы/направления (данные есть)
тест какую профессию выбрать,787,D,info,top,b01_kakuyu_professiyu_vybrat,main,Создать новый контент-хаб,P1,/kak-vybrat-professiyu/,Инфо-хаб выбора профессии → /test/
куда можно поступить после 9 класса томск,785,C,info,top,c01_kuda_postupat_posle_9,aggregator,Gated — нужны данные,P3,—,Нет реестра СПО (после 9)
куда поступить после 9 класса в туле,785,C,info,top,c01_kuda_postupat_posle_9,aggregator,Gated — нужны данные,P3,—,Нет реестра СПО (после 9)
профессии для поступления после 9 класса,785,C,info,top,c03_professii_posle_9,main,Gated — нужны данные,P3,—,Нет данных СПО/уровня после 9
техникум это какое образование считается,785,C,info,assoc,c05_postupit_v_kolledzh,main,Gated — нужны данные,P3,—,Нет реестра колледжей (СПО)
хорошая профориентация,785,0,info,top,p01_proforientaciya,main,Создать новый контент-хаб,P1,/proforientaciya/,Хаб профориентации → /test/
список профессий и организаций,784,E,info,top,e01_professii_spisok,main,Расширить существующую,P0,/professiya/,Каталог 436 профессий — данные есть
какие профессии сдавать после 11 класса,782,C,info,top,c04_professii_posle_11,main,Расширить существующую,P2,/professiya/ + хаб-11,Профессии после 11 → каталог/направления
какие профессии сейчас востребованы в россии,782,E,info,top,e02_vostrebovannye,main,Контент-хаб без рейтинга,P1,/professiya/ (раздел),Нет данных о спросе (hh заблокирован) — не ранжируем
профессии более востребованные,781,E,info,top,e02_vostrebovannye,main,Контент-хаб без рейтинга,P1,/professiya/ (раздел),Нет данных о спросе (hh заблокирован) — не ранжируем
куда можно поступить после 11 класса красноярск,778,C,info,top,c02_kuda_postupat_posle_11,aggregator,Создать новый контент-хаб,P2,/kuda-postupat-posle-11-klassa/,После 11 → вузы/направления (данные есть)
куда поступать с географией после 9,778,C,info,top,c16_s_geografiej,main,Создана посадочная,P3,/kuda-postupat-s-geografiej/,Перечень Минобрнауки → направления (готово)
эссе моя будущая профессия,778,E,info,top,e04_professii_buduschego,main,Контент-хаб без рейтинга,P1,/professiya/ (раздел),Нет данных прогноза — контент без рейтинга
востребованные профессии 2026 для женщин,777,E,info,top,e02_vostrebovannye,main,Контент-хаб без рейтинга,P1,/professiya/ (раздел),Нет данных о спросе (hh заблокирован) — не ранжируем
куда поступить с химией москва,776,C,info,top,c14_s_himiej,aggregator,Создана посадочная,P3,/kuda-postupat-s-himiej/,Перечень Минобрнауки → направления (готово)
профессии будущего щепкина 38,776,E,info,top,e04_professii_buduschego,main,Контент-хаб без рейтинга,P1,/professiya/ (раздел),Нет данных прогноза — контент без рейтинга
профориентация тесты онлайн без регистрации,774,D,commercial,top,d01_test_na_proforientaciyu,main,Создать новый контент-хаб,P1,/testy-na-proforientaciyu/,Хаб о тестах → /test/ (SERP: формат-статья достижим)
профессии будущего 2026,774,E,info,top,e04_professii_buduschego,main,Контент-хаб без рейтинга,P1,/professiya/ (раздел),Нет данных прогноза — контент без рейтинга
куда можно поступить с егэ по физике,773,C,info,top,c15_s_fizikoj,main,Создана посадочная,P3,/kuda-postupat-s-fizikoj/,Перечень Минобрнауки → направления (готово)
программа профессии будущего,773,E,info,top,e04_professii_buduschego,main,Контент-хаб без рейтинга,P1,/professiya/ (раздел),Нет данных прогноза — контент без рейтинга
кем можно пойти работать с образованием,772,B,info,top,b06_kem_pojti_rabotat,main,Расширить существующую,P0,/professiya/,«Кем пойти работать» = список профессий → каталог
питер куда поступить после 11 класса,772,C,info,top,c02_kuda_postupat_posle_11,aggregator,Создать новый контент-хаб,P2,/kuda-postupat-posle-11-klassa/,После 11 → вузы/направления (данные есть)
кем пойти работать после колледжа,770,C,info,top,b06_kem_pojti_rabotat,main,Расширить существующую,P0,/professiya/,«Кем пойти работать» = список профессий → каталог
профориентация человек человек,770,0,info,top,p01_proforientaciya,main,Создать новый контент-хаб,P1,/proforientaciya/,Хаб профориентации → /test/
рамка профориентация,769,0,info,top,p01_proforientaciya,main,Создать новый контент-хаб,P1,/proforientaciya/,Хаб профориентации → /test/
куда поступить после 9 класса в калуге,767,C,info,top,c01_kuda_postupat_posle_9,aggregator,Gated — нужны данные,P3,—,Нет реестра СПО (после 9)
куда можно поступить с профилем обществознание,767,C,info,top,c10_s_obschestvoznaniem,main,Создана посадочная,P3,/kuda-postupat-s-obshchestvoznaniem/,Перечень Минобрнауки → направления (готово)
колледж это какое образование считается,766,C,info,assoc,c07_kem_stat_posle_9,main,Gated — нужны данные,P3,—,Нет данных СПО
куда поступить с егэ история общество,765,C,info,top,c11_s_istoriej,main,Создана посадочная,P3,/kuda-postupat-s-istoriej/,Перечень Минобрнауки → направления (готово)
профориентация онлайн профессии,765,0,commercial,top,p01_proforientaciya,main,Создать новый контент-хаб,P1,/proforientaciya/,Хаб профориентации → /test/
профориентация тест онлайн бесплатно без регистрации,764,D,commercial,top,d01_test_na_proforientaciyu,main,Создать новый контент-хаб,P1,/testy-na-proforientaciyu/,Хаб о тестах → /test/ (SERP: формат-статья достижим)
вредная работа список профессий,763,E,info,top,e01_professii_spisok,main,Расширить существующую,P0,/professiya/,Каталог 436 профессий — данные есть
куда поступать с профилем и физикой,762,C,info,top,c15_s_fizikoj,main,Создана посадочная,P3,/kuda-postupat-s-fizikoj/,Перечень Минобрнауки → направления (готово)
как выбрать профессию тест,761,D,info,top,b02_kak_vybrat_professiyu,main,Создать новый контент-хаб,P1,/kak-vybrat-professiyu/,Инфо-хаб → /test/
дифференциально диагностический опросник климова ддо,761,D,info,top,d09_ddo_klimova,main,Создать статью в хабе,P1,/testy-na-proforientaciyu/test-klimova/,ДДО Климова (та же методика)
список вредных должностей и профессий,761,E,info,top,e01_professii_spisok,main,Расширить существующую,P0,/professiya/,Каталог 436 профессий — данные есть
какие профессии нужны после 9 класса,760,C,info,top,c03_professii_posle_9,main,Gated — нужны данные,P3,—,Нет данных СПО/уровня после 9
профессии после 9 класса спб,759,C,info,top,c03_professii_posle_9,aggregator,Gated — нужны данные,P3,—,Нет данных СПО/уровня после 9
куда поступить после 11 класса в перми,757,C,info,top,c02_kuda_postupat_posle_11,aggregator,Создать новый контент-хаб,P2,/kuda-postupat-posle-11-klassa/,После 11 → вузы/направления (данные есть)
топ профессий после 9 класса,755,C,info,top,c03_professii_posle_9,main,Gated — нужны данные,P3,—,Нет данных СПО/уровня после 9
тесты на выбор профессии 9 класс,755,D,info,top,c03_professii_posle_9,main,Gated — нужны данные,P3,—,Нет данных СПО/уровня после 9
образование будущего профессии,755,E,info,top,e04_professii_buduschego,main,Контент-хаб без рейтинга,P1,/professiya/ (раздел),Нет данных прогноза — контент без рейтинга
40.03 01 специальность,755,E,info,assoc,e04_professii_buduschego,main,Контент-хаб без рейтинга,P1,/professiya/ (раздел),Нет данных прогноза — контент без рейтинга
какие специальности востребованы в 2026,755,E,info,assoc,e04_professii_buduschego,main,Контент-хаб без рейтинга,P1,/professiya/ (раздел),Нет данных прогноза — контент без рейтинга
куда поступить на автомеханика после 9 класса,752,C,info,top,c01_kuda_postupat_posle_9,main,Gated — нужны данные,P3,—,Нет реестра СПО (после 9)
куда поступить после 9 класса в сыктывкаре,751,C,info,top,c01_kuda_postupat_posle_9,main,Gated — нужны данные,P3,—,Нет реестра СПО (после 9)
куда можно поступить с английским и историей,751,C,info,top,c11_s_istoriej,main,Создана посадочная,P3,/kuda-postupat-s-istoriej/,Перечень Минобрнауки → направления (готово)
куда можно поступить с биологией и географией,751,C,info,top,c12_s_biologiej,main,Создана посадочная,P3,/kuda-postupat-s-biologiej/,Перечень Минобрнауки → направления (готово)
киров куда можно поступить после 9 класса,750,C,info,top,c01_kuda_postupat_posle_9,aggregator,Gated — нужны данные,P3,—,Нет реестра СПО (после 9)
профориентация 9 класс онлайн,749,0,commercial,top,p01_proforientaciya,main,Создать новый контент-хаб,P1,/proforientaciya/,Хаб профориентации → /test/
профориентация 8 класс,748,0,info,top,p01_proforientaciya,main,Создать новый контент-хаб,P1,/proforientaciya/,Хаб профориентации → /test/
куда можно поступить девушке бесплатно,746,C,commercial,top,c08_kuda_postupat_devushke,main,Контент/фильтр (не дубль),P2,/kuda-postupat-posle-11-klassa/#devushke,Гендер-срез после 11
гиктест пройти тестирование,746,D,commercial,assoc,d01_test_na_proforientaciyu,main,Создать новый контент-хаб,P1,/testy-na-proforientaciyu/,Хаб о тестах → /test/ (SERP: формат-статья достижим)
самые востребованные профессии после 9,746,C,info,top,e02_vostrebovannye,main,Контент-хаб без рейтинга,P1,/professiya/ (раздел),Нет данных о спросе (hh заблокирован) — не ранжируем
востребованные гуманитарные профессии,746,E,info,top,e02_vostrebovannye,main,Контент-хаб без рейтинга,P1,/professiya/ (раздел),Нет данных о спросе (hh заблокирован) — не ранжируем
профессия будущего 5,745,E,info,top,e04_professii_buduschego,main,Контент-хаб без рейтинга,P1,/professiya/ (раздел),Нет данных прогноза — контент без рейтинга
онлайн тесты на выбор профессии,744,D,commercial,top,d05_test_na_professiyu,main,Расширить (раздел хаба),P1,/testy-na-proforientaciyu/,«Тест на профессию» → хаб → /test/
какие профессии востребованные на 10 лет,744,E,info,top,e02_vostrebovannye,main,Контент-хаб без рейтинга,P1,/professiya/ (раздел),Нет данных о спросе (hh заблокирован) — не ранжируем
самые востребованные профессии для девушек,739,E,info,top,e02_vostrebovannye,main,Контент-хаб без рейтинга,P1,/professiya/ (раздел),Нет данных о спросе (hh заблокирован) — не ранжируем
профессии будущего 9 класс,738,C,info,top,e04_professii_buduschego,main,Контент-хаб без рейтинга,P1,/professiya/ (раздел),Нет данных прогноза — контент без рейтинга
вузы куда можно поступить с биологией,737,C,info,top,c12_s_biologiej,main,Создана посадочная,P3,/kuda-postupat-s-biologiej/,Перечень Минобрнауки → направления (готово)
список 2 вредных профессий для досрочной,737,E,info,top,e01_professii_spisok,main,Расширить существующую,P0,/professiya/,Каталог 436 профессий — данные есть
кем можно стать в будущем профессия,736,B,info,top,b03_kem_mozhno_stat,main,Расширить существующую,P0,/professiya/,«Кем можно стать» = список профессий → каталог
профессии куда можно пойти после 9 класса,736,C,info,top,c03_professii_posle_9,main,Gated — нужны данные,P3,—,Нет данных СПО/уровня после 9
образование профессии список,736,E,info,top,e01_professii_spisok,main,Расширить существующую,P0,/professiya/,Каталог 436 профессий — данные есть
список 2 вредных профессий для досрочной пенсии,735,E,info,top,e01_professii_spisok,main,Расширить существующую,P0,/professiya/,Каталог 436 профессий — данные есть
реализации единой модели профориентации,735,0,info,top,p01_proforientaciya,main,Создать новый контент-хаб,P1,/proforientaciya/,Хаб профориентации → /test/
профессия будущего центр щепкина 38,734,E,commercial,top,e04_professii_buduschego,main,Контент-хаб без рейтинга,P1,/professiya/ (раздел),Нет данных прогноза — контент без рейтинга
профессия повар после 9 класса,733,C,info,top,c03_professii_posle_9,main,Gated — нужны данные,P3,—,Нет данных СПО/уровня после 9
10 самых востребованных профессий в россии,732,E,info,top,e02_vostrebovannye,main,Контент-хаб без рейтинга,P1,/professiya/ (раздел),Нет данных о спросе (hh заблокирован) — не ранжируем
самара куда можно поступить после 9 класса,731,C,info,top,c01_kuda_postupat_posle_9,aggregator,Gated — нужны данные,P3,—,Нет реестра СПО (после 9)
после 9 классов куда можно поступить брянск,729,C,info,top,c01_kuda_postupat_posle_9,aggregator,Gated — нужны данные,P3,—,Нет реестра СПО (после 9)
профориентация 10,729,0,info,top,p01_proforientaciya,main,Создать новый контент-хаб,P1,/proforientaciya/,Хаб профориентации → /test/
на кого можно пойти учиться после 11,727,C,info,top,b04_na_kogo_pojti_uchitsya,main,Создать новый контент-хаб,P1,/kak-vybrat-professiyu/,ВЧ-инфо → хаб выбора + каталоги + /test/
профессии нужные в будущем,723,E,info,top,e04_professii_buduschego,main,Контент-хаб без рейтинга,P1,/professiya/ (раздел),Нет данных прогноза — контент без рейтинга
профессии после 9 класса онлайн,720,C,info,top,c03_professii_posle_9,main,Gated — нужны данные,P3,—,Нет данных СПО/уровня после 9
пройти тест климова,719,D,commercial,top,d08_test_klimova,main,Создать статью в хабе,P1,/testy-na-proforientaciyu/test-klimova/,Именованная методика Климова
профориентация педагога,719,0,info,top,p01_proforientaciya,main,Создать новый контент-хаб,P1,/proforientaciya/,Хаб профориентации → /test/
амур тест,718,D,info,assoc,d08_test_klimova,main,Создать статью в хабе,P1,/testy-na-proforientaciyu/test-klimova/,Именованная методика Климова
опросники ддо е а климова,718,D,info,top,d09_ddo_klimova,main,Создать статью в хабе,P1,/testy-na-proforientaciyu/test-klimova/,ДДО Климова (та же методика)
куда поступить после 11 класса в самаре,717,C,info,top,c02_kuda_postupat_posle_11,aggregator,Создать новый контент-хаб,P2,/kuda-postupat-posle-11-klassa/,После 11 → вузы/направления (данные есть)
возможности профориентации,716,0,info,top,p01_proforientaciya,main,Создать новый контент-хаб,P1,/proforientaciya/,Хаб профориентации → /test/
хорошие профессии после 11 класса для девушек,713,C,info,top,c04_professii_posle_11,main,Расширить существующую,P2,/professiya/ + хаб-11,Профессии после 11 → каталог/направления
опросник профориентация,713,D,info,top,p01_proforientaciya,main,Создать новый контент-хаб,P1,/proforientaciya/,Хаб профориентации → /test/
современная профориентация,713,0,info,top,p01_proforientaciya,main,Создать новый контент-хаб,P1,/proforientaciya/,Хаб профориентации → /test/
тест климова онлайн,711,D,commercial,top,d08_test_klimova,main,Создать статью в хабе,P1,/testy-na-proforientaciyu/test-klimova/,Именованная методика Климова
коммуникации профессии будущее,711,E,info,top,e04_professii_buduschego,main,Контент-хаб без рейтинга,P1,/professiya/ (раздел),Нет данных прогноза — контент без рейтинга
профессии после 9 класса география,710,C,info,top,c03_professii_posle_9,main,Gated — нужны данные,P3,—,Нет данных СПО/уровня после 9
список профессий в колледжах после 9,710,C,info,top,e01_professii_spisok,aggregator,Расширить существующую,P0,/professiya/,Каталог 436 профессий — данные есть
куда поступить учиться после 11 класса,709,C,info,top,c02_kuda_postupat_posle_11,main,Создать новый контент-хаб,P2,/kuda-postupat-posle-11-klassa/,После 11 → вузы/направления (данные есть)
10 профессий после 9 класса,709,C,info,top,c03_professii_posle_9,main,Gated — нужны данные,P3,—,Нет данных СПО/уровня после 9
казань куда поступить с обществознанием,708,C,info,top,c10_s_obschestvoznaniem,aggregator,Создана посадочная,P3,/kuda-postupat-s-obshchestvoznaniem/,Перечень Минобрнауки → направления (готово)
список профессий на досрочную,708,E,info,top,e01_professii_spisok,main,Расширить существующую,P0,/professiya/,Каталог 436 профессий — данные есть
профессии будущего ул щепкина,708,E,info,top,e04_professii_buduschego,main,Контент-хаб без рейтинга,P1,/professiya/ (раздел),Нет данных прогноза — контент без рейтинга
куда можно поступить список профессий,706,C,info,top,e01_professii_spisok,main,Расширить существующую,P0,/professiya/,Каталог 436 профессий — данные есть
социальные профессии будущего,706,E,info,top,e04_professii_buduschego,main,Контент-хаб без рейтинга,P1,/professiya/ (раздел),Нет данных прогноза — контент без рейтинга
как выбрать профессию по душе,705,B,info,top,b02_kak_vybrat_professiyu,main,Создать новый контент-хаб,P1,/kak-vybrat-professiyu/,Инфо-хаб → /test/
профессии после 9 класса новокузнецк,705,C,info,top,c03_professii_posle_9,main,Gated — нужны данные,P3,—,Нет данных СПО/уровня после 9
тест на профориентацию голланда,704,D,info,top,d01_test_na_proforientaciyu,main,Создать новый контент-хаб,P1,/testy-na-proforientaciyu/,Хаб о тестах → /test/ (SERP: формат-статья достижим)
какую рабочую профессию выбрать,703,B,info,top,b01_kakuyu_professiyu_vybrat,main,Создать новый контент-хаб,P1,/kak-vybrat-professiyu/,Инфо-хаб выбора профессии → /test/
самые востребованные профессии после 9 класса,703,C,info,top,c03_professii_posle_9,main,Gated — нужны данные,P3,—,Нет данных СПО/уровня после 9
куда можно поступить с обществознанием москва,703,C,info,top,c10_s_obschestvoznaniem,aggregator,Создана посадочная,P3,/kuda-postupat-s-obshchestvoznaniem/,Перечень Минобрнауки → направления (готово)
куда поступить в вуз с обществознанием,700,C,info,top,c10_s_obschestvoznaniem,main,Создана посадочная,P3,/kuda-postupat-s-obshchestvoznaniem/,Перечень Минобрнауки → направления (готово)
пенсия льготная список профессий 2,700,E,info,top,e01_professii_spisok,main,Расширить существующую,P0,/professiya/,Каталог 436 профессий — данные есть
центр профессии будущего ул щепкина,700,E,commercial,top,e04_professii_buduschego,main,Контент-хаб без рейтинга,P1,/professiya/ (раздел),Нет данных прогноза — контент без рейтинга
куда поступить после 9 класса в саранске,699,C,info,top,c01_kuda_postupat_posle_9,main,Gated — нужны данные,P3,—,Нет реестра СПО (после 9)
список должностей рабочих профессий,699,E,info,top,e01_professii_spisok,main,Расширить существующую,P0,/professiya/,Каталог 436 профессий — данные есть
тест на профессию для подростков,697,D,info,top,d05_test_na_professiyu,main,Расширить (раздел хаба),P1,/testy-na-proforientaciyu/,«Тест на профессию» → хаб → /test/
список 1 профессий для досрочной пенсии,696,E,info,top,e01_professii_spisok,main,Расширить существующую,P0,/professiya/,Каталог 436 профессий — данные есть
дифференциально диагностический опросник е а климова ддо,695,D,info,top,d09_ddo_klimova,main,Создать статью в хабе,P1,/testy-na-proforientaciyu/test-klimova/,ДДО Климова (та же методика)
список профессий вредные условия,693,E,info,top,e01_professii_spisok,main,Расширить существующую,P0,/professiya/,Каталог 436 профессий — данные есть
профессии будущего щепкина 38 стр 1,693,E,info,top,e04_professii_buduschego,main,Контент-хаб без рейтинга,P1,/professiya/ (раздел),Нет данных прогноза — контент без рейтинга
списки работников и профессий,692,E,info,top,e01_professii_spisok,main,Расширить существующую,P0,/professiya/,Каталог 436 профессий — данные есть
куда поступить в саратове после 11 класса,691,C,info,top,c02_kuda_postupat_posle_11,aggregator,Создать новый контент-хаб,P2,/kuda-postupat-posle-11-klassa/,После 11 → вузы/направления (данные есть)
профессии после 11 класса для девушек высокооплачиваемая,690,C,info,top,c04_professii_posle_11,main,Расширить существующую,P2,/professiya/ + хаб-11,Профессии после 11 → каталог/направления
куда поступить с географией обществознанием и русским,690,C,info,top,c10_s_obschestvoznaniem,main,Создана посадочная,P3,/kuda-postupat-s-obshchestvoznaniem/,Перечень Минобрнауки → направления (готово)
как выбрать профессию после 9,689,C,info,top,b02_kak_vybrat_professiyu,main,Создать новый контент-хаб,P1,/kak-vybrat-professiyu/,Инфо-хаб → /test/
куда поступить с историей и русским языком,689,C,info,top,c11_s_istoriej,main,Создана посадочная,P3,/kuda-postupat-s-istoriej/,Перечень Минобрнауки → направления (готово)
профориентация 2025 2026,689,0,info,top,p01_proforientaciya,main,Создать новый контент-хаб,P1,/proforientaciya/,Хаб профориентации → /test/
список запрещенных для женщин профессий,687,E,info,top,e01_professii_spisok,main,Расширить существующую,P0,/professiya/,Каталог 436 профессий — данные есть
профессии будущего официальный сайт,687,E,info,top,e04_professii_buduschego,main,Контент-хаб без рейтинга,P1,/professiya/ (раздел),Нет данных прогноза — контент без рейтинга
детская профориентация,687,0,info,top,p01_proforientaciya,main,Создать новый контент-хаб,P1,/proforientaciya/,Хаб профориентации → /test/
куда лучше поступить девушке,686,C,info,top,c08_kuda_postupat_devushke,main,Контент/фильтр (не дубль),P2,/kuda-postupat-posle-11-klassa/#devushke,Гендер-срез после 11
список профессий специальностей и должностей,685,E,info,top,e01_professii_spisok,main,Расширить существующую,P0,/professiya/,Каталог 436 профессий — данные есть
кем пойти работать после 9,684,C,info,top,b06_kem_pojti_rabotat,main,Расширить существующую,P0,/professiya/,«Кем пойти работать» = список профессий → каталог
получить профессию после 11 класса,684,C,info,top,c04_professii_posle_11,main,Расширить существующую,P2,/professiya/ + хаб-11,Профессии после 11 → каталог/направления
какая самая высокооплачиваемая профессия в россии,684,E,info,top,e03_vysokooplachivaemye,main,Создать новую посадочную (рейтинг),P0,/professii-vysokooplachivaemye/,Рейтинг по зарплатам Росстата окт-2025 — данные есть
щепкина 38 стр 1 центр профессии будущего,683,E,commercial,top,e04_professii_buduschego,main,Контент-хаб без рейтинга,P1,/professiya/ (раздел),Нет данных прогноза — контент без рейтинга
куда можно поступить после 9 класса волгоград,681,C,info,top,c01_kuda_postupat_posle_9,aggregator,Gated — нужны данные,P3,—,Нет реестра СПО (после 9)
новосибирск куда можно поступить после 11 класса,681,C,info,top,c02_kuda_postupat_posle_11,aggregator,Создать новый контент-хаб,P2,/kuda-postupat-posle-11-klassa/,После 11 → вузы/направления (данные есть)
формирование профориентации,681,0,info,top,p01_proforientaciya,main,Создать новый контент-хаб,P1,/proforientaciya/,Хаб профориентации → /test/
профориентация 2025 год,680,0,info,top,p01_proforientaciya,main,Создать новый контент-хаб,P1,/proforientaciya/,Хаб профориентации → /test/
какие профессии после 9 класса для мальчиков,678,C,info,top,c03_professii_posle_9,main,Gated — нужны данные,P3,—,Нет данных СПО/уровня после 9
профессия будущего москва сайт,678,E,info,top,e04_professii_buduschego,aggregator,Контент-хаб без рейтинга,P1,/professiya/ (раздел),Нет данных прогноза — контент без рейтинга
центр профессия будущего сайт,676,E,commercial,top,e04_professii_buduschego,main,Контент-хаб без рейтинга,P1,/professiya/ (раздел),Нет данных прогноза — контент без рейтинга
тест на профориентацию 2026,675,D,info,top,d01_test_na_proforientaciyu,main,Создать новый контент-хаб,P1,/testy-na-proforientaciyu/,Хаб о тестах → /test/ (SERP: формат-статья достижим)
профессия тест на выбор профессии онлайн бесплатно,675,D,commercial,top,d05_test_na_professiyu,main,Расширить (раздел хаба),P1,/testy-na-proforientaciyu/,«Тест на профессию» → хаб → /test/
условия труда и списки профессий,675,E,info,top,e01_professii_spisok,main,Расширить существующую,P0,/professiya/,Каталог 436 профессий — данные есть
сферы профессий будущего,675,E,info,top,e04_professii_buduschego,main,Контент-хаб без рейтинга,P1,/professiya/ (раздел),Нет данных прогноза — контент без рейтинга
4 профессии будущего,673,E,info,top,e04_professii_buduschego,main,Контент-хаб без рейтинга,P1,/professiya/ (раздел),Нет данных прогноза — контент без рейтинга
где учиться профессиям будущего,672,E,info,top,e04_professii_buduschego,main,Контент-хаб без рейтинга,P1,/professiya/ (раздел),Нет данных прогноза — контент без рейтинга
профориентация отзывы,671,0,info,top,p01_proforientaciya,main,Создать новый контент-хаб,P1,/proforientaciya/,Хаб профориентации → /test/
профессии которые можно поступить после 9 класса,670,C,info,top,c03_professii_posle_9,main,Gated — нужны данные,P3,—,Нет данных СПО/уровня после 9
список профессий после 9 и зарплаты,670,C,info,top,e01_professii_spisok,main,Расширить существующую,P0,/professiya/,Каталог 436 профессий — данные есть
куда можно поступить девушке список,669,C,info,top,c08_kuda_postupat_devushke,main,Контент/фильтр (не дубль),P2,/kuda-postupat-posle-11-klassa/#devushke,Гендер-срез после 11
куда можно поступить с предметом биологии,669,C,info,top,c12_s_biologiej,main,Создана посадочная,P3,/kuda-postupat-s-biologiej/,Перечень Минобрнауки → направления (готово)
интересные профессии после 9 класса,666,C,info,top,c03_professii_posle_9,main,Gated — нужны данные,P3,—,Нет данных СПО/уровня после 9
женские профессии после 9 класса,666,C,info,top,c03_professii_posle_9,main,Gated — нужны данные,P3,—,Нет данных СПО/уровня после 9
профессии после 9 класса список и зарплата,664,C,info,top,c03_professii_posle_9,main,Gated — нужны данные,P3,—,Нет данных СПО/уровня после 9
список льготных профессий для досрочной пенсии,664,E,info,top,e01_professii_spisok,main,Расширить существующую,P0,/professiya/,Каталог 436 профессий — данные есть
результаты теста на профессию,663,D,info,top,d05_test_na_professiyu,main,Расширить (раздел хаба),P1,/testy-na-proforientaciyu/,«Тест на профессию» → хаб → /test/
самые высокооплачиваемые профессии в россии для девушек,661,E,info,top,e03_vysokooplachivaemye,main,Создать новую посадочную (рейтинг),P0,/professii-vysokooplachivaemye/,Рейтинг по зарплатам Росстата окт-2025 — данные есть
пройти тест на профориентацию бесплатно онлайн,660,D,commercial,top,d01_test_na_proforientaciyu,main,Создать новый контент-хаб,P1,/testy-na-proforientaciyu/,Хаб о тестах → /test/ (SERP: формат-статья достижим)
рабочие профессии после 9 класса,658,C,info,top,c03_professii_posle_9,main,Gated — нужны данные,P3,—,Нет данных СПО/уровня после 9
востребованные профессии в россии после 9 класса,658,C,info,top,c03_professii_posle_9,main,Gated — нужны данные,P3,—,Нет данных СПО/уровня после 9
выборы профессии после 9 класса тест,658,D,info,top,c03_professii_posle_9,main,Gated — нужны данные,P3,—,Нет данных СПО/уровня после 9
что такое факультет в колледже,658,C,info,assoc,c11_s_istoriej,main,Создана посадочная,P3,/kuda-postupat-s-istoriej/,Перечень Минобрнауки → направления (готово)
какую профессию выбрать ребенку,656,B,info,top,b01_kakuyu_professiyu_vybrat,main,Создать новый контент-хаб,P1,/kak-vybrat-professiyu/,Инфо-хаб выбора профессии → /test/
куда поступить после 11 класса в краснодаре,656,C,info,top,c02_kuda_postupat_posle_11,aggregator,Создать новый контент-хаб,P2,/kuda-postupat-posle-11-klassa/,После 11 → вузы/направления (данные есть)
куда поступить после 9 класса санкт петербург,655,C,info,top,c01_kuda_postupat_posle_9,main,Gated — нужны данные,P3,—,Нет реестра СПО (после 9)
что такое профориентация,655,0,info,assoc,d01_test_na_proforientaciyu,main,Создать новый контент-хаб,P1,/testy-na-proforientaciyu/,Хаб о тестах → /test/ (SERP: формат-статья достижим)
диагностика профориентации,655,0,info,top,p01_proforientaciya,main,Создать новый контент-хаб,P1,/proforientaciya/,Хаб профориентации → /test/
профориентация 6,654,0,info,top,p01_proforientaciya,main,Создать новый контент-хаб,P1,/proforientaciya/,Хаб профориентации → /test/
профориентация школьников онлайн,652,0,commercial,top,p01_proforientaciya,main,Создать новый контент-хаб,P1,/proforientaciya/,Хаб профориентации → /test/
ваша будущая профессия,651,E,info,top,e04_professii_buduschego,main,Контент-хаб без рейтинга,P1,/professiya/ (раздел),Нет данных прогноза — контент без рейтинга
профориентации учащихся,648,0,info,top,p01_proforientaciya,main,Создать новый контент-хаб,P1,/proforientaciya/,Хаб профориентации → /test/
куда можно поступить после 9 класса специальности,647,C,info,top,c01_kuda_postupat_posle_9,main,Gated — нужны данные,P3,—,Нет реестра СПО (после 9)
самые высокооплачиваемые профессии в москве,646,E,info,top,e03_vysokooplachivaemye,aggregator,Создать новую посадочную (рейтинг),P0,/professii-vysokooplachivaemye/,Рейтинг по зарплатам Росстата окт-2025 — данные есть
куда поступить в калининграде после 9 класса,644,C,info,top,c01_kuda_postupat_posle_9,aggregator,Gated — нужны данные,P3,—,Нет реестра СПО (после 9)
профориентация 7,644,0,info,top,p01_proforientaciya,main,Создать новый контент-хаб,P1,/proforientaciya/,Хаб профориентации → /test/
на кого пойти учиться в 2026,643,B,info,top,b04_na_kogo_pojti_uchitsya,main,Создать новый контент-хаб,P1,/kak-vybrat-professiyu/,ВЧ-инфо → хаб выбора + каталоги + /test/
кем пойти работать девушке,643,B,info,top,b06_kem_pojti_rabotat,main,Расширить существующую,P0,/professiya/,«Кем пойти работать» = список профессий → каталог
день профориентации,642,0,info,top,p01_proforientaciya,main,Создать новый контент-хаб,P1,/proforientaciya/,Хаб профориентации → /test/
правоохранительная деятельность профессии после 9 класса,641,C,info,top,c03_professii_posle_9,main,Gated — нужны данные,P3,—,Нет данных СПО/уровня после 9
тестирование на профориентацию,641,D,info,top,d05_test_na_professiyu,main,Расширить (раздел хаба),P1,/testy-na-proforientaciyu/,«Тест на профессию» → хаб → /test/
центр профессия будущего официальный,641,E,commercial,top,e04_professii_buduschego,main,Контент-хаб без рейтинга,P1,/professiya/ (раздел),Нет данных прогноза — контент без рейтинга
куда поступить после 9 класса в рязани,640,C,info,top,c01_kuda_postupat_posle_9,aggregator,Gated — нужны данные,P3,—,Нет реестра СПО (после 9)
куда поступить после 11 класса мальчику,640,C,info,top,c02_kuda_postupat_posle_11,main,Создать новый контент-хаб,P2,/kuda-postupat-posle-11-klassa/,После 11 → вузы/направления (данные есть)
куда поступить после 11 класса специальность,640,C,info,top,c02_kuda_postupat_posle_11,main,Создать новый контент-хаб,P2,/kuda-postupat-posle-11-klassa/,После 11 → вузы/направления (данные есть)
профессии после 9 класса с 3,640,C,info,top,c03_professii_posle_9,main,Gated — нужны данные,P3,—,Нет данных СПО/уровня после 9
тест холланда на профориентацию,640,D,info,top,d01_test_na_proforientaciyu,main,Создать новый контент-хаб,P1,/testy-na-proforientaciyu/,Хаб о тестах → /test/ (SERP: формат-статья достижим)
модуль профориентация,640,0,info,top,p01_proforientaciya,main,Создать новый контент-хаб,P1,/proforientaciya/,Хаб профориентации → /test/
куда поступить без огэ после 9 класса,639,C,info,top,c01_kuda_postupat_posle_9,main,Gated — нужны данные,P3,—,Нет реестра СПО (после 9)
аим тест,639,D,info,assoc,d08_test_klimova,main,Создать статью в хабе,P1,/testy-na-proforientaciyu/test-klimova/,Именованная методика Климова
список профессий 10,639,E,info,top,e01_professii_spisok,main,Расширить существующую,P0,/professiya/,Каталог 436 профессий — данные есть
центр профессий будущего москва сайт,637,E,commercial,top,e04_professii_buduschego,aggregator,Контент-хаб без рейтинга,P1,/professiya/ (раздел),Нет данных прогноза — контент без рейтинга
профессия будущего технология,636,E,info,top,e04_professii_buduschego,main,Контент-хаб без рейтинга,P1,/professiya/ (раздел),Нет данных прогноза — контент без рейтинга
провели профориентацию,634,0,info,top,p01_proforientaciya,main,Создать новый контент-хаб,P1,/proforientaciya/,Хаб профориентации → /test/
профориентация классный,633,0,info,top,p01_proforientaciya,main,Создать новый контент-хаб,P1,/proforientaciya/,Хаб профориентации → /test/
кем можно пойти работать после колледжа,630,C,info,top,b06_kem_pojti_rabotat,main,Расширить существующую,P0,/professiya/,«Кем пойти работать» = список профессий → каталог
куда поступить после 9 класса в петрозаводске,630,C,info,top,c01_kuda_postupat_posle_9,main,Gated — нужны данные,P3,—,Нет реестра СПО (после 9)
конкурс профессия будущего,630,E,info,top,e04_professii_buduschego,main,Контент-хаб без рейтинга,P1,/professiya/ (раздел),Нет данных прогноза — контент без рейтинга
школьников профессии будущего,630,E,info,top,e04_professii_buduschego,main,Контент-хаб без рейтинга,P1,/professiya/ (раздел),Нет данных прогноза — контент без рейтинга
варианты профориентации,630,0,info,top,p01_proforientaciya,main,Создать новый контент-хаб,P1,/proforientaciya/,Хаб профориентации → /test/
профориентация занятости,625,0,info,top,p01_proforientaciya,main,Создать новый контент-хаб,P1,/proforientaciya/,Хаб профориентации → /test/
льготные профессии список 1,624,E,info,top,e01_professii_spisok,main,Расширить существующую,P0,/professiya/,Каталог 436 профессий — данные есть
родителям профориентация,624,A,info,top,p01_proforientaciya,main,Создать новый контент-хаб,P1,/proforientaciya/,Хаб профориентации → /test/
воспитание профориентации,623,0,info,top,p01_proforientaciya,main,Создать новый контент-хаб,P1,/proforientaciya/,Хаб профориентации → /test/
куда поступить после 11 класса в волгограде,621,C,info,top,c02_kuda_postupat_posle_11,aggregator,Создать новый контент-хаб,P2,/kuda-postupat-posle-11-klassa/,После 11 → вузы/направления (данные есть)
на какую профессию лучше учиться,621,B,info,assoc,c06_specialnosti_posle_9,main,Gated — нужны данные,P3,—,Нет реестра СПО (специальности после 9)
список профессий и должностей работников,619,E,info,top,e01_professii_spisok,main,Расширить существующую,P0,/professiya/,Каталог 436 профессий — данные есть
куда поступить после 9 класса владивосток,618,C,info,top,c01_kuda_postupat_posle_9,aggregator,Gated — нужны данные,P3,—,Нет реестра СПО (после 9)
профессии после 9 класса биология,618,C,info,top,c03_professii_posle_9,main,Gated — нужны данные,P3,—,Нет данных СПО/уровня после 9
куда поступить с егэ биология и обществознание,618,C,info,top,c12_s_biologiej,main,Создана посадочная,P3,/kuda-postupat-s-biologiej/,Перечень Минобрнауки → направления (готово)
профессии будущего москва центр официальный,618,E,commercial,top,e04_professii_buduschego,aggregator,Контент-хаб без рейтинга,P1,/professiya/ (раздел),Нет данных прогноза — контент без рейтинга
куда поступить с физикой и математикой профиль,617,C,info,top,c15_s_fizikoj,main,Создана посадочная,P3,/kuda-postupat-s-fizikoj/,Перечень Минобрнауки → направления (готово)
как выбрать профессию 9 класс,616,C,info,top,b02_kak_vybrat_professiyu,main,Создать новый контент-хаб,P1,/kak-vybrat-professiyu/,Инфо-хаб → /test/
куда поступить после 11 класса в барнауле,616,C,info,top,c02_kuda_postupat_posle_11,aggregator,Создать новый контент-хаб,P2,/kuda-postupat-posle-11-klassa/,После 11 → вузы/направления (данные есть)
как человек выбирает профессию,615,B,info,top,b02_kak_vybrat_professiyu,main,Создать новый контент-хаб,P1,/kak-vybrat-professiyu/,Инфо-хаб → /test/
куда поступить в смоленске после 9 класса,615,C,info,top,c01_kuda_postupat_posle_9,aggregator,Gated — нужны данные,P3,—,Нет реестра СПО (после 9)
профориентация новое,615,0,info,top,p01_proforientaciya,main,Создать новый контент-хаб,P1,/proforientaciya/,Хаб профориентации → /test/
начальная профориентация,615,0,info,top,p01_proforientaciya,main,Создать новый контент-хаб,P1,/proforientaciya/,Хаб профориентации → /test/
профессии рф список,614,E,info,top,e01_professii_spisok,main,Расширить существующую,P0,/professiya/,Каталог 436 профессий — данные есть
получи профессию будущего,613,E,info,top,e04_professii_buduschego,main,Контент-хаб без рейтинга,P1,/professiya/ (раздел),Нет данных прогноза — контент без рейтинга
атлас профессий будущего,613,E,nav,top,e04_professii_buduschego,main,Контент-хаб без рейтинга,P1,/professiya/ (раздел),Нет данных прогноза — контент без рейтинга
учебные заведения после 9 класса профессии,611,C,info,top,c03_professii_posle_9,main,Gated — нужны данные,P3,—,Нет данных СПО/уровня после 9
куда можно поступить с географией и обществом,610,C,info,top,c16_s_geografiej,main,Создана посадочная,P3,/kuda-postupat-s-geografiej/,Перечень Минобрнауки → направления (готово)
возраст профориентации,610,0,info,top,p01_proforientaciya,main,Создать новый контент-хаб,P1,/proforientaciya/,Хаб профориентации → /test/
список 1 вредных профессий,609,E,info,top,e01_professii_spisok,main,Расширить существующую,P0,/professiya/,Каталог 436 профессий — данные есть
куда поступать во владимире после 9 класса,607,C,info,top,c01_kuda_postupat_posle_9,aggregator,Gated — нужны данные,P3,—,Нет реестра СПО (после 9)
твоя будущая профессия,607,E,info,top,e04_professii_buduschego,main,Контент-хаб без рейтинга,P1,/professiya/ (раздел),Нет данных прогноза — контент без рейтинга
какую 2 профессию выбрать,606,B,info,top,b01_kakuyu_professiyu_vybrat,main,Создать новый контент-хаб,P1,/kak-vybrat-professiyu/,Инфо-хаб выбора профессии → /test/
легкие профессии после 9 класса,606,C,info,top,c03_professii_posle_9,main,Gated — нужны данные,P3,—,Нет данных СПО/уровня после 9
профессии после 9 класса в москве,605,C,info,top,c03_professii_posle_9,aggregator,Gated — нужны данные,P3,—,Нет данных СПО/уровня после 9
профессии человек человек список профессий,605,E,info,top,e01_professii_spisok,main,Расширить существующую,P0,/professiya/,Каталог 436 профессий — данные есть
профориентация тест бесплатный для 9,605,D,commercial,top,p01_proforientaciya,main,Создать новый контент-хаб,P1,/proforientaciya/,Хаб профориентации → /test/
на кого лучше пойти учиться после 9,602,C,info,top,b04_na_kogo_pojti_uchitsya,main,Создать новый контент-хаб,P1,/kak-vybrat-professiyu/,ВЧ-инфо → хаб выбора + каталоги + /test/
какая профессия подходит львам,602,B,info,assoc,p06_projti_proforientaciyu,main,Использовать существующую,P1,/test/,Транзакционный «пройти» → квиз
куда поступать после 9 класса в тамбове,601,C,info,top,c01_kuda_postupat_posle_9,main,Gated — нужны данные,P3,—,Нет реестра СПО (после 9)
профессии в новосибирске после 9 класса,600,C,info,top,c03_professii_posle_9,aggregator,Gated — нужны данные,P3,—,Нет данных СПО/уровня после 9
профессии после 9 класса в омске,599,C,info,top,c03_professii_posle_9,aggregator,Gated — нужны данные,P3,—,Нет данных СПО/уровня после 9
заочные профессии после 9 класса,599,C,info,top,c03_professii_posle_9,main,Gated — нужны данные,P3,—,Нет данных СПО/уровня после 9
абакан куда можно поступить после 9 класса,598,C,info,top,c01_kuda_postupat_posle_9,main,Gated — нужны данные,P3,—,Нет реестра СПО (после 9)
куда поступать с английским и информатикой,596,C,info,top,c13_s_informatikoj,main,Создана посадочная,P3,/kuda-postupat-s-informatikoj/,Перечень Минобрнауки → направления (готово)
куда поступать с физикой и информатикой,595,C,info,top,c13_s_informatikoj,main,Создана посадочная,P3,/kuda-postupat-s-informatikoj/,Перечень Минобрнауки → направления (готово)
помогающие профессии будущего,595,E,info,top,e04_professii_buduschego,main,Контент-хаб без рейтинга,P1,/professiya/ (раздел),Нет данных прогноза — контент без рейтинга
куда поступить в благовещенске после 9 класса,594,C,info,top,c01_kuda_postupat_posle_9,main,Gated — нужны данные,P3,—,Нет реестра СПО (после 9)
востребованные профессии будущего в россии,594,E,info,top,e04_professii_buduschego,main,Контент-хаб без рейтинга,P1,/professiya/ (раздел),Нет данных прогноза — контент без рейтинга
центр профессии будущего ул щепкина 38,593,E,commercial,top,e04_professii_buduschego,main,Контент-хаб без рейтинга,P1,/professiya/ (раздел),Нет данных прогноза — контент без рейтинга
куда поступить после 11 класса в ростове,591,C,info,top,c02_kuda_postupat_posle_11,aggregator,Создать новый контент-хаб,P2,/kuda-postupat-posle-11-klassa/,После 11 → вузы/направления (данные есть)
иркутское суворовское училище,591,C,info,assoc,g05_kolledzhi_irkutsk,aggregator,Gated — нужны данные,P3,—,Нет реестра СПО (колледжи города)
куда поступить девочке после 11 класса,589,C,info,top,c02_kuda_postupat_posle_11,main,Создать новый контент-хаб,P2,/kuda-postupat-posle-11-klassa/,После 11 → вузы/направления (данные есть)
профессия будущего москва официальный сайт,589,E,info,top,e04_professii_buduschego,aggregator,Контент-хаб без рейтинга,P1,/professiya/ (раздел),Нет данных прогноза — контент без рейтинга
куда можно поступить с обществознанием и информатикой,588,C,info,top,c13_s_informatikoj,main,Создана посадочная,P3,/kuda-postupat-s-informatikoj/,Перечень Минобрнауки → направления (готово)
профессии после 9 класса математика,587,C,info,top,c03_professii_posle_9,main,Gated — нужны данные,P3,—,Нет данных СПО/уровня после 9
перспективные профессии после 9 класса,587,C,info,top,c03_professii_posle_9,main,Gated — нужны данные,P3,—,Нет данных СПО/уровня после 9
список вредности профессий,585,E,info,top,e01_professii_spisok,main,Расширить существующую,P0,/professiya/,Каталог 436 профессий — данные есть
педагогическая профориентация,584,0,info,top,p01_proforientaciya,main,Создать новый контент-хаб,P1,/proforientaciya/,Хаб профориентации → /test/
профориентация названия,584,0,info,top,p01_proforientaciya,main,Создать новый контент-хаб,P1,/proforientaciya/,Хаб профориентации → /test/
не знаю куда поступать после 9 класса,583,C,info,top,c01_kuda_postupat_posle_9,main,Gated — нужны данные,P3,—,Нет реестра СПО (после 9)
на кого пойти учиться список,581,B,info,top,b04_na_kogo_pojti_uchitsya,main,Создать новый контент-хаб,P1,/kak-vybrat-professiyu/,ВЧ-инфо → хаб выбора + каталоги + /test/
тест на профессию бесплатно с результатом,581,D,commercial,top,d05_test_na_professiyu,main,Расширить (раздел хаба),P1,/testy-na-proforientaciyu/,«Тест на профессию» → хаб → /test/
профориентация какие вопросы,581,0,info,top,p01_proforientaciya,main,Создать новый контент-хаб,P1,/proforientaciya/,Хаб профориентации → /test/
куда поступить работать после 9 класса,578,C,info,top,c01_kuda_postupat_posle_9,main,Gated — нужны данные,P3,—,Нет реестра СПО (после 9)
профориентация практика,578,0,info,top,p01_proforientaciya,main,Создать новый контент-хаб,P1,/proforientaciya/,Хаб профориентации → /test/
куда поступить после 9 класса в новокузнецке,577,C,info,top,c01_kuda_postupat_posle_9,main,Gated — нужны данные,P3,—,Нет реестра СПО (после 9)
как выбрать профессию ребенку,576,B,info,top,b02_kak_vybrat_professiyu,main,Создать новый контент-хаб,P1,/kak-vybrat-professiyu/,Инфо-хаб → /test/
куда поступать с историей и географией,576,C,info,top,c11_s_istoriej,main,Создана посадочная,P3,/kuda-postupat-s-istoriej/,Перечень Минобрнауки → направления (готово)
климов профориентация онлайн,576,D,commercial,top,p01_proforientaciya,main,Создать новый контент-хаб,P1,/proforientaciya/,Хаб профориентации → /test/
список работ производств профессий должностей специальностей,575,E,info,top,e01_professii_spisok,main,Расширить существующую,P0,/professiya/,Каталог 436 профессий — данные есть
профессии после 9 класса в нижнем,572,C,info,top,c03_professii_posle_9,main,Gated — нужны данные,P3,—,Нет данных СПО/уровня после 9
какую выбрать профессию после 11,571,C,info,top,b01_kakuyu_professiyu_vybrat,main,Создать новый контент-хаб,P1,/kak-vybrat-professiyu/,Инфо-хаб выбора профессии → /test/
профессии после 9 класса волгоград,571,C,info,top,c03_professii_posle_9,aggregator,Gated — нужны данные,P3,—,Нет данных СПО/уровня после 9
куда можно поступить после 9 класса пенза,570,C,info,top,c01_kuda_postupat_posle_9,aggregator,Gated — нужны данные,P3,—,Нет реестра СПО (после 9)
лучшие профессии для девушек список,570,E,info,top,e01_professii_spisok,main,Расширить существующую,P0,/professiya/,Каталог 436 профессий — данные есть
центр профессии будущего официальный сайт,570,E,commercial,top,e04_professii_buduschego,main,Контент-хаб без рейтинга,P1,/professiya/ (раздел),Нет данных прогноза — контент без рейтинга
куда поступать на геодезиста после 9 класса,569,C,info,top,c01_kuda_postupat_posle_9,main,Gated — нужны данные,P3,—,Нет реестра СПО (после 9)
куда поступить с информатикой после 9,569,C,info,top,c13_s_informatikoj,main,Создана посадочная,P3,/kuda-postupat-s-informatikoj/,Перечень Минобрнауки → направления (готово)
куда поступить после 9 класса челны,568,C,info,top,c01_kuda_postupat_posle_9,main,Gated — нужны данные,P3,—,Нет реестра СПО (после 9)
список самых профессий,566,E,info,top,e01_professii_spisok,main,Расширить существующую,P0,/professiya/,Каталог 436 профессий — данные есть
список профессий связанных,566,E,info,top,e01_professii_spisok,main,Расширить существующую,P0,/professiya/,Каталог 436 профессий — данные есть
какие есть профессии список,566,E,info,top,e01_professii_spisok,main,Расширить существующую,P0,/professiya/,Каталог 436 профессий — данные есть
список профессий с вредными условиями труда,565,E,info,top,e01_professii_spisok,main,Расширить существующую,P0,/professiya/,Каталог 436 профессий — данные есть
ульяновск куда можно поступить после 9 класса,564,C,info,top,c01_kuda_postupat_posle_9,aggregator,Gated — нужны данные,P3,—,Нет реестра СПО (после 9)
куда поступить после 9 класса очно,561,C,info,top,c01_kuda_postupat_posle_9,main,Gated — нужны данные,P3,—,Нет реестра СПО (после 9)
профессии в новгороде после 9 класса,561,C,info,top,c03_professii_posle_9,main,Gated — нужны данные,P3,—,Нет данных СПО/уровня после 9
куда пойти после 11 класса профессии,560,C,info,top,c04_professii_posle_11,main,Расширить существующую,P2,/professiya/ + хаб-11,Профессии после 11 → каталог/направления
списки профессии в дали,560,E,info,top,e01_professii_spisok,main,Расширить существующую,P0,/professiya/,Каталог 436 профессий — данные есть
куда поступить в уфе после 11 класса,559,C,info,top,c02_kuda_postupat_posle_11,aggregator,Создать новый контент-хаб,P2,/kuda-postupat-posle-11-klassa/,После 11 → вузы/направления (данные есть)
куда поступить омск девушке,558,C,info,top,c08_kuda_postupat_devushke,aggregator,Контент/фильтр (не дубль),P2,/kuda-postupat-posle-11-klassa/#devushke,Гендер-срез после 11
куда поступить с информатикой москва,558,C,info,top,c13_s_informatikoj,aggregator,Создана посадочная,P3,/kuda-postupat-s-informatikoj/,Перечень Минобрнауки → направления (готово)
работа россии профориентация,558,0,info,top,p01_proforientaciya,main,Создать новый контент-хаб,P1,/proforientaciya/,Хаб профориентации → /test/
куда можно поступить после 9 класса техникум,556,C,info,top,c01_kuda_postupat_posle_9,main,Gated — нужны данные,P3,—,Нет реестра СПО (после 9)
куда поступить после 9 класса на логиста,556,C,info,top,c01_kuda_postupat_posle_9,main,Gated — нужны данные,P3,—,Нет реестра СПО (после 9)
профориентация что это,556,0,info,assoc,d06_test_na_vybor_professii,main,Использовать существующую,P1,/test/,Прямой интент квиза
куда поступить после 11 класса челябинск,553,C,info,top,c02_kuda_postupat_posle_11,aggregator,Создать новый контент-хаб,P2,/kuda-postupat-posle-11-klassa/,После 11 → вузы/направления (данные есть)
профессии после 9 класса средний балл,553,C,info,top,c03_professii_posle_9,main,Gated — нужны данные,P3,—,Нет данных СПО/уровня после 9
самые высокооплачиваемые профессии для женщин,553,E,info,top,e03_vysokooplachivaemye,main,Создать новую посадочную (рейтинг),P0,/professii-vysokooplachivaemye/,Рейтинг по зарплатам Росстата окт-2025 — данные есть
специальности после 9 класса список профессий,552,C,info,top,c03_professii_posle_9,main,Gated — нужны данные,P3,—,Нет данных СПО/уровня после 9
вектор профориентация,552,0,info,top,p01_proforientaciya,main,Создать новый контент-хаб,P1,/proforientaciya/,Хаб профориентации → /test/
вопросы как выбрать профессию,551,B,info,top,b02_kak_vybrat_professiyu,main,Создать новый контент-хаб,P1,/kak-vybrat-professiyu/,Инфо-хаб → /test/
куда поступать после 9 класса английский,550,C,info,top,c01_kuda_postupat_posle_9,main,Gated — нужны данные,P3,—,Нет реестра СПО (после 9)
медицинский куда поступать после 11 класса,550,C,info,top,c02_kuda_postupat_posle_11,main,Создать новый контент-хаб,P2,/kuda-postupat-posle-11-klassa/,После 11 → вузы/направления (данные есть)
центр профессии будущего москва официальный сайт,550,E,commercial,top,e04_professii_buduschego,aggregator,Контент-хаб без рейтинга,P1,/professiya/ (раздел),Нет данных прогноза — контент без рейтинга
профессия для мужчин после 9 класса,549,C,info,top,c03_professii_posle_9,main,Gated — нужны данные,P3,—,Нет данных СПО/уровня после 9
профессии в краснодаре после 9 класса,549,C,info,top,c03_professii_posle_9,aggregator,Gated — нужны данные,P3,—,Нет данных СПО/уровня после 9
тесты профориентации онлайн тесты на профессию,548,D,commercial,top,d01_test_na_proforientaciyu,main,Создать новый контент-хаб,P1,/testy-na-proforientaciyu/,Хаб о тестах → /test/ (SERP: формат-статья достижим)
профориентация уровни,548,0,info,top,p01_proforientaciya,main,Создать новый контент-хаб,P1,/proforientaciya/,Хаб профориентации → /test/
тест на профориентацию 11,546,D,info,top,d01_test_na_proforientaciyu,main,Создать новый контент-хаб,P1,/testy-na-proforientaciyu/,Хаб о тестах → /test/ (SERP: формат-статья достижим)
список 2 льготных профессий для досрочной,546,E,info,top,e01_professii_spisok,main,Расширить существующую,P0,/professiya/,Каталог 436 профессий — данные есть
список 2 льготных профессий для досрочной пенсии,546,E,info,top,e01_professii_spisok,main,Расширить существующую,P0,/professiya/,Каталог 436 профессий — данные есть
смешарики профессии будущего,546,E,info,top,e04_professii_buduschego,main,Контент-хаб без рейтинга,P1,/professiya/ (раздел),Нет данных прогноза — контент без рейтинга
перечень профессий список,545,E,info,top,e01_professii_spisok,main,Расширить существующую,P0,/professiya/,Каталог 436 профессий — данные есть
куда поступить в москве с историей,542,C,info,top,c11_s_istoriej,aggregator,Создана посадочная,P3,/kuda-postupat-s-istoriej/,Перечень Минобрнауки → направления (готово)
профориентация для школьников онлайн тест,542,D,commercial,top,d01_test_na_proforientaciyu,main,Создать новый контент-хаб,P1,/testy-na-proforientaciyu/,Хаб о тестах → /test/ (SERP: формат-статья достижим)
будущая профессия предложения,541,E,info,top,e04_professii_buduschego,main,Контент-хаб без рейтинга,P1,/professiya/ (раздел),Нет данных прогноза — контент без рейтинга
профессии список на кого пойти учиться,539,B,info,top,b04_na_kogo_pojti_uchitsya,main,Создать новый контент-хаб,P1,/kak-vybrat-professiyu/,ВЧ-инфо → хаб выбора + каталоги + /test/
куда поступают после 9 11 классов,538,C,info,top,c01_kuda_postupat_posle_9,main,Gated — нужны данные,P3,—,Нет реестра СПО (после 9)
профессии после 9 класса в перми,538,C,info,top,c03_professii_posle_9,aggregator,Gated — нужны данные,P3,—,Нет данных СПО/уровня после 9
образование после 9 класса профессии,538,C,info,top,c03_professii_posle_9,main,Gated — нужны данные,P3,—,Нет данных СПО/уровня после 9
профессии после 11 класса физика,538,C,info,top,c04_professii_posle_11,main,Расширить существующую,P2,/professiya/ + хаб-11,Профессии после 11 → каталог/направления
тест на профориентацию онлайн выбор,538,D,commercial,top,d01_test_na_proforientaciyu,main,Создать новый контент-хаб,P1,/testy-na-proforientaciyu/,Хаб о тестах → /test/ (SERP: формат-статья достижим)
кем пойти работать после 9 класса,536,C,info,top,b06_kem_pojti_rabotat,main,Расширить существующую,P0,/professiya/,«Кем пойти работать» = список профессий → каталог
балл 3.2 куда поступить после 9 класса,536,C,info,top,c01_kuda_postupat_posle_9,main,Gated — нужны данные,P3,—,Нет реестра СПО (после 9)
тест на выбор профессии после 9,536,D,info,top,d05_test_na_professiyu,main,Расширить (раздел хаба),P1,/testy-na-proforientaciyu/,«Тест на профессию» → хаб → /test/
куда поступить после 9 класса на кондитера,535,C,info,top,c01_kuda_postupat_posle_9,main,Gated — нужны данные,P3,—,Нет реестра СПО (после 9)
куда девушке можно поступить после 11,535,C,info,top,c08_kuda_postupat_devushke,main,Контент/фильтр (не дубль),P2,/kuda-postupat-posle-11-klassa/#devushke,Гендер-срез после 11
методы профориентации,534,0,info,top,p01_proforientaciya,main,Создать новый контент-хаб,P1,/proforientaciya/,Хаб профориентации → /test/
рабочая профориентация,534,0,info,top,p01_proforientaciya,main,Создать новый контент-хаб,P1,/proforientaciya/,Хаб профориентации → /test/
технологии профориентации,534,0,info,top,p01_proforientaciya,main,Создать новый контент-хаб,P1,/proforientaciya/,Хаб профориентации → /test/
куда поступить платно после 9 класса,533,C,commercial,top,c01_kuda_postupat_posle_9,main,Gated — нужны данные,P3,—,Нет реестра СПО (после 9)
куда можно поступить список профессий девушке,533,C,info,top,c08_kuda_postupat_devushke,main,Контент/фильтр (не дубль),P2,/kuda-postupat-posle-11-klassa/#devushke,Гендер-срез после 11
тест на профориентацию онлайн выбор профессии,533,D,commercial,top,d01_test_na_proforientaciyu,main,Создать новый контент-хаб,P1,/testy-na-proforientaciyu/,Хаб о тестах → /test/ (SERP: формат-статья достижим)
самые высокооплачиваемые профессии для мужчин,533,E,info,top,e03_vysokooplachivaemye,main,Создать новую посадочную (рейтинг),P0,/professii-vysokooplachivaemye/,Рейтинг по зарплатам Росстата окт-2025 — данные есть
где проходит профориентация,532,0,info,top,p01_proforientaciya,main,Создать новый контент-хаб,P1,/proforientaciya/,Хаб профориентации → /test/
профориентация где пройти,532,0,commercial,top,p01_proforientaciya,main,Создать новый контент-хаб,P1,/proforientaciya/,Хаб профориентации → /test/
навык профессии будущего,531,E,info,top,e04_professii_buduschego,main,Контент-хаб без рейтинга,P1,/professiya/ (раздел),Нет данных прогноза — контент без рейтинга
куда можно поступить после окончания 9 класса,530,C,info,top,c01_kuda_postupat_posle_9,main,Gated — нужны данные,P3,—,Нет реестра СПО (после 9)
профориентация официально,530,0,info,top,p01_proforientaciya,main,Создать новый контент-хаб,P1,/proforientaciya/,Хаб профориентации → /test/
работа как выбрать профессию,529,B,info,top,b02_kak_vybrat_professiyu,main,Создать новый контент-хаб,P1,/kak-vybrat-professiyu/,Инфо-хаб → /test/
профессии после 9 класса много,529,C,info,top,c03_professii_posle_9,main,Gated — нужны данные,P3,—,Нет данных СПО/уровня после 9
курган куда можно поступить после 9 класса,528,C,info,top,c01_kuda_postupat_posle_9,main,Gated — нужны данные,P3,—,Нет реестра СПО (после 9)
строительные профессии после 9 класса,528,C,info,top,c03_professii_posle_9,main,Gated — нужны данные,P3,—,Нет данных СПО/уровня после 9
профориентация тест онлайн на профессию бесплатно,527,D,commercial,top,d01_test_na_proforientaciyu,main,Создать новый контент-хаб,P1,/testy-na-proforientaciyu/,Хаб о тестах → /test/ (SERP: формат-статья достижим)
кем можно стать после колледжа,526,C,info,top,b03_kem_mozhno_stat,main,Расширить существующую,P0,/professiya/,«Кем можно стать» = список профессий → каталог
куда поступить после 9 класса в костроме,525,C,info,top,c01_kuda_postupat_posle_9,main,Gated — нужны данные,P3,—,Нет реестра СПО (после 9)
профессии после 11 класса нужные,525,C,info,top,c04_professii_posle_11,main,Расширить существующую,P2,/professiya/ + хаб-11,Профессии после 11 → каталог/направления
куда поступить в курске после 9 класса,524,C,info,top,c01_kuda_postupat_posle_9,aggregator,Gated — нужны данные,P3,—,Нет реестра СПО (после 9)
востребованные профессии 2026 после 11 класса,524,C,info,top,c04_professii_posle_11,main,Расширить существующую,P2,/professiya/ + хаб-11,Профессии после 11 → каталог/направления
онлайн тест на профессию результаты,524,D,commercial,top,d05_test_na_professiyu,main,Расширить (раздел хаба),P1,/testy-na-proforientaciyu/,«Тест на профессию» → хаб → /test/
куда поступить с информатикой и географией,523,C,info,top,c13_s_informatikoj,main,Создана посадочная,P3,/kuda-postupat-s-informatikoj/,Перечень Минобрнауки → направления (готово)
рекомендации профориентации,523,0,info,top,p01_proforientaciya,main,Создать новый контент-хаб,P1,/proforientaciya/,Хаб профориентации → /test/
специальность профориентация,523,0,info,top,p01_proforientaciya,main,Создать новый контент-хаб,P1,/proforientaciya/,Хаб профориентации → /test/
образование на кого пойти учиться,522,B,info,top,b04_na_kogo_pojti_uchitsya,main,Создать новый контент-хаб,P1,/kak-vybrat-professiyu/,ВЧ-инфо → хаб выбора + каталоги + /test/
профессии после 9 класса что сдавать,522,C,info,top,c03_professii_posle_9,main,Gated — нужны данные,P3,—,Нет данных СПО/уровня после 9
школьной профориентации,522,0,info,top,p01_proforientaciya,main,Создать новый контент-хаб,P1,/proforientaciya/,Хаб профориентации → /test/
куда поступать после 9 класса направление,520,C,info,top,c01_kuda_postupat_posle_9,main,Gated — нужны данные,P3,—,Нет реестра СПО (после 9)
куда поступить после 11 класса на психолога,520,C,info,top,c02_kuda_postupat_posle_11,main,Создать новый контент-хаб,P2,/kuda-postupat-posle-11-klassa/,После 11 → вузы/направления (данные есть)
профориентация тест на выбор профессии бесплатно онлайн,520,D,commercial,top,d01_test_na_proforientaciyu,main,Создать новый контент-хаб,P1,/testy-na-proforientaciyu/,Хаб о тестах → /test/ (SERP: формат-статья достижим)
ранняя профориентация в доу,520,0,info,top,p01_proforientaciya,main,Создать новый контент-хаб,P1,/proforientaciya/,Хаб профориентации → /test/
8 профессий будущего,519,E,info,top,e04_professii_buduschego,main,Контент-хаб без рейтинга,P1,/professiya/ (раздел),Нет данных прогноза — контент без рейтинга
проходной балл профессии после 9 класса,518,C,info,top,c03_professii_posle_9,main,Gated — нужны данные,P3,—,Нет данных СПО/уровня после 9
онлайн тест на профессию бесплатно с результатом,518,D,commercial,top,d05_test_na_professiyu,main,Расширить (раздел хаба),P1,/testy-na-proforientaciyu/,«Тест на профессию» → хаб → /test/
профориентация час,518,0,info,top,p01_proforientaciya,main,Создать новый контент-хаб,P1,/proforientaciya/,Хаб профориентации → /test/
часы профориентации,518,0,info,top,p01_proforientaciya,main,Создать новый контент-хаб,P1,/proforientaciya/,Хаб профориентации → /test/
вузы куда можно поступить с химией,517,C,info,top,c14_s_himiej,main,Создана посадочная,P3,/kuda-postupat-s-himiej/,Перечень Минобрнауки → направления (готово)
профориентация проведение,514,0,info,top,p01_proforientaciya,main,Создать новый контент-хаб,P1,/proforientaciya/,Хаб профориентации → /test/
куда поступить после 11 класса университет,513,C,info,top,c02_kuda_postupat_posle_11,main,Создать новый контент-хаб,P2,/kuda-postupat-posle-11-klassa/,После 11 → вузы/направления (данные есть)
куда поступить после 11 класса егэ история,513,C,info,top,c02_kuda_postupat_posle_11,main,Создать новый контент-хаб,P2,/kuda-postupat-posle-11-klassa/,После 11 → вузы/направления (данные есть)
у всех ли профессий есть будущее,513,E,info,top,e04_professii_buduschego,main,Контент-хаб без рейтинга,P1,/professiya/ (раздел),Нет данных прогноза — контент без рейтинга
с профилем математика информатика куда поступить,512,C,info,top,c13_s_informatikoj,main,Создана посадочная,P3,/kuda-postupat-s-informatikoj/,Перечень Минобрнауки → направления (готово)
бесплатная профориентация онлайн для школьников,512,0,commercial,top,p03_prof_dlya_shkolnikov,main,Расширить (раздел хаба),P1,/proforientaciya/,Срез «для школьников»
казань куда поступить после 9 класса бюджет,508,C,info,top,c01_kuda_postupat_posle_9,aggregator,Gated — нужны данные,P3,—,Нет реестра СПО (после 9)
куда поступить после 9 класса набережные,507,C,info,top,c01_kuda_postupat_posle_9,main,Gated — нужны данные,P3,—,Нет реестра СПО (после 9)
какая профессия после 9 класса тест,506,D,info,top,c03_professii_posle_9,main,Gated — нужны данные,P3,—,Нет данных СПО/уровня после 9
куда поступить после 11 класса россия,505,C,info,top,c02_kuda_postupat_posle_11,main,Создать новый контент-хаб,P2,/kuda-postupat-posle-11-klassa/,После 11 → вузы/направления (данные есть)
политехнический колледж профессии после 9 класса,504,C,info,top,c03_professii_posle_9,main,Gated — нужны данные,P3,—,Нет данных СПО/уровня после 9
тест ддо климова,504,D,info,top,d08_test_klimova,main,Создать статью в хабе,P1,/testy-na-proforientaciyu/test-klimova/,Именованная методика Климова
топ профессий будущего,504,E,info,top,e04_professii_buduschego,main,Контент-хаб без рейтинга,P1,/professiya/ (раздел),Нет данных прогноза — контент без рейтинга
куда поступить после 9 класса в белгороде,503,C,info,top,c01_kuda_postupat_posle_9,aggregator,Gated — нужны данные,P3,—,Нет реестра СПО (после 9)
куда поступить после 9 класса в симферополе,502,C,info,top,c01_kuda_postupat_posle_9,aggregator,Gated — нужны данные,P3,—,Нет реестра СПО (после 9)
профессии после 9 класса ижевск,502,C,info,top,c03_professii_posle_9,aggregator,Gated — нужны данные,P3,—,Нет данных СПО/уровня после 9
профессии в челябинске после 9 класса,500,C,info,top,c03_professii_posle_9,aggregator,Gated — нужны данные,P3,—,Нет данных СПО/уровня после 9
куда поступить с физикой в москве,500,C,info,top,c15_s_fizikoj,aggregator,Создана посадочная,P3,/kuda-postupat-s-fizikoj/,Перечень Минобрнауки → направления (готово)
куда поступать после 9 класса набережные челны,499,C,info,top,c01_kuda_postupat_posle_9,main,Gated — нужны данные,P3,—,Нет реестра СПО (после 9)
зарабатываемая профессия после 9 класса,499,C,info,top,c03_professii_posle_9,main,Gated — нужны данные,P3,—,Нет данных СПО/уровня после 9
куда поступить с экзаменами русский биология,498,C,info,top,c12_s_biologiej,main,Создана посадочная,P3,/kuda-postupat-s-biologiej/,Перечень Минобрнауки → направления (готово)
куда поступать с химией и физикой,498,C,info,top,c14_s_himiej,main,Создана посадочная,P3,/kuda-postupat-s-himiej/,Перечень Минобрнауки → направления (готово)
на кого пойти учиться девочке,497,B,info,top,b04_na_kogo_pojti_uchitsya,main,Создать новый контент-хаб,P1,/kak-vybrat-professiyu/,ВЧ-инфо → хаб выбора + каталоги + /test/
профессии после 9 класса в уфе,497,C,info,top,c03_professii_posle_9,aggregator,Gated — нужны данные,P3,—,Нет данных СПО/уровня после 9
куда можно поступить после 9 класса ярославль,495,C,info,top,c01_kuda_postupat_posle_9,aggregator,Gated — нужны данные,P3,—,Нет реестра СПО (после 9)
куда поступить после 9 класса с овз,494,C,info,top,c01_kuda_postupat_posle_9,main,Gated — нужны данные,P3,—,Нет реестра СПО (после 9)
тест куда поступать после 9 класса,494,D,info,top,c01_kuda_postupat_posle_9,main,Gated — нужны данные,P3,—,Нет реестра СПО (после 9)
рисунок профессия будущего,494,E,info,top,e04_professii_buduschego,main,Контент-хаб без рейтинга,P1,/professiya/ (раздел),Нет данных прогноза — контент без рейтинга
тест на профессию для школьников,493,D,info,top,d05_test_na_professiyu,main,Расширить (раздел хаба),P1,/testy-na-proforientaciyu/,«Тест на профессию» → хаб → /test/
какую профессию выбрать после 11 класса,492,C,info,top,b01_kakuyu_professiyu_vybrat,main,Создать новый контент-хаб,P1,/kak-vybrat-professiyu/,Инфо-хаб выбора профессии → /test/
оплачиваемые профессии после 9 класса,492,C,info,top,c03_professii_posle_9,main,Gated — нужны данные,P3,—,Нет данных СПО/уровня после 9
кем стать после 9 класса девушке,491,C,info,top,c07_kem_stat_posle_9,main,Gated — нужны данные,P3,—,Нет данных СПО
куда поступить с профилем и информатикой,491,C,info,top,c13_s_informatikoj,main,Создана посадочная,P3,/kuda-postupat-s-informatikoj/,Перечень Минобрнауки → направления (готово)
профессии после 11 класса и предметы,490,C,info,top,c04_professii_posle_11,main,Расширить существующую,P2,/professiya/ + хаб-11,Профессии после 11 → каталог/направления
куда поступить в вуз с биологией,490,C,info,top,c12_s_biologiej,main,Создана посадочная,P3,/kuda-postupat-s-biologiej/,Перечень Минобрнауки → направления (готово)
прибыльные профессии после 9 класса,489,C,info,top,c03_professii_posle_9,main,Gated — нужны данные,P3,—,Нет данных СПО/уровня после 9
центр профессии будущего печатники,489,E,commercial,top,e04_professii_buduschego,main,Контент-хаб без рейтинга,P1,/professiya/ (раздел),Нет данных прогноза — контент без рейтинга
куда поступить на мчс после 9 класса,488,C,info,top,c01_kuda_postupat_posle_9,main,Gated — нужны данные,P3,—,Нет реестра СПО (после 9)
обществознание какие профессии после 11 класса,488,C,info,top,c04_professii_posle_11,main,Расширить существующую,P2,/professiya/ + хаб-11,Профессии после 11 → каталог/направления
университет после 9 класса профессии,487,C,info,top,c03_professii_posle_9,main,Gated — нужны данные,P3,—,Нет данных СПО/уровня после 9
поступить на электрика после 9 класса куда,486,C,info,top,c01_kuda_postupat_posle_9,main,Gated — нужны данные,P3,—,Нет реестра СПО (после 9)
профессии после 11 класса русский математика,485,C,info,top,c04_professii_posle_11,main,Расширить существующую,P2,/professiya/ + хаб-11,Профессии после 11 → каталог/направления
тест на профориентацию после 9 бесплатно,485,D,commercial,top,d01_test_na_proforientaciyu,main,Создать новый контент-хаб,P1,/testy-na-proforientaciyu/,Хаб о тестах → /test/ (SERP: формат-статья достижим)
самые высокооплачиваемые профессии в россии после 9,484,C,info,top,e03_vysokooplachivaemye,main,Создать новую посадочную (рейтинг),P0,/professii-vysokooplachivaemye/,Рейтинг по зарплатам Росстата окт-2025 — данные есть
профессии после 9 класса в нижнем новгороде,483,C,info,top,c03_professii_posle_9,aggregator,Gated — нужны данные,P3,—,Нет данных СПО/уровня после 9
куда поступать с егэ история английский,483,C,info,top,c11_s_istoriej,main,Создана посадочная,P3,/kuda-postupat-s-istoriej/,Перечень Минобрнауки → направления (готово)
куда поступать с егэ обществознание и географией,482,C,info,top,c16_s_geografiej,main,Создана посадочная,P3,/kuda-postupat-s-geografiej/,Перечень Минобрнауки → направления (готово)
сургут куда поступить после 9 класса,478,C,info,top,c01_kuda_postupat_posle_9,aggregator,Gated — нужны данные,P3,—,Нет реестра СПО (после 9)
тест на профориентацию 11 класс,477,D,info,top,d01_test_na_proforientaciyu,main,Создать новый контент-хаб,P1,/testy-na-proforientaciyu/,Хаб о тестах → /test/ (SERP: формат-статья достижим)
куда поступить в твери после 9 класса,476,C,info,top,c01_kuda_postupat_posle_9,aggregator,Gated — нужны данные,P3,—,Нет реестра СПО (после 9)
тест на профессию онлайн без регистрации,476,D,commercial,top,d05_test_na_professiyu,main,Расширить (раздел хаба),P1,/testy-na-proforientaciyu/,«Тест на профессию» → хаб → /test/
тест е а климова,476,D,info,top,d08_test_klimova,main,Создать статью в хабе,P1,/testy-na-proforientaciyu/test-klimova/,Именованная методика Климова
важные профессии будущего,476,E,info,top,e04_professii_buduschego,main,Контент-хаб без рейтинга,P1,/professiya/ (раздел),Нет данных прогноза — контент без рейтинга
тест на профориентацию для школьников 9,475,D,info,top,d01_test_na_proforientaciyu,main,Создать новый контент-хаб,P1,/testy-na-proforientaciyu/,Хаб о тестах → /test/ (SERP: формат-статья достижим)
азбука профессий будущего,475,E,info,top,e04_professii_buduschego,main,Контент-хаб без рейтинга,P1,/professiya/ (раздел),Нет данных прогноза — контент без рейтинга
кем можно стать если сдавать,474,B,info,top,b03_kem_mozhno_stat,main,Расширить существующую,P0,/professiya/,«Кем можно стать» = список профессий → каталог
куда поступать после 9 с химией,474,C,info,top,c14_s_himiej,main,Создана посадочная,P3,/kuda-postupat-s-himiej/,Перечень Минобрнауки → направления (готово)
цель профессии будущего,474,E,info,top,e04_professii_buduschego,main,Контент-хаб без рейтинга,P1,/professiya/ (раздел),Нет данных прогноза — контент без рейтинга
куда поступить после 9 класса краснодарский край,473,C,info,top,c01_kuda_postupat_posle_9,aggregator,Gated — нужны данные,P3,—,Нет реестра СПО (после 9)
куда поступить после 11 го класса,473,C,info,top,c02_kuda_postupat_posle_11,main,Создать новый контент-хаб,P2,/kuda-postupat-posle-11-klassa/,После 11 → вузы/направления (данные есть)
куда поступить на бюджет с информатикой,473,C,info,top,c13_s_informatikoj,main,Создана посадочная,P3,/kuda-postupat-s-informatikoj/,Перечень Минобрнауки → направления (готово)
куда поступать с базовой математикой и информатикой,473,C,info,top,c13_s_informatikoj,main,Создана посадочная,P3,/kuda-postupat-s-informatikoj/,Перечень Минобрнауки → направления (готово)
профессии для мальчиков после 9 класса список,472,C,info,top,c03_professii_posle_9,main,Gated — нужны данные,P3,—,Нет данных СПО/уровня после 9
профессии после 9 класса в екатеринбурге,472,C,info,top,c03_professii_posle_9,aggregator,Gated — нужны данные,P3,—,Нет данных СПО/уровня после 9
профессии после 9 класса в тюмени,472,C,info,top,c03_professii_posle_9,aggregator,Gated — нужны данные,P3,—,Нет данных СПО/уровня после 9
куда поступать с химией биологией москва,472,C,info,top,c12_s_biologiej,aggregator,Создана посадочная,P3,/kuda-postupat-s-biologiej/,Перечень Минобрнауки → направления (готово)
куда поступить после 9 класса псков,471,C,info,top,c01_kuda_postupat_posle_9,main,Gated — нужны данные,P3,—,Нет реестра СПО (после 9)
тест на профессию онлайн после 9,471,D,commercial,top,d05_test_na_professiyu,main,Расширить (раздел хаба),P1,/testy-na-proforientaciyu/,«Тест на профессию» → хаб → /test/
эссе на тему моя будущая профессия,470,E,info,top,e04_professii_buduschego,main,Контент-хаб без рейтинга,P1,/professiya/ (раздел),Нет данных прогноза — контент без рейтинга
профессии ближайшего будущего,469,E,info,top,e04_professii_buduschego,main,Контент-хаб без рейтинга,P1,/professiya/ (раздел),Нет данных прогноза — контент без рейтинга
кем можно стать в россии,468,B,info,top,b03_kem_mozhno_stat,main,Расширить существующую,P0,/professiya/,«Кем можно стать» = список профессий → каталог
на кого пойти учиться парню,468,B,info,top,b04_na_kogo_pojti_uchitsya,main,Создать новый контент-хаб,P1,/kak-vybrat-professiyu/,ВЧ-инфо → хаб выбора + каталоги + /test/
тест на профессию бесплатно без регистрации онлайн,468,D,commercial,top,d05_test_na_professiyu,main,Расширить (раздел хаба),P1,/testy-na-proforientaciyu/,«Тест на профессию» → хаб → /test/
будущие профессии после 9 класса,467,C,info,top,c03_professii_posle_9,main,Gated — нужны данные,P3,—,Нет данных СПО/уровня после 9
куда можно поступить после 9 класса саранск,466,C,info,top,c01_kuda_postupat_posle_9,main,Gated — нужны данные,P3,—,Нет реестра СПО (после 9)
пройти профориентацию онлайн климов,466,D,commercial,top,p04_prof_online,main,Расширить (раздел хаба),P1,/proforientaciya/,«Онлайн» → /test/
на кого пойти учиться чтобы работать,465,B,info,top,b04_na_kogo_pojti_uchitsya,main,Создать новый контент-хаб,P1,/kak-vybrat-professiyu/,ВЧ-инфо → хаб выбора + каталоги + /test/
профессии после 9 класса в иркутске,464,C,info,top,c03_professii_posle_9,aggregator,Gated — нужны данные,P3,—,Нет данных СПО/уровня после 9
бесплатный тест на профориентацию после 9 класса,464,D,commercial,top,d01_test_na_proforientaciyu,main,Создать новый контент-хаб,P1,/testy-na-proforientaciyu/,Хаб о тестах → /test/ (SERP: формат-статья достижим)
самые высокооплачиваемые профессии в медицине,464,E,info,top,e03_vysokooplachivaemye,main,Создать новую посадочную (рейтинг),P0,/professii-vysokooplachivaemye/,Рейтинг по зарплатам Росстата окт-2025 — данные есть
профессии после 9 класса липецк,463,C,info,top,c03_professii_posle_9,aggregator,Gated — нужны данные,P3,—,Нет данных СПО/уровня после 9
как выбрать будущую профессию,462,B,info,top,b02_kak_vybrat_professiyu,main,Создать новый контент-хаб,P1,/kak-vybrat-professiyu/,Инфо-хаб → /test/
куда можно поступить с литературой и историей,462,C,info,top,c11_s_istoriej,main,Создана посадочная,P3,/kuda-postupat-s-istoriej/,Перечень Минобрнауки → направления (готово)
куда можно заочно поступить после 11 класса,459,C,info,top,c02_kuda_postupat_posle_11,main,Создать новый контент-хаб,P2,/kuda-postupat-posle-11-klassa/,После 11 → вузы/направления (данные есть)
на кого пойти учиться девушке список,458,B,info,top,b04_na_kogo_pojti_uchitsya,main,Создать новый контент-хаб,P1,/kak-vybrat-professiyu/,ВЧ-инфо → хаб выбора + каталоги + /test/
тест на профессию после 9 класса онлайн,458,D,commercial,top,c03_professii_posle_9,main,Gated — нужны данные,P3,—,Нет данных СПО/уровня после 9
тест на профориентацию для школьников 9 класс,458,D,info,top,d01_test_na_proforientaciyu,main,Создать новый контент-хаб,P1,/testy-na-proforientaciyu/,Хаб о тестах → /test/ (SERP: формат-статья достижим)
куда поступить на бюджет с физикой,457,C,info,top,c15_s_fizikoj,main,Создана посадочная,P3,/kuda-postupat-s-fizikoj/,Перечень Минобрнауки → направления (готово)
в каком классе выбирать профессию,456,B,info,top,b01_kakuyu_professiyu_vybrat,main,Создать новый контент-хаб,P1,/kak-vybrat-professiyu/,Инфо-хаб выбора профессии → /test/
техникум зеленогорск красноярский край,456,C,info,assoc,g01_kolledzhi_krasnoyarsk,aggregator,Gated — нужны данные,P3,—,Нет реестра СПО (колледжи города)
на кого можно пойти учиться в колледж,454,C,info,top,b04_na_kogo_pojti_uchitsya,main,Создать новый контент-хаб,P1,/kak-vybrat-professiyu/,ВЧ-инфо → хаб выбора + каталоги + /test/
куда поступить после 9 класса магнитогорск,454,C,info,top,c01_kuda_postupat_posle_9,main,Gated — нужны данные,P3,—,Нет реестра СПО (после 9)
профориентация тест на выбор профессии 9,454,D,info,top,d01_test_na_proforientaciyu,main,Создать новый контент-хаб,P1,/testy-na-proforientaciyu/,Хаб о тестах → /test/ (SERP: формат-статья достижим)
высокооплачиваемые профессии в россии после 11 класса,453,C,info,top,c04_professii_posle_11,main,Расширить существующую,P2,/professiya/ + хаб-11,Профессии после 11 → каталог/направления
тест профориентация 9 класс на выбор профессии,453,D,info,top,d01_test_na_proforientaciyu,main,Создать новый контент-хаб,P1,/testy-na-proforientaciyu/,Хаб о тестах → /test/ (SERP: формат-статья достижим)
профессии после 9 класса чебоксары,452,C,info,top,c03_professii_posle_9,aggregator,Gated — нужны данные,P3,—,Нет данных СПО/уровня после 9
техническое образование это какие специальности,452,C,info,assoc,c11_s_istoriej,main,Создана посадочная,P3,/kuda-postupat-s-istoriej/,Перечень Минобрнауки → направления (готово)
куда поступить с обществом и информатикой,452,C,info,top,c13_s_informatikoj,main,Создана посадочная,P3,/kuda-postupat-s-informatikoj/,Перечень Минобрнауки → направления (готово)
гигтест ру пройти тестирование,451,D,commercial,assoc,d05_test_na_professiyu,main,Расширить (раздел хаба),P1,/testy-na-proforientaciyu/,«Тест на профессию» → хаб → /test/
гуманитарные профессии после 11 класса,449,C,info,top,c04_professii_posle_11,main,Расширить существующую,P2,/professiya/ + хаб-11,Профессии после 11 → каталог/направления
вузы куда поступить с информатикой,449,C,info,top,c13_s_informatikoj,main,Создана посадочная,P3,/kuda-postupat-s-informatikoj/,Перечень Минобрнауки → направления (готово)
заведение куда поступают после 9 класса,448,C,info,top,c01_kuda_postupat_posle_9,main,Gated — нужны данные,P3,—,Нет реестра СПО (после 9)
тест климова пройти онлайн,448,D,commercial,top,d08_test_klimova,main,Создать статью в хабе,P1,/testy-na-proforientaciyu/test-klimova/,Именованная методика Климова
тест опросник климова,447,D,info,top,d08_test_klimova,main,Создать статью в хабе,P1,/testy-na-proforientaciyu/test-klimova/,Именованная методика Климова
военная девушка куда поступать,446,C,info,top,c08_kuda_postupat_devushke,main,Контент/фильтр (не дубль),P2,/kuda-postupat-posle-11-klassa/#devushke,Гендер-срез после 11
тест на кого пойти учиться,445,D,info,top,b04_na_kogo_pojti_uchitsya,main,Создать новый контент-хаб,P1,/kak-vybrat-professiyu/,ВЧ-инфо → хаб выбора + каталоги + /test/
после 11 класса куда можно поступить девушке,445,C,info,top,c02_kuda_postupat_posle_11,main,Создать новый контент-хаб,P2,/kuda-postupat-posle-11-klassa/,После 11 → вузы/направления (данные есть)
лучшие профессии после 9 класса для мальчиков,445,C,info,top,c03_professii_posle_9,main,Gated — нужны данные,P3,—,Нет данных СПО/уровня после 9
пройти тест климова на профориентацию,445,D,commercial,top,d01_test_na_proforientaciyu,main,Создать новый контент-хаб,P1,/testy-na-proforientaciyu/,Хаб о тестах → /test/ (SERP: формат-статья достижим)
профессии после 9 класса магнитогорск,444,C,info,top,c03_professii_posle_9,main,Gated — нужны данные,P3,—,Нет данных СПО/уровня после 9
куда поступить девушке после колледжа,444,C,info,top,c08_kuda_postupat_devushke,main,Контент/фильтр (не дубль),P2,/kuda-postupat-posle-11-klassa/#devushke,Гендер-срез после 11
сургут профессии после 9 класса,440,C,info,top,c03_professii_posle_9,aggregator,Gated — нужны данные,P3,—,Нет данных СПО/уровня после 9
профессии после 11 класса с биологией,439,C,info,top,c04_professii_posle_11,main,Расширить существующую,P2,/professiya/ + хаб-11,Профессии после 11 → каталог/направления
кем можно хотеть стать,438,B,info,top,b03_kem_mozhno_stat,main,Расширить существующую,P0,/professiya/,«Кем можно стать» = список профессий → каталог
профессия кондитер после 9 класса,438,C,info,top,c03_professii_posle_9,main,Gated — нужны данные,P3,—,Нет данных СПО/уровня после 9
куда можно поступить после 9 класса сыктывкар,436,C,info,top,c01_kuda_postupat_posle_9,main,Gated — нужны данные,P3,—,Нет реестра СПО (после 9)
куда поступить после 11 класса институт,434,C,info,top,c02_kuda_postupat_posle_11,main,Создать новый контент-хаб,P2,/kuda-postupat-posle-11-klassa/,После 11 → вузы/направления (данные есть)
техникум сосновоборск красноярский край,434,C,info,assoc,g01_kolledzhi_krasnoyarsk,aggregator,Gated — нужны данные,P3,—,Нет реестра СПО (колледжи города)
профориентация 2025 2026 учебный,433,0,info,top,p08_proforientaciya_2026,main,Расширить (раздел хаба),P1,/proforientaciya/,Year-stamp → хаб
как правильно выбрать профессию,432,B,info,top,b02_kak_vybrat_professiyu,main,Создать новый контент-хаб,P1,/kak-vybrat-professiyu/,Инфо-хаб → /test/
какая профессия мне подходит после 9,431,C,info,top,b05_kakaya_professiya_podhodit,main,Создать новый контент-хаб,P1,/kak-vybrat-professiyu/,Подбор профессии → /test/
куда поступить на кинолога после 9 класса,431,C,info,top,c01_kuda_postupat_posle_9,main,Gated — нужны данные,P3,—,Нет реестра СПО (после 9)
востребованные профессии в 2026 после 9 класса,429,C,info,top,c03_professii_posle_9,main,Gated — нужны данные,P3,—,Нет данных СПО/уровня после 9
куда поступить на ветеринара после 9 класса,428,C,info,top,c01_kuda_postupat_posle_9,main,Gated — нужны данные,P3,—,Нет реестра СПО (после 9)
какое образование получают в техникуме,428,C,info,assoc,c01_kuda_postupat_posle_9,main,Gated — нужны данные,P3,—,Нет реестра СПО (после 9)
какую профессию будущего выбрать,425,B,info,top,b01_kakuyu_professiyu_vybrat,main,Создать новый контент-хаб,P1,/kak-vybrat-professiyu/,Инфо-хаб выбора профессии → /test/
профессия железнодорожный после 9 класса,425,C,info,top,c03_professii_posle_9,main,Gated — нужны данные,P3,—,Нет данных СПО/уровня после 9
какая профессия после 9 класса парню,425,C,info,top,c03_professii_posle_9,main,Gated — нужны данные,P3,—,Нет данных СПО/уровня после 9
профориентация 2025 2026 учебный год,425,0,info,top,p08_proforientaciya_2026,main,Расширить (раздел хаба),P1,/proforientaciya/,Year-stamp → хаб
училище после 9 класса поступить куда,424,C,info,top,c01_kuda_postupat_posle_9,main,Gated — нужны данные,P3,—,Нет реестра СПО (после 9)
кем пойти работать без опыта,423,B,info,top,b06_kem_pojti_rabotat,main,Расширить существующую,P0,/professiya/,«Кем пойти работать» = список профессий → каталог
куда поступить после 11 класса по предметам,423,C,info,top,c02_kuda_postupat_posle_11,main,Создать новый контент-хаб,P2,/kuda-postupat-posle-11-klassa/,После 11 → вузы/направления (данные есть)
на какую профессию идти после 9 класса,420,C,info,top,c03_professii_posle_9,main,Gated — нужны данные,P3,—,Нет данных СПО/уровня после 9
куда поступить с русским биологией и обществом,420,C,info,top,c12_s_biologiej,main,Создана посадочная,P3,/kuda-postupat-s-biologiej/,Перечень Минобрнауки → направления (готово)
куда поступать на полицейского после 9 класса,419,C,info,top,c01_kuda_postupat_posle_9,main,Gated — нужны данные,P3,—,Нет реестра СПО (после 9)
на кого пойти учиться высшее,418,B,info,top,b04_na_kogo_pojti_uchitsya,main,Создать новый контент-хаб,P1,/kak-vybrat-professiyu/,ВЧ-инфо → хаб выбора + каталоги + /test/
калуга куда можно поступить после 9 класса,418,C,info,top,c01_kuda_postupat_posle_9,aggregator,Gated — нужны данные,P3,—,Нет реестра СПО (после 9)
куда поступать с профилем и биологией,418,C,info,top,c12_s_biologiej,main,Создана посадочная,P3,/kuda-postupat-s-biologiej/,Перечень Минобрнауки → направления (готово)
как помочь выбрать профессию,417,B,info,top,b02_kak_vybrat_professiyu,main,Создать новый контент-хаб,P1,/kak-vybrat-professiyu/,Инфо-хаб → /test/
куда поступить после 11 класса список,417,C,info,top,c02_kuda_postupat_posle_11,main,Создать новый контент-хаб,P2,/kuda-postupat-posle-11-klassa/,После 11 → вузы/направления (данные есть)
куда лучше поступить девушке после 9,416,C,info,top,c08_kuda_postupat_devushke,main,Контент/фильтр (не дубль),P2,/kuda-postupat-posle-11-klassa/#devushke,Гендер-срез после 11
овз куда можно поступить после 9 класса,415,C,info,top,c01_kuda_postupat_posle_9,main,Gated — нужны данные,P3,—,Нет реестра СПО (после 9)
куда поступить после 11 класса техникум,415,C,info,top,c02_kuda_postupat_posle_11,main,Создать новый контент-хаб,P2,/kuda-postupat-posle-11-klassa/,После 11 → вузы/направления (данные есть)
куда надо поступать после 9 класса,414,C,info,top,c01_kuda_postupat_posle_9,main,Gated — нужны данные,P3,—,Нет реестра СПО (после 9)
куда пойти поступить после 9 класса,413,C,info,top,c01_kuda_postupat_posle_9,main,Gated — нужны данные,P3,—,Нет реестра СПО (после 9)
профессии в оренбурге после 9 класса,413,C,info,top,c03_professii_posle_9,aggregator,Gated — нужны данные,P3,—,Нет данных СПО/уровня после 9
популярные профессии после 9 класса,410,C,info,top,c03_professii_posle_9,main,Gated — нужны данные,P3,—,Нет данных СПО/уровня после 9
куда поступать с географией русским и обществом,410,C,info,top,c16_s_geografiej,main,Создана посадочная,P3,/kuda-postupat-s-geografiej/,Перечень Минобрнауки → направления (готово)
10 самых высокооплачиваемых профессий,409,E,info,top,e03_vysokooplachivaemye,main,Создать новую посадочную (рейтинг),P0,/professii-vysokooplachivaemye/,Рейтинг по зарплатам Росстата окт-2025 — данные есть
на кого пойти учиться мальчику,406,B,info,top,b04_na_kogo_pojti_uchitsya,main,Создать новый контент-хаб,P1,/kak-vybrat-professiyu/,ВЧ-инфо → хаб выбора + каталоги + /test/
тест на профориентацию для подростков,406,D,info,top,d01_test_na_proforientaciyu,main,Создать новый контент-хаб,P1,/testy-na-proforientaciyu/,Хаб о тестах → /test/ (SERP: формат-статья достижим)
кем можно пойти работать девушке,403,B,info,top,b06_kem_pojti_rabotat,main,Расширить существующую,P0,/professiya/,«Кем пойти работать» = список профессий → каталог
профессии после 9 класса в ростове,403,C,info,top,c03_professii_posle_9,aggregator,Gated — нужны данные,P3,—,Нет данных СПО/уровня после 9
какую профессию выбрать в 2026,402,B,info,top,b01_kakuyu_professiyu_vybrat,main,Создать новый контент-хаб,P1,/kak-vybrat-professiyu/,Инфо-хаб выбора профессии → /test/
куда поступить после 9 класса без экзаменов,401,C,info,top,c01_kuda_postupat_posle_9,main,Gated — нужны данные,P3,—,Нет реестра СПО (после 9)
профессия психолог после 9 класса,400,C,info,top,c03_professii_posle_9,main,Gated — нужны данные,P3,—,Нет данных СПО/уровня после 9
профессии после 11 класса егэ,400,C,info,top,c04_professii_posle_11,main,Расширить существующую,P2,/professiya/ + хаб-11,Профессии после 11 → каталог/направления
куда поступить после 9 класса в череповце,399,C,info,top,c01_kuda_postupat_posle_9,main,Gated — нужны данные,P3,—,Нет реестра СПО (после 9)
орел куда можно поступить после 9 класса,398,C,info,top,c01_kuda_postupat_posle_9,main,Gated — нужны данные,P3,—,Нет реестра СПО (после 9)
химия профессии после 11 класса,398,C,info,top,c04_professii_posle_11,main,Расширить существующую,P2,/professiya/ + хаб-11,Профессии после 11 → каталог/направления
профессии после 11 класса и какие предметы,397,C,info,top,c04_professii_posle_11,main,Расширить существующую,P2,/professiya/ + хаб-11,Профессии после 11 → каталог/направления
на кого хочешь пойти учиться,396,B,info,top,b04_na_kogo_pojti_uchitsya,main,Создать новый контент-хаб,P1,/kak-vybrat-professiyu/,ВЧ-инфо → хаб выбора + каталоги + /test/
куда можно поступить после 9 класса петрозаводск,396,C,info,top,c01_kuda_postupat_posle_9,main,Gated — нужны данные,P3,—,Нет реестра СПО (после 9)
куда поступить после 9 класса мвд,396,C,info,top,c01_kuda_postupat_posle_9,main,Gated — нужны данные,P3,—,Нет реестра СПО (после 9)
тест климова на профориентацию онлайн,396,D,commercial,top,d01_test_na_proforientaciyu,main,Создать новый контент-хаб,P1,/testy-na-proforientaciyu/,Хаб о тестах → /test/ (SERP: формат-статья достижим)
куда лучше поступать после 9 класса девушке,395,C,info,top,c01_kuda_postupat_posle_9,main,Gated — нужны данные,P3,—,Нет реестра СПО (после 9)
профессии после 9 класса колледж омск,393,C,info,top,c03_professii_posle_9,aggregator,Gated — нужны данные,P3,—,Нет данных СПО/уровня после 9
профессии после 11 класса с русским,393,C,info,top,c04_professii_posle_11,main,Расширить существующую,P2,/professiya/ + хаб-11,Профессии после 11 → каталог/направления
топ самых высокооплачиваемых профессий в россии,392,E,info,top,e03_vysokooplachivaemye,main,Создать новую посадочную (рейтинг),P0,/professii-vysokooplachivaemye/,Рейтинг по зарплатам Росстата окт-2025 — данные есть
куда поступить с экзаменами химия биология,391,C,info,top,c12_s_biologiej,main,Создана посадочная,P3,/kuda-postupat-s-biologiej/,Перечень Минобрнауки → направления (готово)
кем пойти работать в 14,390,B,info,top,b06_kem_pojti_rabotat,main,Расширить существующую,P0,/professiya/,«Кем пойти работать» = список профессий → каталог
куда поступить в иваново после 9 класса,390,C,info,top,c01_kuda_postupat_posle_9,aggregator,Gated — нужны данные,P3,—,Нет реестра СПО (после 9)
после окончания 9 класс профессия,390,C,info,top,c03_professii_posle_9,main,Gated — нужны данные,P3,—,Нет данных СПО/уровня после 9
самые востребованные и высокооплачиваемые профессии в россии,390,E,info,top,e03_vysokooplachivaemye,main,Создать новую посадочную (рейтинг),P0,/professii-vysokooplachivaemye/,Рейтинг по зарплатам Росстата окт-2025 — данные есть
онлайн какая профессия мне подходит,389,B,info,top,b05_kakaya_professiya_podhodit,main,Создать новый контент-хаб,P1,/kak-vybrat-professiyu/,Подбор профессии → /test/
тест на профессию девушке бесплатно,388,D,commercial,top,d05_test_na_professiyu,main,Расширить (раздел хаба),P1,/testy-na-proforientaciyu/,«Тест на профессию» → хаб → /test/
какую профессию выбрать девушке после 9,387,C,info,top,b01_kakuyu_professiyu_vybrat,main,Создать новый контент-хаб,P1,/kak-vybrat-professiyu/,Инфо-хаб выбора профессии → /test/
какую профессию выбрать после 9 класса девушке,386,C,info,top,b01_kakuyu_professiyu_vybrat,main,Создать новый контент-хаб,P1,/kak-vybrat-professiyu/,Инфо-хаб выбора профессии → /test/
тест на профориентацию 9 класс онлайн,386,D,commercial,top,d01_test_na_proforientaciyu,main,Создать новый контент-хаб,P1,/testy-na-proforientaciyu/,Хаб о тестах → /test/ (SERP: формат-статья достижим)
какая профессия мне подходит после 9 класса,385,C,info,top,b05_kakaya_professiya_podhodit,main,Создать новый контент-хаб,P1,/kak-vybrat-professiyu/,Подбор профессии → /test/
профессии после 9 класса информатика,384,C,info,top,c03_professii_posle_9,main,Gated — нужны данные,P3,—,Нет данных СПО/уровня после 9
тест какая профессия подойдет после 9 класса,384,D,info,top,c03_professii_posle_9,main,Gated — нужны данные,P3,—,Нет данных СПО/уровня после 9
профориентация онлайн тест бесплатно для 9,384,D,commercial,top,p04_prof_online,main,Расширить (раздел хаба),P1,/proforientaciya/,«Онлайн» → /test/
тест какая профессия мне подходит после 9,383,D,info,top,b05_kakaya_professiya_podhodit,main,Создать новый контент-хаб,P1,/kak-vybrat-professiyu/,Подбор профессии → /test/
государственные профессии после 9 класса,383,C,info,top,c03_professii_posle_9,main,Gated — нужны данные,P3,—,Нет данных СПО/уровня после 9
кем можно работать с образованием юриста,383,B,info,assoc,c04_professii_posle_11,main,Расширить существующую,P2,/professiya/ + хаб-11,Профессии после 11 → каталог/направления
куда поступать с базой и биологией,381,C,info,top,c12_s_biologiej,main,Создана посадочная,P3,/kuda-postupat-s-biologiej/,Перечень Минобрнауки → направления (готово)
профориентация онлайн тест бесплатно для 9 класса,381,D,commercial,top,d01_test_na_proforientaciyu,main,Создать новый контент-хаб,P1,/testy-na-proforientaciyu/,Хаб о тестах → /test/ (SERP: формат-статья достижим)
профессии в саратове после 9 класса,379,C,info,top,c03_professii_posle_9,aggregator,Gated — нужны данные,P3,—,Нет данных СПО/уровня после 9
полиция куда поступать после 9 класса,377,C,info,top,c01_kuda_postupat_posle_9,main,Gated — нужны данные,P3,—,Нет реестра СПО (после 9)
куда поступить бесплатно после 11 класса,377,C,commercial,top,c02_kuda_postupat_posle_11,main,Создать новый контент-хаб,P2,/kuda-postupat-posle-11-klassa/,После 11 → вузы/направления (данные есть)
выбрать профессию после 9 класса мальчику,377,C,info,top,c03_professii_posle_9,main,Gated — нужны данные,P3,—,Нет данных СПО/уровня после 9
куда поступить с английским историей и русским,377,C,info,top,c11_s_istoriej,main,Создана посадочная,P3,/kuda-postupat-s-istoriej/,Перечень Минобрнауки → направления (готово)
на кого лучше пойти учиться девушке,376,B,info,top,b04_na_kogo_pojti_uchitsya,main,Создать новый контент-хаб,P1,/kak-vybrat-professiyu/,ВЧ-инфо → хаб выбора + каталоги + /test/
профессии после 9 класса полиция,375,C,info,top,c03_professii_posle_9,main,Gated — нужны данные,P3,—,Нет данных СПО/уровня после 9
2 как выбрать профессию,374,B,info,top,b02_kak_vybrat_professiyu,main,Создать новый контент-хаб,P1,/kak-vybrat-professiyu/,Инфо-хаб → /test/
куда поступить после 9 класса в стерлитамаке,374,C,info,top,c01_kuda_postupat_posle_9,main,Gated — нужны данные,P3,—,Нет реестра СПО (после 9)
самые высокооплачиваемые профессии в россии для мужчин,374,E,info,top,e03_vysokooplachivaemye,main,Создать новую посадочную (рейтинг),P0,/professii-vysokooplachivaemye/,Рейтинг по зарплатам Росстата окт-2025 — данные есть
профессии сколько учиться после 9 класса,373,C,info,top,c03_professii_posle_9,main,Gated — нужны данные,P3,—,Нет данных СПО/уровня после 9
куда поступать девушке с математикой,373,C,info,top,c08_kuda_postupat_devushke,main,Контент/фильтр (не дубль),P2,/kuda-postupat-posle-11-klassa/#devushke,Гендер-срез после 11
матрица выбора профессии,373,D,info,assoc,d02_test_besplatno,main,Расширить (раздел хаба),P1,/testy-na-proforientaciyu/,«Бесплатно» → хаб/квиз
куда и кем пойти работать,372,B,info,top,b06_kem_pojti_rabotat,main,Расширить существующую,P0,/professiya/,«Кем пойти работать» = список профессий → каталог
профессии куда можно поступить после 11 класса,371,C,info,top,c02_kuda_postupat_posle_11,main,Создать новый контент-хаб,P2,/kuda-postupat-posle-11-klassa/,После 11 → вузы/направления (данные есть)
тест на выберите профессии,371,D,info,top,d05_test_na_professiyu,main,Расширить (раздел хаба),P1,/testy-na-proforientaciyu/,«Тест на профессию» → хаб → /test/
профессия автомеханик после 9 класса,370,C,info,top,c03_professii_posle_9,main,Gated — нужны данные,P3,—,Нет данных СПО/уровня после 9
куда поступить с химией казань,370,C,info,top,c14_s_himiej,aggregator,Создана посадочная,P3,/kuda-postupat-s-himiej/,Перечень Минобрнауки → направления (готово)
профориентация для 9 класса выбор,370,0,info,top,p05_prof_9_klass,main,Расширить (раздел хаба),P1,/proforientaciya/,"Профориентация 9 класс (контент, не листинг СПО)"
что делать если не знаешь кем стать,369,B,info,top,b07_ne_znayu_kem_stat,main,Создать новый контент-хаб,P1,/kak-vybrat-professiyu/,Боль «не знаю кем стать» → /test/
аграрные профессии после 9 класса,369,C,info,top,c03_professii_posle_9,main,Gated — нужны данные,P3,—,Нет данных СПО/уровня после 9
список профессий после 11 класса для девушек,369,C,info,top,c04_professii_posle_11,main,Расширить существующую,P2,/professiya/ + хаб-11,Профессии после 11 → каталог/направления
мед профессии после 9 класса,368,C,info,top,c03_professii_posle_9,main,Gated — нужны данные,P3,—,Нет данных СПО/уровня после 9
кем можно пойти работать после 9 класса,367,C,info,top,b06_kem_pojti_rabotat,main,Расширить существующую,P0,/professiya/,«Кем пойти работать» = список профессий → каталог
вузы куда можно поступить с географией,367,C,info,top,c16_s_geografiej,main,Создана посадочная,P3,/kuda-postupat-s-geografiej/,Перечень Минобрнауки → направления (готово)
кем можно стать работать,366,B,info,top,b03_kem_mozhno_stat,main,Расширить существующую,P0,/professiya/,«Кем можно стать» = список профессий → каталог
профессия после 11 класса для мальчиков,366,C,info,top,c04_professii_posle_11,main,Расширить существующую,P2,/professiya/ + хаб-11,Профессии после 11 → каталог/направления
профориентация для 9 класса выбор профессии,366,0,info,top,p05_prof_9_klass,main,Расширить (раздел хаба),P1,/proforientaciya/,"Профориентация 9 класс (контент, не листинг СПО)"
куда поступить в брянске после 11 класса,365,C,info,top,c02_kuda_postupat_posle_11,aggregator,Создать новый контент-хаб,P2,/kuda-postupat-posle-11-klassa/,После 11 → вузы/направления (данные есть)
профессии после 11 класса вузы,365,C,info,top,c04_professii_posle_11,main,Расширить существующую,P2,/professiya/ + хаб-11,Профессии после 11 → каталог/направления
гуманитарные профессии после 9 класса,364,C,info,top,c03_professii_posle_9,main,Gated — нужны данные,P3,—,Нет данных СПО/уровня после 9
куда нужно поступать после 11 класса,363,C,info,top,c02_kuda_postupat_posle_11,main,Создать новый контент-хаб,P2,/kuda-postupat-posle-11-klassa/,После 11 → вузы/направления (данные есть)
профессия повар после 9 класса колледж,363,C,info,top,c03_professii_posle_9,main,Gated — нужны данные,P3,—,Нет данных СПО/уровня после 9
тест на профессию вопросы,363,D,info,top,d05_test_na_professiyu,main,Расширить (раздел хаба),P1,/testy-na-proforientaciyu/,«Тест на профессию» → хаб → /test/
куда можно поступить с предметом химия,361,C,info,top,c14_s_himiej,main,Создана посадочная,P3,/kuda-postupat-s-himiej/,Перечень Минобрнауки → направления (готово)
как понять как выбрать профессию,360,B,info,top,b02_kak_vybrat_professiyu,main,Создать новый контент-хаб,P1,/kak-vybrat-professiyu/,Инфо-хаб → /test/
куда поступить с экзаменом география,360,C,info,top,c16_s_geografiej,main,Создана посадочная,P3,/kuda-postupat-s-geografiej/,Перечень Минобрнауки → направления (готово)
куда поступить после 11 класса в ярославле,359,C,info,top,c02_kuda_postupat_posle_11,aggregator,Создать новый контент-хаб,P2,/kuda-postupat-posle-11-klassa/,После 11 → вузы/направления (данные есть)
куда поступать на программиста после 11 класса,359,C,info,top,c02_kuda_postupat_posle_11,main,Создать новый контент-хаб,P2,/kuda-postupat-posle-11-klassa/,После 11 → вузы/направления (данные есть)
профессии после 9 класса колледжи для мальчиков,359,C,info,top,c03_professii_posle_9,main,Gated — нужны данные,P3,—,Нет данных СПО/уровня после 9
куда поступать с географией москва,359,C,info,top,c16_s_geografiej,aggregator,Создана посадочная,P3,/kuda-postupat-s-geografiej/,Перечень Минобрнауки → направления (готово)
профессия логист после 9 класса,358,C,info,top,c03_professii_posle_9,main,Gated — нужны данные,P3,—,Нет данных СПО/уровня после 9
определить какую профессию выбрать,357,B,info,top,b01_kakuyu_professiyu_vybrat,main,Создать новый контент-хаб,P1,/kak-vybrat-professiyu/,Инфо-хаб выбора профессии → /test/
куда поступить после 9 класса в бийске,357,C,info,top,c01_kuda_postupat_posle_9,main,Gated — нужны данные,P3,—,Нет реестра СПО (после 9)
профессии после 9 класса бийск,357,C,info,top,c03_professii_posle_9,main,Gated — нужны данные,P3,—,Нет данных СПО/уровня после 9
тест кто ты из хср,357,D,info,assoc,d03_test_online,main,Расширить (раздел хаба),P1,/testy-na-proforientaciyu/,«Онлайн» → квиз
онлайн тест какая профессия мне подходит,356,D,commercial,top,b05_kakaya_professiya_podhodit,main,Создать новый контент-хаб,P1,/kak-vybrat-professiyu/,Подбор профессии → /test/
тест голланда пройти,356,D,commercial,top,d07_test_gollanda,main,Создать статью в хабе,P1,/testy-na-proforientaciyu/test-gollanda/,Именованная методика (RIASEC — рабочее название)
куда можно поступить после 9 го класса,355,C,info,top,c01_kuda_postupat_posle_9,main,Gated — нужны данные,P3,—,Нет реестра СПО (после 9)
профориентация для подростков в москве,353,0,info,top,p02_prof_dlya_podrostkov,aggregator,Расширить (раздел хаба),P1,/proforientaciya/,Срез «для подростков»
на кого можно пойти учиться профессии,351,B,info,top,b04_na_kogo_pojti_uchitsya,main,Создать новый контент-хаб,P1,/kak-vybrat-professiyu/,ВЧ-инфо → хаб выбора + каталоги + /test/
колледжи спб после 9 класса профессии,351,C,info,top,c03_professii_posle_9,aggregator,Gated — нужны данные,P3,—,Нет данных СПО/уровня после 9
колледжи краснодара после 9 класса профессии,351,C,info,top,c03_professii_posle_9,aggregator,Gated — нужны данные,P3,—,Нет данных СПО/уровня после 9
профессии после 11 класса для парней,351,C,info,top,c04_professii_posle_11,main,Расширить существующую,P2,/professiya/ + хаб-11,Профессии после 11 → каталог/направления
тест на профориентацию бесплатно онлайн для школьников,351,D,commercial,top,d01_test_na_proforientaciyu,main,Создать новый контент-хаб,P1,/testy-na-proforientaciyu/,Хаб о тестах → /test/ (SERP: формат-статья достижим)
куда поступить после 9 класса казань девушке,350,C,info,top,c01_kuda_postupat_posle_9,aggregator,Gated — нужны данные,P3,—,Нет реестра СПО (после 9)
куда можно поступить с информатикой и профилем,350,C,info,top,c13_s_informatikoj,main,Создана посадочная,P3,/kuda-postupat-s-informatikoj/,Перечень Минобрнауки → направления (готово)
тест на будущую профессию для подростков,350,D,info,top,d05_test_na_professiyu,main,Расширить (раздел хаба),P1,/testy-na-proforientaciyu/,«Тест на профессию» → хаб → /test/
куда поступать после 9 класса с химией,349,C,info,top,c01_kuda_postupat_posle_9,main,Gated — нужны данные,P3,—,Нет реестра СПО (после 9)
куда поступить после 9 класса на парикмахера,349,C,info,top,c01_kuda_postupat_posle_9,main,Gated — нужны данные,P3,—,Нет реестра СПО (после 9)
профессии после 9 класса в воронеже,347,C,info,top,c03_professii_posle_9,aggregator,Gated — нужны данные,P3,—,Нет данных СПО/уровня после 9
куда можно поступить с физикой и информатикой,347,C,info,top,c13_s_informatikoj,main,Создана посадочная,P3,/kuda-postupat-s-informatikoj/,Перечень Минобрнауки → направления (готово)
куда идти поступать после 9 класса,346,C,info,top,c01_kuda_postupat_posle_9,main,Gated — нужны данные,P3,—,Нет реестра СПО (после 9)
куда поступить в томске после 11 класса,346,C,info,top,c02_kuda_postupat_posle_11,aggregator,Создать новый контент-хаб,P2,/kuda-postupat-posle-11-klassa/,После 11 → вузы/направления (данные есть)
политех профессии после 9 класса,346,C,info,top,c03_professii_posle_9,main,Gated — нужны данные,P3,—,Нет данных СПО/уровня после 9
как выбрать профессию после 11,345,C,info,top,b02_kak_vybrat_professiyu,main,Создать новый контент-хаб,P1,/kak-vybrat-professiyu/,Инфо-хаб → /test/
тест голланда онлайн,345,D,commercial,top,d07_test_gollanda,main,Создать статью в хабе,P1,/testy-na-proforientaciyu/test-gollanda/,Именованная методика (RIASEC — рабочее название)
профессии после 9 класса томск,344,C,info,top,c03_professii_posle_9,aggregator,Gated — нужны данные,P3,—,Нет данных СПО/уровня после 9
педагогический профессии после 9 класса,343,C,info,top,c03_professii_posle_9,main,Gated — нужны данные,P3,—,Нет данных СПО/уровня после 9
самая высокооплачиваемая профессия после 11,343,C,info,top,e03_vysokooplachivaemye,main,Создать новую посадочную (рейтинг),P0,/professii-vysokooplachivaemye/,Рейтинг по зарплатам Росстата окт-2025 — данные есть
куда поступить на бухгалтера после 9 класса,342,C,info,top,c01_kuda_postupat_posle_9,main,Gated — нужны данные,P3,—,Нет реестра СПО (после 9)
кем можно стать после 11,341,C,info,top,b03_kem_mozhno_stat,main,Расширить существующую,P0,/professiya/,«Кем можно стать» = список профессий → каталог
куда поступить после 9 класса волжский,341,C,info,top,c01_kuda_postupat_posle_9,main,Gated — нужны данные,P3,—,Нет реестра СПО (после 9)
профессия геодезист после 9 класса,339,C,info,top,c03_professii_posle_9,main,Gated — нужны данные,P3,—,Нет данных СПО/уровня после 9
куда можно поступить после 11 класса специальности,338,C,info,top,c02_kuda_postupat_posle_11,main,Создать новый контент-хаб,P2,/kuda-postupat-posle-11-klassa/,После 11 → вузы/направления (данные есть)
список высокооплачиваемых профессий после 9 класса,338,C,info,top,c03_professii_posle_9,main,Gated — нужны данные,P3,—,Нет данных СПО/уровня после 9
куда поступить в мед после 9 класса,337,C,info,top,c01_kuda_postupat_posle_9,main,Gated — нужны данные,P3,—,Нет реестра СПО (после 9)
тест климова на профориентацию пройти онлайн,337,D,commercial,top,d01_test_na_proforientaciyu,main,Создать новый контент-хаб,P1,/testy-na-proforientaciyu/,Хаб о тестах → /test/ (SERP: формат-статья достижим)
какую профессию нужно выбрать,336,B,info,top,b01_kakuyu_professiyu_vybrat,main,Создать новый контент-хаб,P1,/kak-vybrat-professiyu/,Инфо-хаб выбора профессии → /test/
колледж саратов после 9 класса профессии,336,C,info,top,c03_professii_posle_9,aggregator,Gated — нужны данные,P3,—,Нет данных СПО/уровня после 9
техникумы кемерово после 9 класса список профессий,336,C,info,top,c03_professii_posle_9,aggregator,Gated — нужны данные,P3,—,Нет данных СПО/уровня после 9
колледжи профессии после 9 класса красноярск,336,C,info,top,c03_professii_posle_9,aggregator,Gated — нужны данные,P3,—,Нет данных СПО/уровня после 9
куда поступать с биологией воронеж,336,C,info,top,c12_s_biologiej,aggregator,Создана посадочная,P3,/kuda-postupat-s-biologiej/,Перечень Минобрнауки → направления (готово)
тест на подходящую профессию бесплатно,336,D,commercial,top,d05_test_na_professiyu,main,Расширить (раздел хаба),P1,/testy-na-proforientaciyu/,«Тест на профессию» → хаб → /test/
профессия электрик после 9 класса,335,C,info,top,c03_professii_posle_9,main,Gated — нужны данные,P3,—,Нет данных СПО/уровня после 9
профессии после 11 класса информатика,335,C,info,top,c04_professii_posle_11,main,Расширить существующую,P2,/professiya/ + хаб-11,Профессии после 11 → каталог/направления
куда поступать с предметами биология химия,334,C,info,top,c12_s_biologiej,main,Создана посадочная,P3,/kuda-postupat-s-biologiej/,Перечень Минобрнауки → направления (готово)
хорошо оплачиваемые профессии после 9 класса,333,C,info,top,c03_professii_posle_9,main,Gated — нужны данные,P3,—,Нет данных СПО/уровня после 9
кем стать на кого пойти учиться,331,B,info,top,b04_na_kogo_pojti_uchitsya,main,Создать новый контент-хаб,P1,/kak-vybrat-professiyu/,ВЧ-инфо → хаб выбора + каталоги + /test/
кем пойти работать в 14 лет,331,B,info,top,b06_kem_pojti_rabotat,main,Расширить существующую,P0,/professiya/,«Кем пойти работать» = список профессий → каталог
куда можно поступить после 9 класса владивосток,329,C,info,top,c01_kuda_postupat_posle_9,aggregator,Gated — нужны данные,P3,—,Нет реестра СПО (после 9)
востребованные профессии после 9 класса для мальчиков,329,C,info,top,c03_professii_posle_9,main,Gated — нужны данные,P3,—,Нет данных СПО/уровня после 9
куда пойти после 11 класса девушке профессии,329,C,info,top,c04_professii_posle_11,main,Расширить существующую,P2,/professiya/ + хаб-11,Профессии после 11 → каталог/направления
пройти тест какая профессия мне подходит,328,D,commercial,top,b05_kakaya_professiya_podhodit,main,Создать новый контент-хаб,P1,/kak-vybrat-professiyu/,Подбор профессии → /test/
какие профессии востребованы после 11 класса,328,C,info,top,c04_professii_posle_11,main,Расширить существующую,P2,/professiya/ + хаб-11,Профессии после 11 → каталог/направления
куда можно поступить с историей и географией,328,C,info,top,c11_s_istoriej,main,Создана посадочная,P3,/kuda-postupat-s-istoriej/,Перечень Минобрнауки → направления (готово)
сайт гигтест пройти тестирование,327,D,commercial,assoc,d03_test_online,main,Расширить (раздел хаба),P1,/testy-na-proforientaciyu/,«Онлайн» → квиз
профессии медицины после 9 класса,326,C,info,top,c03_professii_posle_9,main,Gated — нужны данные,P3,—,Нет данных СПО/уровня после 9
куда можно поступить после 11 класса барнаул,325,C,info,top,c02_kuda_postupat_posle_11,aggregator,Создать новый контент-хаб,P2,/kuda-postupat-posle-11-klassa/,После 11 → вузы/направления (данные есть)
куда можно поступить с информатикой и географией,324,C,info,top,c13_s_informatikoj,main,Создана посадочная,P3,/kuda-postupat-s-informatikoj/,Перечень Минобрнауки → направления (готово)
куда поступить на юриста после 11 класса,323,C,info,top,c02_kuda_postupat_posle_11,main,Создать новый контент-хаб,P2,/kuda-postupat-posle-11-klassa/,После 11 → вузы/направления (данные есть)
платные профессии после 9 класса,323,C,commercial,top,c03_professii_posle_9,main,Gated — нужны данные,P3,—,Нет данных СПО/уровня после 9
престижные профессии после 9 класса,323,C,info,top,c03_professii_posle_9,main,Gated — нужны данные,P3,—,Нет данных СПО/уровня после 9
профессии с высокой зарплатой после 9 класса,322,C,info,top,c03_professii_posle_9,main,Gated — нужны данные,P3,—,Нет данных СПО/уровня после 9
проф ориентировочный тест,322,D,info,assoc,p08_proforientaciya_2026,main,Расширить (раздел хаба),P1,/proforientaciya/,Year-stamp → хаб
юриспруденция профессии после 9 класса,321,C,info,top,c03_professii_posle_9,main,Gated — нужны данные,P3,—,Нет данных СПО/уровня после 9
куда идти после 9 класса профессии,321,C,info,top,c03_professii_posle_9,main,Gated — нужны данные,P3,—,Нет данных СПО/уровня после 9
самая высокооплачиваемая профессия в россии для женщин,321,E,info,top,e03_vysokooplachivaemye,main,Создать новую посадочную (рейтинг),P0,/professii-vysokooplachivaemye/,Рейтинг по зарплатам Росстата окт-2025 — данные есть
как выбрать профессию девушке,320,B,info,top,b02_kak_vybrat_professiyu,main,Создать новый контент-хаб,P1,/kak-vybrat-professiyu/,Инфо-хаб → /test/
правоохранительные органы профессии после 9 класса,319,C,info,top,c03_professii_posle_9,main,Gated — нужны данные,P3,—,Нет данных СПО/уровня после 9
кем можно стать девушке после 9,318,C,info,top,b03_kem_mozhno_stat,main,Расширить существующую,P0,/professiya/,«Кем можно стать» = список профессий → каталог
профессии после 11 класса университеты,318,C,info,top,c04_professii_posle_11,main,Расширить существующую,P2,/professiya/ + хаб-11,Профессии после 11 → каталог/направления
куда поступить на дизайнера после 11 класса,317,C,info,top,c02_kuda_postupat_posle_11,main,Создать новый контент-хаб,P2,/kuda-postupat-posle-11-klassa/,После 11 → вузы/направления (данные есть)
история и обществознание профессии после 11 класса,317,C,info,top,c04_professii_posle_11,main,Расширить существующую,P2,/professiya/ + хаб-11,Профессии после 11 → каталог/направления
на кого пойти учиться в 2026 году,316,B,info,top,b04_na_kogo_pojti_uchitsya,main,Создать новый контент-хаб,P1,/kak-vybrat-professiyu/,ВЧ-инфо → хаб выбора + каталоги + /test/
нижний тагил куда поступить после 9 класса,316,C,info,top,c01_kuda_postupat_posle_9,main,Gated — нужны данные,P3,—,Нет реестра СПО (после 9)
профессии после 9 класса химия,316,C,info,top,c03_professii_posle_9,main,Gated — нужны данные,P3,—,Нет данных СПО/уровня после 9
актуальные профессии после 9 класса,316,C,info,top,c03_professii_posle_9,main,Gated — нужны данные,P3,—,Нет данных СПО/уровня после 9
профессии техникума после 11 класса,316,C,info,top,c04_professii_posle_11,main,Расширить существующую,P2,/professiya/ + хаб-11,Профессии после 11 → каталог/направления
куда поступать с русским литературой историей,316,C,info,top,c11_s_istoriej,main,Создана посадочная,P3,/kuda-postupat-s-istoriej/,Перечень Минобрнауки → направления (готово)
куда поступать с биологией в казань,316,C,info,top,c12_s_biologiej,aggregator,Создана посадочная,P3,/kuda-postupat-s-biologiej/,Перечень Минобрнауки → направления (готово)
кем можно стать после 9 класса девушке,315,C,info,top,b03_kem_mozhno_stat,main,Расширить существующую,P0,/professiya/,«Кем можно стать» = список профессий → каталог
профессии после 9 класса обществознание,315,C,info,top,c03_professii_posle_9,main,Gated — нужны данные,P3,—,Нет данных СПО/уровня после 9
профессии специальности после 11 класса,315,C,info,top,c04_professii_posle_11,main,Расширить существующую,P2,/professiya/ + хаб-11,Профессии после 11 → каталог/направления
куда поступить ребенку после 11 класса,314,C,info,top,c02_kuda_postupat_posle_11,main,Создать новый контент-хаб,P2,/kuda-postupat-posle-11-klassa/,После 11 → вузы/направления (данные есть)
самые высокооплачиваемые профессии после 11 класса,314,C,info,top,c04_professii_posle_11,main,Расширить существующую,P2,/professiya/ + хаб-11,Профессии после 11 → каталог/направления
какую профессию выбрать список профессий,313,B,info,top,b01_kakuyu_professiyu_vybrat,main,Создать новый контент-хаб,P1,/kak-vybrat-professiyu/,Инфо-хаб выбора профессии → /test/
новокузнецк техникумы после 9 класса профессии,313,C,info,top,c03_professii_posle_9,main,Gated — нужны данные,P3,—,Нет данных СПО/уровня после 9
творческие профессии после 11 класса,313,C,info,top,c04_professii_posle_11,main,Расширить существующую,P2,/professiya/ + хаб-11,Профессии после 11 → каталог/направления
куда поступить с физика математика информатика,313,C,info,top,c13_s_informatikoj,main,Создана посадочная,P3,/kuda-postupat-s-informatikoj/,Перечень Минобрнауки → направления (готово)
тест на профессию девушке онлайн бесплатно,313,D,commercial,top,d05_test_na_professiyu,main,Расширить (раздел хаба),P1,/testy-na-proforientaciyu/,«Тест на профессию» → хаб → /test/
самые высокооплачиваемые рабочие профессии,312,E,info,top,e03_vysokooplachivaemye,main,Создать новую посадочную (рейтинг),P0,/professii-vysokooplachivaemye/,Рейтинг по зарплатам Росстата окт-2025 — данные есть
работа кем пойти работать,308,B,info,top,b06_kem_pojti_rabotat,main,Расширить существующую,P0,/professiya/,«Кем пойти работать» = список профессий → каталог
какие хорошие профессии после 11 класса,308,C,info,top,c04_professii_posle_11,main,Расширить существующую,P2,/professiya/ + хаб-11,Профессии после 11 → каталог/направления
пройти тест на профессию бесплатно,308,D,commercial,top,d05_test_na_professiyu,main,Расширить (раздел хаба),P1,/testy-na-proforientaciyu/,«Тест на профессию» → хаб → /test/
куда поступить после 11 класса за границу,307,C,info,top,c02_kuda_postupat_posle_11,main,Создать новый контент-хаб,P2,/kuda-postupat-posle-11-klassa/,После 11 → вузы/направления (данные есть)
кем можно пойти работать в 14,306,B,info,top,b06_kem_pojti_rabotat,main,Расширить существующую,P0,/professiya/,«Кем пойти работать» = список профессий → каталог
профессии в чите после 9 класса,305,C,info,top,c03_professii_posle_9,aggregator,Gated — нужны данные,P3,—,Нет данных СПО/уровня после 9
работы профессии после 9 класса,305,C,info,top,c03_professii_posle_9,main,Gated — нужны данные,P3,—,Нет данных СПО/уровня после 9
выбор профессии как выбрать,304,B,info,top,b02_kak_vybrat_professiyu,main,Создать новый контент-хаб,P1,/kak-vybrat-professiyu/,Инфо-хаб → /test/
профессия повар кондитер после 9 класса,304,C,info,top,c03_professii_posle_9,main,Gated — нужны данные,P3,—,Нет данных СПО/уровня после 9
востребованные профессии в россии после 11 класса,304,C,info,top,c04_professii_posle_11,main,Расширить существующую,P2,/professiya/ + хаб-11,Профессии после 11 → каталог/направления
бесплатные профессии после 11 класса,304,C,commercial,top,c04_professii_posle_11,main,Расширить существующую,P2,/professiya/ + хаб-11,Профессии после 11 → каталог/направления
куда поступить с географией и английским,304,C,info,top,c16_s_geografiej,main,Создана посадочная,P3,/kuda-postupat-s-geografiej/,Перечень Минобрнауки → направления (готово)
профессии педагогического колледжа после 9 класса,303,C,info,top,c03_professii_posle_9,main,Gated — нужны данные,P3,—,Нет данных СПО/уровня после 9
губернский колледж профессии после 9 класса,303,C,info,top,c03_professii_posle_9,main,Gated — нужны данные,P3,—,Нет данных СПО/уровня после 9
куда поступить в иркутске девушке,303,C,info,top,c08_kuda_postupat_devushke,aggregator,Контент/фильтр (не дубль),P2,/kuda-postupat-posle-11-klassa/#devushke,Гендер-срез после 11
как выбрать профессию 11 класс,302,C,info,top,b02_kak_vybrat_professiyu,main,Создать новый контент-хаб,P1,/kak-vybrat-professiyu/,Инфо-хаб → /test/
куда поступить после 11 класса мед,302,C,info,top,c02_kuda_postupat_posle_11,main,Создать новый контент-хаб,P2,/kuda-postupat-posle-11-klassa/,После 11 → вузы/направления (данные есть)
куда можно поступить с предметом географии,302,C,info,top,c16_s_geografiej,main,Создана посадочная,P3,/kuda-postupat-s-geografiej/,Перечень Минобрнауки → направления (готово)
самые лучшие профессии после 9 класса,301,C,info,top,c03_professii_posle_9,main,Gated — нужны данные,P3,—,Нет данных СПО/уровня после 9
профессии в ставрополе после 9 класса,301,C,info,top,c03_professii_posle_9,aggregator,Gated — нужны данные,P3,—,Нет данных СПО/уровня после 9
какие бывают инженеры специальности,301,E,info,assoc,e04_professii_buduschego,main,Контент-хаб без рейтинга,P1,/professiya/ (раздел),Нет данных прогноза — контент без рейтинга
профориентация в школе 2026,301,0,info,top,p08_proforientaciya_2026,main,Расширить (раздел хаба),P1,/proforientaciya/,Year-stamp → хаб
куда поступить учиться девушке,300,C,info,top,c08_kuda_postupat_devushke,main,Контент/фильтр (не дубль),P2,/kuda-postupat-posle-11-klassa/#devushke,Гендер-срез после 11
какую профессию выбрать мальчику после 9,299,C,info,top,b01_kakuyu_professiyu_vybrat,main,Создать новый контент-хаб,P1,/kak-vybrat-professiyu/,Инфо-хаб выбора профессии → /test/
куда поступить после 11 класса в пензе,299,C,info,top,c02_kuda_postupat_posle_11,aggregator,Создать новый контент-хаб,P2,/kuda-postupat-posle-11-klassa/,После 11 → вузы/направления (данные есть)
колледжи екатеринбурга после 9 класса профессии,299,C,info,top,c03_professii_posle_9,aggregator,Gated — нужны данные,P3,—,Нет данных СПО/уровня после 9
какие профессии выбрать после 9 класса мальчикам,298,C,info,top,b01_kakuyu_professiyu_vybrat,main,Создать новый контент-хаб,P1,/kak-vybrat-professiyu/,Инфо-хаб выбора профессии → /test/
куда поступить с биологией новосибирск,297,C,info,top,c12_s_biologiej,aggregator,Создана посадочная,P3,/kuda-postupat-s-biologiej/,Перечень Минобрнауки → направления (готово)
тест на выбор профессии 11 класс,296,D,info,top,c04_professii_posle_11,main,Расширить существующую,P2,/professiya/ + хаб-11,Профессии после 11 → каталог/направления
биология какие профессии после 11 класса,294,C,info,top,c04_professii_posle_11,main,Расширить существующую,P2,/professiya/ + хаб-11,Профессии после 11 → каталог/направления
география профессии после 11 класса,294,C,info,top,c04_professii_posle_11,main,Расширить существующую,P2,/professiya/ + хаб-11,Профессии после 11 → каталог/направления
куда поступить с базовой математикой и физикой,294,C,info,top,c15_s_fizikoj,main,Создана посадочная,P3,/kuda-postupat-s-fizikoj/,Перечень Минобрнауки → направления (готово)
куда поступать после 11 класса специалитет,293,C,info,top,c02_kuda_postupat_posle_11,main,Создать новый контент-хаб,P2,/kuda-postupat-posle-11-klassa/,После 11 → вузы/направления (данные есть)
выборы профессии после 11 класса,293,C,info,top,c04_professii_posle_11,main,Расширить существующую,P2,/professiya/ + хаб-11,Профессии после 11 → каталог/направления
куда поступить с информатикой 40 баллов,293,C,info,top,c13_s_informatikoj,main,Создана посадочная,P3,/kuda-postupat-s-informatikoj/,Перечень Минобрнауки → направления (готово)
куда поступить с химией спб,293,C,info,top,c14_s_himiej,aggregator,Создана посадочная,P3,/kuda-postupat-s-himiej/,Перечень Минобрнауки → направления (готово)
выбор профессии после 11 класса,292,C,info,top,c04_professii_posle_11,main,Расширить существующую,P2,/professiya/ + хаб-11,Профессии после 11 → каталог/направления
куда можно поступить с английским и информатикой,292,C,info,top,c13_s_informatikoj,main,Создана посадочная,P3,/kuda-postupat-s-informatikoj/,Перечень Минобрнауки → направления (готово)
какую профессию выбрать в колледже,290,C,info,top,b01_kakuyu_professiyu_vybrat,main,Создать новый контент-хаб,P1,/kak-vybrat-professiyu/,Инфо-хаб выбора профессии → /test/
на кого пойти учиться девочке после 9,290,C,info,top,b04_na_kogo_pojti_uchitsya,main,Создать новый контент-хаб,P1,/kak-vybrat-professiyu/,ВЧ-инфо → хаб выбора + каталоги + /test/
кем пойти работать в 16,290,B,info,top,b06_kem_pojti_rabotat,main,Расширить существующую,P0,/professiya/,«Кем пойти работать» = список профессий → каталог
техникум какое образование считается по закону,290,C,info,assoc,c05_postupit_v_kolledzh,main,Gated — нужны данные,P3,—,Нет реестра колледжей (СПО)
куда поступать с биологией и математикой профиль,290,C,info,top,c12_s_biologiej,main,Создана посадочная,P3,/kuda-postupat-s-biologiej/,Перечень Минобрнауки → направления (готово)
работа в голландии,290,D,info,assoc,d07_test_gollanda,main,Создать статью в хабе,P1,/testy-na-proforientaciyu/test-gollanda/,Именованная методика (RIASEC — рабочее название)
самые высокооплачиваемые профессии в 2026 году,290,E,info,top,e03_vysokooplachivaemye,main,Создать новую посадочную (рейтинг),P0,/professii-vysokooplachivaemye/,Рейтинг по зарплатам Росстата окт-2025 — данные есть
куда можно поступить в красноярске девушке,289,C,info,top,c08_kuda_postupat_devushke,aggregator,Контент/фильтр (не дубль),P2,/kuda-postupat-posle-11-klassa/#devushke,Гендер-срез после 11
профессии после 11 класса с историей,288,C,info,top,c04_professii_posle_11,main,Расширить существующую,P2,/professiya/ + хаб-11,Профессии после 11 → каталог/направления
куда поступать с физикой девушке,288,C,info,top,c08_kuda_postupat_devushke,main,Контент/фильтр (не дубль),P2,/kuda-postupat-posle-11-klassa/#devushke,Гендер-срез после 11
низкие баллы куда поступить с биологией,288,C,info,top,c12_s_biologiej,main,Создана посадочная,P3,/kuda-postupat-s-biologiej/,Перечень Минобрнауки → направления (готово)
куда поступить после 11 класса военное,287,C,info,top,c02_kuda_postupat_posle_11,main,Создать новый контент-хаб,P2,/kuda-postupat-posle-11-klassa/,После 11 → вузы/направления (данные есть)
диагностический тест климова,286,D,info,top,d08_test_klimova,main,Создать статью в хабе,P1,/testy-na-proforientaciyu/test-klimova/,Именованная методика Климова
классификатор специальностей высшего образования,284,C,info,assoc,c04_professii_posle_11,main,Расширить существующую,P2,/professiya/ + хаб-11,Профессии после 11 → каталог/направления
вузы куда можно поступить с информатикой,284,C,info,top,c13_s_informatikoj,main,Создана посадочная,P3,/kuda-postupat-s-informatikoj/,Перечень Минобрнауки → направления (готово)
вузы куда можно поступить с физикой,282,C,info,top,c15_s_fizikoj,main,Создана посадочная,P3,/kuda-postupat-s-fizikoj/,Перечень Минобрнауки → направления (готово)
тест на будущую профессию бесплатно,282,D,commercial,top,d05_test_na_professiyu,main,Расширить (раздел хаба),P1,/testy-na-proforientaciyu/,«Тест на профессию» → хаб → /test/
тест на какую профессию идти,281,D,info,top,d05_test_na_professiyu,main,Расширить (раздел хаба),P1,/testy-na-proforientaciyu/,«Тест на профессию» → хаб → /test/
профессии для поступления после 11 класса,280,C,info,top,c04_professii_posle_11,main,Расширить существующую,P2,/professiya/ + хаб-11,Профессии после 11 → каталог/направления
куда поступить с химией в питере,280,C,info,top,c14_s_himiej,aggregator,Создана посадочная,P3,/kuda-postupat-s-himiej/,Перечень Минобрнауки → направления (готово)
дифференциальный тест климова,280,D,info,top,d08_test_klimova,main,Создать статью в хабе,P1,/testy-na-proforientaciyu/test-klimova/,Именованная методика Климова
кем можно стать в классе,278,B,info,top,b03_kem_mozhno_stat,main,Расширить существующую,P0,/professiya/,«Кем можно стать» = список профессий → каталог
куда поступать с профматом и физикой,278,C,info,top,c15_s_fizikoj,main,Создана посадочная,P3,/kuda-postupat-s-fizikoj/,Перечень Минобрнауки → направления (готово)
тест на психолога профессия,278,D,info,top,d05_test_na_professiyu,main,Расширить (раздел хаба),P1,/testy-na-proforientaciyu/,«Тест на профессию» → хаб → /test/
тест профориентация бесплатно для школьников 9 класс,278,D,commercial,top,p03_prof_dlya_shkolnikov,main,Расширить (раздел хаба),P1,/proforientaciya/,Срез «для школьников»
профессии кем можно стать девушке,277,B,info,top,b03_kem_mozhno_stat,main,Расширить существующую,P0,/professiya/,«Кем можно стать» = список профессий → каталог
после 11 класса куда можно поступить учиться,277,C,info,top,c02_kuda_postupat_posle_11,main,Создать новый контент-хаб,P2,/kuda-postupat-posle-11-klassa/,После 11 → вузы/направления (данные есть)
куда пойти учиться на кого,276,B,info,top,b04_na_kogo_pojti_uchitsya,main,Создать новый контент-хаб,P1,/kak-vybrat-professiyu/,ВЧ-инфо → хаб выбора + каталоги + /test/
кем пойти работать женщине,275,B,info,top,b06_kem_pojti_rabotat,main,Расширить существующую,P0,/professiya/,«Кем пойти работать» = список профессий → каталог
куда можно поступить после 9 11 класса,275,C,info,top,c02_kuda_postupat_posle_11,main,Создать новый контент-хаб,P2,/kuda-postupat-posle-11-klassa/,После 11 → вузы/направления (данные есть)
куда можно поступить с экзаменами химия биология,275,C,info,top,c14_s_himiej,main,Создана посадочная,P3,/kuda-postupat-s-himiej/,Перечень Минобрнауки → направления (готово)
как проходит профориентация,275,0,info,top,p06_projti_proforientaciyu,main,Использовать существующую,P1,/test/,Транзакционный «пройти» → квиз
не знаю какую профессию выбрать,274,B,info,top,b01_kakuyu_professiyu_vybrat,main,Создать новый контент-хаб,P1,/kak-vybrat-professiyu/,Инфо-хаб выбора профессии → /test/
куда можно поступить с обществом и информатикой,273,C,info,top,c13_s_informatikoj,main,Создана посадочная,P3,/kuda-postupat-s-informatikoj/,Перечень Минобрнауки → направления (готово)
тест климова дифференциально диагностический,273,D,info,top,d08_test_klimova,main,Создать статью в хабе,P1,/testy-na-proforientaciyu/test-klimova/,Именованная методика Климова
куда поступать после школы 11 классов,272,C,info,top,c02_kuda_postupat_posle_11,main,Создать новый контент-хаб,P2,/kuda-postupat-posle-11-klassa/,После 11 → вузы/направления (данные есть)
куда поступать после 11 парню,272,C,info,top,c09_kuda_postupat_parnyu,main,Контент/фильтр (не дубль),P2,/kuda-postupat-posle-11-klassa/#parnyu,Гендер-срез после 11
куда поступить с информатикой казань,272,C,info,top,c13_s_informatikoj,aggregator,Создана посадочная,P3,/kuda-postupat-s-informatikoj/,Перечень Минобрнауки → направления (готово)
тест на профориентацию 8 класс,272,D,info,top,d01_test_na_proforientaciyu,main,Создать новый контент-хаб,P1,/testy-na-proforientaciyu/,Хаб о тестах → /test/ (SERP: формат-статья достижим)
тест голланда пройти онлайн,271,D,commercial,top,d07_test_gollanda,main,Создать статью в хабе,P1,/testy-na-proforientaciyu/test-gollanda/,Именованная методика (RIASEC — рабочее название)
профориентация для школьников 8,271,0,info,top,p03_prof_dlya_shkolnikov,main,Расширить (раздел хаба),P1,/proforientaciya/,Срез «для школьников»
профориентация для школьников 8 класс,269,0,info,top,p03_prof_dlya_shkolnikov,main,Расширить (раздел хаба),P1,/proforientaciya/,Срез «для школьников»
куда поступить в чите после 11 класса,268,C,info,top,c02_kuda_postupat_posle_11,aggregator,Создать новый контент-хаб,P2,/kuda-postupat-posle-11-klassa/,После 11 → вузы/направления (данные есть)
тест климова дифференциально диагностический опросник,268,D,info,top,d08_test_klimova,main,Создать статью в хабе,P1,/testy-na-proforientaciyu/test-klimova/,Именованная методика Климова
пройду тест по профориентации,268,D,info,top,p06_projti_proforientaciyu,main,Использовать существующую,P1,/test/,Транзакционный «пройти» → квиз
казань куда поступить с физикой,267,C,info,top,c15_s_fizikoj,aggregator,Создана посадочная,P3,/kuda-postupat-s-fizikoj/,Перечень Минобрнауки → направления (готово)
куда поступать с профилем и географией,267,C,info,top,c16_s_geografiej,main,Создана посадочная,P3,/kuda-postupat-s-geografiej/,Перечень Минобрнауки → направления (готово)
какую лучше выбрать профессию после 9,266,C,info,top,b01_kakuyu_professiyu_vybrat,main,Создать новый контент-хаб,P1,/kak-vybrat-professiyu/,Инфо-хаб выбора профессии → /test/
лечебное дело кем можно стать,266,B,info,top,b03_kem_mozhno_stat,main,Расширить существующую,P0,/professiya/,«Кем можно стать» = список профессий → каталог
куда поступать с информатикой и биологией,266,C,info,top,c13_s_informatikoj,main,Создана посадочная,P3,/kuda-postupat-s-informatikoj/,Перечень Минобрнауки → направления (готово)
куда поступить после 11 класса платно,265,C,commercial,top,c02_kuda_postupat_posle_11,main,Создать новый контент-хаб,P2,/kuda-postupat-posle-11-klassa/,После 11 → вузы/направления (данные есть)
куда поступить после 11 класса в оренбурге,265,C,info,top,c02_kuda_postupat_posle_11,aggregator,Создать новый контент-хаб,P2,/kuda-postupat-posle-11-klassa/,После 11 → вузы/направления (данные есть)
центры профориентации молодежи,264,0,info,top,p07_centr_proforientacii,main,Расширить (раздел хаба),P1,/proforientaciya/,«Центр профориентации» → хаб/онлайн
куда поступить с профилем и химией,262,C,info,top,c14_s_himiej,main,Создана посадочная,P3,/kuda-postupat-s-himiej/,Перечень Минобрнауки → направления (готово)
кем можно пойти работать в 14 лет,261,B,info,top,b06_kem_pojti_rabotat,main,Расширить существующую,P0,/professiya/,«Кем пойти работать» = список профессий → каталог
куда поступить в ставрополе после 11 класса,261,C,info,top,c02_kuda_postupat_posle_11,aggregator,Создать новый контент-хаб,P2,/kuda-postupat-posle-11-klassa/,После 11 → вузы/направления (данные есть)
кем пойти работать в 16 лет,260,B,info,top,b06_kem_pojti_rabotat,main,Расширить существующую,P0,/professiya/,«Кем пойти работать» = список профессий → каталог
куда поступить после 11 девушке профессии,260,C,info,top,c08_kuda_postupat_devushke,main,Контент/фильтр (не дубль),P2,/kuda-postupat-posle-11-klassa/#devushke,Гендер-срез после 11
куда поступить после 11 класса в ижевске,259,C,info,top,c02_kuda_postupat_posle_11,aggregator,Создать новый контент-хаб,P2,/kuda-postupat-posle-11-klassa/,После 11 → вузы/направления (данные есть)
куда поступить в хабаровске после 11 класса,259,C,info,top,c02_kuda_postupat_posle_11,aggregator,Создать новый контент-хаб,P2,/kuda-postupat-posle-11-klassa/,После 11 → вузы/направления (данные есть)
обучение после 11 класса профессии,259,C,info,top,c04_professii_posle_11,main,Расширить существующую,P2,/professiya/ + хаб-11,Профессии после 11 → каталог/направления
тест климова человек человек,257,D,info,top,d08_test_klimova,main,Создать статью в хабе,P1,/testy-na-proforientaciyu/test-klimova/,Именованная методика Климова
на кого пойти учиться высшее образование,255,B,info,top,b04_na_kogo_pojti_uchitsya,main,Создать новый контент-хаб,P1,/kak-vybrat-professiyu/,ВЧ-инфо → хаб выбора + каталоги + /test/
единая модель профориентации 2026,255,0,info,top,p08_proforientaciya_2026,main,Расширить (раздел хаба),P1,/proforientaciya/,Year-stamp → хаб
куда поступить после 11 класса в смоленске,254,C,info,top,c02_kuda_postupat_posle_11,aggregator,Создать новый контент-хаб,P2,/kuda-postupat-posle-11-klassa/,После 11 → вузы/направления (данные есть)
куда поступают после 11 класса на бакалавриат,254,C,info,top,c02_kuda_postupat_posle_11,main,Создать новый контент-хаб,P2,/kuda-postupat-posle-11-klassa/,После 11 → вузы/направления (данные есть)
профессии для девочек после 11 класса,254,C,info,top,c04_professii_posle_11,main,Расширить существующую,P2,/professiya/ + хаб-11,Профессии после 11 → каталог/направления
куда поступать с физикой и биологией,254,C,info,top,c15_s_fizikoj,main,Создана посадочная,P3,/kuda-postupat-s-fizikoj/,Перечень Минобрнауки → направления (готово)
какую профессию лучше выбрать после 9 класса,253,C,info,top,b01_kakuyu_professiyu_vybrat,main,Создать новый контент-хаб,P1,/kak-vybrat-professiyu/,Инфо-хаб выбора профессии → /test/
как можно выбрать профессию,253,B,info,top,b02_kak_vybrat_professiyu,main,Создать новый контент-хаб,P1,/kak-vybrat-professiyu/,Инфо-хаб → /test/
куда поступить после 9 класса челябинск девушке,252,C,info,top,c08_kuda_postupat_devushke,aggregator,Контент/фильтр (не дубль),P2,/kuda-postupat-posle-11-klassa/#devushke,Гендер-срез после 11
куда поступить с информатикой спб,252,C,info,top,c13_s_informatikoj,aggregator,Создана посадочная,P3,/kuda-postupat-s-informatikoj/,Перечень Минобрнауки → направления (готово)
куда поступать с химией и профматом,252,C,info,top,c14_s_himiej,main,Создана посадочная,P3,/kuda-postupat-s-himiej/,Перечень Минобрнауки → направления (готово)
какая профессия мне подходит без регистрации,251,B,info,top,b05_kakaya_professiya_podhodit,main,Создать новый контент-хаб,P1,/kak-vybrat-professiyu/,Подбор профессии → /test/
кем можно стать после 11 класса,250,C,info,top,b03_kem_mozhno_stat,main,Расширить существующую,P0,/professiya/,«Кем можно стать» = список профессий → каталог
тест какая профессия мне подходит бесплатно онлайн,250,D,commercial,top,b05_kakaya_professiya_podhodit,main,Создать новый контент-хаб,P1,/kak-vybrat-professiyu/,Подбор профессии → /test/
тест какая профессия мне подходит без регистрации,249,D,info,top,b05_kakaya_professiya_podhodit,main,Создать новый контент-хаб,P1,/kak-vybrat-professiyu/,Подбор профессии → /test/
какие профессии можно выбрать после 9,248,C,info,top,b01_kakuyu_professiyu_vybrat,main,Создать новый контент-хаб,P1,/kak-vybrat-professiyu/,Инфо-хаб выбора профессии → /test/
куда поступать 11 класса парню,248,C,info,top,c02_kuda_postupat_posle_11,main,Создать новый контент-хаб,P2,/kuda-postupat-posle-11-klassa/,После 11 → вузы/направления (данные есть)
куда поступить на стоматолога после 11 класса,247,C,info,top,c02_kuda_postupat_posle_11,main,Создать новый контент-хаб,P2,/kuda-postupat-posle-11-klassa/,После 11 → вузы/направления (данные есть)
куда можно поступить с физикой и химией,247,C,info,top,c14_s_himiej,main,Создана посадочная,P3,/kuda-postupat-s-himiej/,Перечень Минобрнауки → направления (готово)
как выбрать профессию жизни,245,B,info,top,b02_kak_vybrat_professiyu,main,Создать новый контент-хаб,P1,/kak-vybrat-professiyu/,Инфо-хаб → /test/
какая профессия мне больше подходит,243,B,info,top,b05_kakaya_professiya_podhodit,main,Создать новый контент-хаб,P1,/kak-vybrat-professiyu/,Подбор профессии → /test/
с экзаменом истории куда можно поступить,242,C,info,top,c11_s_istoriej,main,Создана посадочная,P3,/kuda-postupat-s-istoriej/,Перечень Минобрнауки → направления (готово)
как понять какую профессию выбрать,241,B,info,top,b01_kakuyu_professiyu_vybrat,main,Создать новый контент-хаб,P1,/kak-vybrat-professiyu/,Инфо-хаб выбора профессии → /test/
на кого можно пойти работать после 9,241,C,info,top,b06_kem_pojti_rabotat,main,Расширить существующую,P0,/professiya/,«Кем пойти работать» = список профессий → каталог
психологический тест на профессию,240,D,info,top,d05_test_na_professiyu,main,Расширить (раздел хаба),P1,/testy-na-proforientaciyu/,«Тест на профессию» → хаб → /test/
куда поступить после 11 девушке список,238,C,info,top,c08_kuda_postupat_devushke,main,Контент/фильтр (не дубль),P2,/kuda-postupat-posle-11-klassa/#devushke,Гендер-срез после 11
тест типа голланда,238,D,info,top,d07_test_gollanda,main,Создать статью в хабе,P1,/testy-na-proforientaciyu/test-gollanda/,Именованная методика (RIASEC — рабочее название)
востребованные профессии после 11 класса список,236,C,info,top,c04_professii_posle_11,main,Расширить существующую,P2,/professiya/ + хаб-11,Профессии после 11 → каталог/направления
какие профессии самые востребованные и высокооплачиваемые,236,E,info,top,e03_vysokooplachivaemye,main,Создать новую посадочную (рейтинг),P0,/professii-vysokooplachivaemye/,Рейтинг по зарплатам Росстата окт-2025 — данные есть
как помочь ребенку выбрать профессию,234,A,info,top,b02_kak_vybrat_professiyu,main,Создать новый контент-хаб,P1,/kak-vybrat-professiyu/,Инфо-хаб → /test/
куда поступать с литературой и историей егэ,233,C,info,top,c11_s_istoriej,main,Создана посадочная,P3,/kuda-postupat-s-istoriej/,Перечень Минобрнауки → направления (готово)
тест на профессию после 11 бесплатно,233,D,commercial,top,d05_test_na_professiyu,main,Расширить (раздел хаба),P1,/testy-na-proforientaciyu/,«Тест на профессию» → хаб → /test/
тест опросник е а климова,233,D,info,top,d08_test_klimova,main,Создать статью в хабе,P1,/testy-na-proforientaciyu/test-klimova/,Именованная методика Климова
интересные профессии после 11 класса,232,C,info,top,c04_professii_posle_11,main,Расширить существующую,P2,/professiya/ + хаб-11,Профессии после 11 → каталог/направления
тюмень куда поступить девушке,232,C,info,top,c08_kuda_postupat_devushke,aggregator,Контент/фильтр (не дубль),P2,/kuda-postupat-posle-11-klassa/#devushke,Гендер-срез после 11
куда поступить после 9 класса томск девушке,232,C,info,top,c08_kuda_postupat_devushke,aggregator,Контент/фильтр (не дубль),P2,/kuda-postupat-posle-11-klassa/#devushke,Гендер-срез после 11
тест климова бесплатно,232,D,commercial,top,d08_test_klimova,main,Создать статью в хабе,P1,/testy-na-proforientaciyu/test-klimova/,Именованная методика Климова
самые высокооплачиваемые профессии после 9 класса девушке,232,C,info,top,e03_vysokooplachivaemye,main,Создать новую посадочную (рейтинг),P0,/professii-vysokooplachivaemye/,Рейтинг по зарплатам Росстата окт-2025 — данные есть
обществознание кем можно стать,231,B,info,top,b03_kem_mozhno_stat,main,Расширить существующую,P0,/professiya/,«Кем можно стать» = список профессий → каталог
самые высокооплачиваемые профессии в россии после 11,231,C,info,top,e03_vysokooplachivaemye,main,Создать новую посадочную (рейтинг),P0,/professii-vysokooplachivaemye/,Рейтинг по зарплатам Росстата окт-2025 — данные есть
кем пойти работать юристу,230,B,info,top,b06_kem_pojti_rabotat,main,Расширить существующую,P0,/professiya/,«Кем пойти работать» = список профессий → каталог
проф тест на профессию,230,D,info,top,d05_test_na_professiyu,main,Расширить (раздел хаба),P1,/testy-na-proforientaciyu/,«Тест на профессию» → хаб → /test/
тест на профориентацию бесплатно для школьников 9,229,D,commercial,top,d01_test_na_proforientaciyu,main,Создать новый контент-хаб,P1,/testy-na-proforientaciyu/,Хаб о тестах → /test/ (SERP: формат-статья достижим)
тест профориентации для школьников 8,229,D,info,top,p03_prof_dlya_shkolnikov,main,Расширить (раздел хаба),P1,/proforientaciya/,Срез «для школьников»
куда поступить после 11 класса во владивостоке,228,C,info,top,c02_kuda_postupat_posle_11,aggregator,Создать новый контент-хаб,P2,/kuda-postupat-posle-11-klassa/,После 11 → вузы/направления (данные есть)
куда поступить в вуз с географией,227,C,info,top,c16_s_geografiej,main,Создана посадочная,P3,/kuda-postupat-s-geografiej/,Перечень Минобрнауки → направления (готово)
дифференциально диагностический опросник е а климова тест,227,D,info,top,d08_test_klimova,main,Создать статью в хабе,P1,/testy-na-proforientaciyu/test-klimova/,Именованная методика Климова
тест климова е а дифференциально диагностический,227,D,info,top,d08_test_klimova,main,Создать статью в хабе,P1,/testy-na-proforientaciyu/test-klimova/,Именованная методика Климова
куда поступить после 11 класса в чебоксарах,225,C,info,top,c02_kuda_postupat_posle_11,aggregator,Создать новый контент-хаб,P2,/kuda-postupat-posle-11-klassa/,После 11 → вузы/направления (данные есть)
как выбрать профессию тест бесплатно,224,D,commercial,top,b02_kak_vybrat_professiyu,main,Создать новый контент-хаб,P1,/kak-vybrat-professiyu/,Инфо-хаб → /test/
какую профессию выбрать с хорошей зарплатой,223,B,info,top,b01_kakuyu_professiyu_vybrat,main,Создать новый контент-хаб,P1,/kak-vybrat-professiyu/,Инфо-хаб выбора профессии → /test/
тест профориентация холланда онлайн,223,D,commercial,top,d01_test_na_proforientaciyu,main,Создать новый контент-хаб,P1,/testy-na-proforientaciyu/,Хаб о тестах → /test/ (SERP: формат-статья достижим)
тест на профессию для девушек,223,D,info,top,d05_test_na_professiyu,main,Расширить (раздел хаба),P1,/testy-na-proforientaciyu/,«Тест на профессию» → хаб → /test/
какие профессии стоит выбрать,222,B,info,top,b01_kakuyu_professiyu_vybrat,main,Создать новый контент-хаб,P1,/kak-vybrat-professiyu/,Инфо-хаб выбора профессии → /test/
куда поступать девушке с русским,222,C,info,top,c08_kuda_postupat_devushke,main,Контент/фильтр (не дубль),P2,/kuda-postupat-posle-11-klassa/#devushke,Гендер-срез после 11
онлайн профориентация для школьников 9 класс,222,0,commercial,top,p03_prof_dlya_shkolnikov,main,Расширить (раздел хаба),P1,/proforientaciya/,Срез «для школьников»
профориентация в школе 2025 2026,222,0,info,top,p08_proforientaciya_2026,main,Расширить (раздел хаба),P1,/proforientaciya/,Year-stamp → хаб
какие профессии можно выбрать после 9 класса,221,C,info,top,b01_kakuyu_professiyu_vybrat,main,Создать новый контент-хаб,P1,/kak-vybrat-professiyu/,Инфо-хаб выбора профессии → /test/
история какие профессии после 11 класса,221,C,info,top,c04_professii_posle_11,main,Расширить существующую,P2,/professiya/ + хаб-11,Профессии после 11 → каталог/направления
профессиональные тесты голланда,221,D,info,top,d07_test_gollanda,main,Создать статью в хабе,P1,/testy-na-proforientaciyu/test-gollanda/,Именованная методика (RIASEC — рабочее название)
на кого можно пойти учиться мальчику,220,B,info,top,b04_na_kogo_pojti_uchitsya,main,Создать новый контент-хаб,P1,/kak-vybrat-professiyu/,ВЧ-инфо → хаб выбора + каталоги + /test/
куда поступить после 11 с егэ информатикой,220,C,info,top,c13_s_informatikoj,main,Создана посадочная,P3,/kuda-postupat-s-informatikoj/,Перечень Минобрнауки → направления (готово)
кем можно стать сдавая биологию,219,B,info,top,b03_kem_mozhno_stat,main,Расширить существующую,P0,/professiya/,«Кем можно стать» = список профессий → каталог
на кого пойти учиться заочно,219,B,info,top,b04_na_kogo_pojti_uchitsya,main,Создать новый контент-хаб,P1,/kak-vybrat-professiyu/,ВЧ-инфо → хаб выбора + каталоги + /test/
на кого пойти учиться в вуз,219,C,info,top,b04_na_kogo_pojti_uchitsya,main,Создать новый контент-хаб,P1,/kak-vybrat-professiyu/,ВЧ-инфо → хаб выбора + каталоги + /test/
куда поступить после 11 класса в кирове,219,C,info,top,c02_kuda_postupat_posle_11,aggregator,Создать новый контент-хаб,P2,/kuda-postupat-posle-11-klassa/,После 11 → вузы/направления (данные есть)
куда можно поступить бесплатно после 11 класса,219,C,commercial,top,c02_kuda_postupat_posle_11,main,Создать новый контент-хаб,P2,/kuda-postupat-posle-11-klassa/,После 11 → вузы/направления (данные есть)
лучший тест на профориентацию,219,D,info,top,d01_test_na_proforientaciyu,main,Создать новый контент-хаб,P1,/testy-na-proforientaciyu/,Хаб о тестах → /test/ (SERP: формат-статья достижим)
тест на профориентацию 11 класс бесплатно,219,D,commercial,top,d01_test_na_proforientaciyu,main,Создать новый контент-хаб,P1,/testy-na-proforientaciyu/,Хаб о тестах → /test/ (SERP: формат-статья достижим)
ддо климова профориентация,218,D,info,top,d09_ddo_klimova,main,Создать статью в хабе,P1,/testy-na-proforientaciyu/test-klimova/,ДДО Климова (та же методика)
как понять какая профессия мне подходит,217,B,info,top,b05_kakaya_professiya_podhodit,main,Создать новый контент-хаб,P1,/kak-vybrat-professiyu/,Подбор профессии → /test/
тест на определение профессии для подростка,217,D,info,top,d05_test_na_professiyu,main,Расширить (раздел хаба),P1,/testy-na-proforientaciyu/,«Тест на профессию» → хаб → /test/
тест на выбор профессии для школьников,217,D,info,top,d05_test_na_professiyu,main,Расширить (раздел хаба),P1,/testy-na-proforientaciyu/,«Тест на профессию» → хаб → /test/
тест на профессию после 11 девушке,217,D,info,top,d05_test_na_professiyu,main,Расширить (раздел хаба),P1,/testy-na-proforientaciyu/,«Тест на профессию» → хаб → /test/
выбор профессии профориентация для школьников,217,0,info,top,p03_prof_dlya_shkolnikov,main,Расширить (раздел хаба),P1,/proforientaciya/,Срез «для школьников»
куда поступить с географией казань,216,C,info,top,c16_s_geografiej,aggregator,Создана посадочная,P3,/kuda-postupat-s-geografiej/,Перечень Минобрнауки → направления (готово)
текст какую профессию выбрать,215,B,info,top,b01_kakuyu_professiyu_vybrat,main,Создать новый контент-хаб,P1,/kak-vybrat-professiyu/,Инфо-хаб выбора профессии → /test/
биология и химия профессии после 11 класса,215,C,info,top,c04_professii_posle_11,main,Расширить существующую,P2,/professiya/ + хаб-11,Профессии после 11 → каталог/направления
10 самых высокооплачиваемых профессий в россии,215,E,info,top,e03_vysokooplachivaemye,main,Создать новую посадочную (рейтинг),P0,/professii-vysokooplachivaemye/,Рейтинг по зарплатам Росстата окт-2025 — данные есть
тест на профессию после 11 класса девушке,214,D,info,top,c04_professii_posle_11,main,Расширить существующую,P2,/professiya/ + хаб-11,Профессии после 11 → каталог/направления
куда поступить девушке в москве,214,C,info,top,c08_kuda_postupat_devushke,aggregator,Контент/фильтр (не дубль),P2,/kuda-postupat-posle-11-klassa/#devushke,Гендер-срез после 11
тест по текущей профессии кр на адм,214,D,info,top,d05_test_na_professiyu,main,Расширить (раздел хаба),P1,/testy-na-proforientaciyu/,«Тест на профессию» → хаб → /test/
тест методика голланда,214,D,info,top,d07_test_gollanda,main,Создать статью в хабе,P1,/testy-na-proforientaciyu/test-gollanda/,Именованная методика (RIASEC — рабочее название)
какую профессию выбрать в 2026 году,213,B,info,top,b01_kakuyu_professiyu_vybrat,main,Создать новый контент-хаб,P1,/kak-vybrat-professiyu/,Инфо-хаб выбора профессии → /test/
на кого можно пойти учиться девочке,213,B,info,top,b04_na_kogo_pojti_uchitsya,main,Создать новый контент-хаб,P1,/kak-vybrat-professiyu/,ВЧ-инфо → хаб выбора + каталоги + /test/
пройти тест на профессию онлайн,213,D,commercial,top,d05_test_na_professiyu,main,Расширить (раздел хаба),P1,/testy-na-proforientaciyu/,«Тест на профессию» → хаб → /test/
куда можно поступить с информатикой 40 баллов,212,C,info,top,c13_s_informatikoj,main,Создана посадочная,P3,/kuda-postupat-s-informatikoj/,Перечень Минобрнауки → направления (готово)
тест голланда профориентация онлайн,212,D,commercial,top,d01_test_na_proforientaciyu,main,Создать новый контент-хаб,P1,/testy-na-proforientaciyu/,Хаб о тестах → /test/ (SERP: формат-статья достижим)
профориентация для школьников без регистрации,212,0,info,top,p03_prof_dlya_shkolnikov,main,Расширить (раздел хаба),P1,/proforientaciya/,Срез «для школьников»
как выбрать профессию подростку,210,B,info,top,b02_kak_vybrat_professiyu,main,Создать новый контент-хаб,P1,/kak-vybrat-professiyu/,Инфо-хаб → /test/
на кого пойти учиться на вышку,209,B,info,top,b04_na_kogo_pojti_uchitsya,main,Создать новый контент-хаб,P1,/kak-vybrat-professiyu/,ВЧ-инфо → хаб выбора + каталоги + /test/
кем можно пойти работать в 16,209,B,info,top,b06_kem_pojti_rabotat,main,Расширить существующую,P0,/professiya/,«Кем пойти работать» = список профессий → каталог
тест на профессию после 11 класса бесплатно,209,D,commercial,top,c04_professii_posle_11,main,Расширить существующую,P2,/professiya/ + хаб-11,Профессии после 11 → каталог/направления
тест голланда на профориентацию пройти,209,D,commercial,top,d01_test_na_proforientaciyu,main,Создать новый контент-хаб,P1,/testy-na-proforientaciyu/,Хаб о тестах → /test/ (SERP: формат-статья достижим)
как выбрать профессию после 9 класса девушке,208,C,info,top,b02_kak_vybrat_professiyu,main,Создать новый контент-хаб,P1,/kak-vybrat-professiyu/,Инфо-хаб → /test/
куда поступить в архангельске после 11 класса,208,C,info,top,c02_kuda_postupat_posle_11,aggregator,Создать новый контент-хаб,P2,/kuda-postupat-posle-11-klassa/,После 11 → вузы/направления (данные есть)
куда поступить с физикой спб,208,C,info,top,c15_s_fizikoj,aggregator,Создана посадочная,P3,/kuda-postupat-s-fizikoj/,Перечень Минобрнауки → направления (готово)
физика и математика куда поступить девушке,207,C,info,top,c08_kuda_postupat_devushke,main,Контент/фильтр (не дубль),P2,/kuda-postupat-posle-11-klassa/#devushke,Гендер-срез после 11
пройти профориентацию 9 класс,206,0,commercial,top,p05_prof_9_klass,main,Расширить (раздел хаба),P1,/proforientaciya/,"Профориентация 9 класс (контент, не листинг СПО)"
готика ремейк кем можно стать,205,B,info,top,b03_kem_mozhno_stat,main,Расширить существующую,P0,/professiya/,«Кем можно стать» = список профессий → каталог
физика на кого пойти учиться,205,B,info,top,b04_na_kogo_pojti_uchitsya,main,Создать новый контент-хаб,P1,/kak-vybrat-professiyu/,ВЧ-инфо → хаб выбора + каталоги + /test/
куда поступить с историей в питере,205,C,info,top,c11_s_istoriej,aggregator,Создана посадочная,P3,/kuda-postupat-s-istoriej/,Перечень Минобрнауки → направления (готово)
тест на определение профессии бесплатно,205,D,commercial,top,d05_test_na_professiyu,main,Расширить (раздел хаба),P1,/testy-na-proforientaciyu/,«Тест на профессию» → хаб → /test/
какую профессию выбрать девушке после 11,204,C,info,top,b01_kakuyu_professiyu_vybrat,main,Создать новый контент-хаб,P1,/kak-vybrat-professiyu/,Инфо-хаб выбора профессии → /test/
куда поступать на инженера после 11 класса,204,C,info,top,c02_kuda_postupat_posle_11,main,Создать новый контент-хаб,P2,/kuda-postupat-posle-11-klassa/,После 11 → вузы/направления (данные есть)
какую профессию выбрать девушке после 11 класса,203,C,info,top,b01_kakuyu_professiyu_vybrat,main,Создать новый контент-хаб,P1,/kak-vybrat-professiyu/,Инфо-хаб выбора профессии → /test/
куда поступить после 11 класса в рязани,203,C,info,top,c02_kuda_postupat_posle_11,aggregator,Создать новый контент-хаб,P2,/kuda-postupat-posle-11-klassa/,После 11 → вузы/направления (данные есть)
список лучших профессий после 11 класса,203,C,info,top,c04_professii_posle_11,main,Расширить существующую,P2,/professiya/ + хаб-11,Профессии после 11 → каталог/направления
не знаю как выбрать профессию,202,B,info,top,b02_kak_vybrat_professiyu,main,Создать новый контент-хаб,P1,/kak-vybrat-professiyu/,Инфо-хаб → /test/
как выбрать профессию образование,202,B,info,top,b02_kak_vybrat_professiyu,main,Создать новый контент-хаб,P1,/kak-vybrat-professiyu/,Инфо-хаб → /test/
профессии после 11 го класса,202,C,info,top,c04_professii_posle_11,main,Расширить существующую,P2,/professiya/ + хаб-11,Профессии после 11 → каталог/направления
куда поступить в томске после 9 девушке,202,C,info,top,c08_kuda_postupat_devushke,aggregator,Контент/фильтр (не дубль),P2,/kuda-postupat-posle-11-klassa/#devushke,Гендер-срез после 11
екатеринбург куда поступить с химией,202,C,info,top,c14_s_himiej,aggregator,Создана посадочная,P3,/kuda-postupat-s-himiej/,Перечень Минобрнауки → направления (готово)
профориентация какие тест на профориентацию,202,D,info,top,d01_test_na_proforientaciyu,main,Создать новый контент-хаб,P1,/testy-na-proforientaciyu/,Хаб о тестах → /test/ (SERP: формат-статья достижим)
методика ддо климова,202,D,info,top,d09_ddo_klimova,main,Создать статью в хабе,P1,/testy-na-proforientaciyu/test-klimova/,ДДО Климова (та же методика)
не знаю куда поступать после 11 класса,201,C,info,top,c02_kuda_postupat_posle_11,main,Создать новый контент-хаб,P2,/kuda-postupat-posle-11-klassa/,После 11 → вузы/направления (данные есть)
тест куда поступать после 11 класса,201,D,info,top,c02_kuda_postupat_posle_11,main,Создать новый контент-хаб,P2,/kuda-postupat-posle-11-klassa/,После 11 → вузы/направления (данные есть)
какие профессии можно получить после 11 класса,201,C,info,top,c04_professii_posle_11,main,Расширить существующую,P2,/professiya/ + хаб-11,Профессии после 11 → каталог/направления
профессии для девушек куда поступить,201,C,info,top,c08_kuda_postupat_devushke,main,Контент/фильтр (не дубль),P2,/kuda-postupat-posle-11-klassa/#devushke,Гендер-срез после 11
профориентация тест на выбор профессии 11,201,D,info,top,d01_test_na_proforientaciyu,main,Создать новый контент-хаб,P1,/testy-na-proforientaciyu/,Хаб о тестах → /test/ (SERP: формат-статья достижим)
куда поступать с экзаменом физика,200,C,info,top,c15_s_fizikoj,main,Создана посадочная,P3,/kuda-postupat-s-fizikoj/,Перечень Минобрнауки → направления (готово)
кем пойти работать в 15,199,B,info,top,b06_kem_pojti_rabotat,main,Расширить существующую,P0,/professiya/,«Кем пойти работать» = список профессий → каталог
профориентация тест на выбор профессии 11 класс,199,D,info,top,d01_test_na_proforientaciyu,main,Создать новый контент-хаб,P1,/testy-na-proforientaciyu/,Хаб о тестах → /test/ (SERP: формат-статья достижим)
яндекс тест на профориентацию,199,D,info,top,d01_test_na_proforientaciyu,main,Создать новый контент-хаб,P1,/testy-na-proforientaciyu/,Хаб о тестах → /test/ (SERP: формат-статья достижим)
тема как выбрать профессию,198,B,info,top,b02_kak_vybrat_professiyu,main,Создать новый контент-хаб,P1,/kak-vybrat-professiyu/,Инфо-хаб → /test/
куда поступать с физикой после 9,198,C,info,top,c15_s_fizikoj,main,Создана посадочная,P3,/kuda-postupat-s-fizikoj/,Перечень Минобрнауки → направления (готово)
тест на профориентацию 2026 бесплатно,198,D,commercial,top,d01_test_na_proforientaciyu,main,Создать новый контент-хаб,P1,/testy-na-proforientaciyu/,Хаб о тестах → /test/ (SERP: формат-статья достижим)
тест личности голланда,198,D,info,top,d07_test_gollanda,main,Создать статью в хабе,P1,/testy-na-proforientaciyu/test-gollanda/,Именованная методика (RIASEC — рабочее название)
центр профориентации и трудоустройства,198,0,commercial,top,p07_centr_proforientacii,main,Расширить (раздел хаба),P1,/proforientaciya/,«Центр профориентации» → хаб/онлайн
прибыльные профессии после 11 класса,197,C,info,top,c04_professii_posle_11,main,Расширить существующую,P2,/professiya/ + хаб-11,Профессии после 11 → каталог/направления
куда поступить с географией пермь,197,C,info,top,c16_s_geografiej,aggregator,Создана посадочная,P3,/kuda-postupat-s-geografiej/,Перечень Минобрнауки → направления (готово)
мгу профориентация для школьников,197,0,info,top,p03_prof_dlya_shkolnikov,main,Расширить (раздел хаба),P1,/proforientaciya/,Срез «для школьников»
тест на профессии человек человек,196,D,info,top,d05_test_na_professiyu,main,Расширить (раздел хаба),P1,/testy-na-proforientaciyu/,«Тест на профессию» → хаб → /test/
как выбрать профессию по душе тест,195,D,info,top,b02_kak_vybrat_professiyu,main,Создать новый контент-хаб,P1,/kak-vybrat-professiyu/,Инфо-хаб → /test/
как выбрать новую профессию,195,B,info,top,b02_kak_vybrat_professiyu,main,Создать новый контент-хаб,P1,/kak-vybrat-professiyu/,Инфо-хаб → /test/
тесты на профессию и специальность,195,D,info,top,d05_test_na_professiyu,main,Расширить (раздел хаба),P1,/testy-na-proforientaciyu/,«Тест на профессию» → хаб → /test/
профессии с высокой зарплатой после 11 класса,194,C,info,top,c04_professii_posle_11,main,Расширить существующую,P2,/professiya/ + хаб-11,Профессии после 11 → каталог/направления
тест на работу профессию,194,D,info,top,d05_test_na_professiyu,main,Расширить (раздел хаба),P1,/testy-na-proforientaciyu/,«Тест на профессию» → хаб → /test/
кем можно стать список,193,B,info,top,b03_kem_mozhno_stat,main,Расширить существующую,P0,/professiya/,«Кем можно стать» = список профессий → каталог
профессии будущего после 11 класса,193,C,info,top,c04_professii_posle_11,main,Расширить существующую,P2,/professiya/ + хаб-11,Профессии после 11 → каталог/направления
тест на профориентацию холланда бесплатно,193,D,commercial,top,d01_test_na_proforientaciyu,main,Создать новый контент-хаб,P1,/testy-na-proforientaciyu/,Хаб о тестах → /test/ (SERP: формат-статья достижим)
куда поступать с профматом и информатикой,192,C,info,top,c13_s_informatikoj,main,Создана посадочная,P3,/kuda-postupat-s-informatikoj/,Перечень Минобрнауки → направления (готово)
профессии после 9 и 11 класса,191,C,info,top,c04_professii_posle_11,main,Расширить существующую,P2,/professiya/ + хаб-11,Профессии после 11 → каталог/направления
тест на профориентацию для школьников 8 класс,191,D,info,top,d01_test_na_proforientaciyu,main,Создать новый контент-хаб,P1,/testy-na-proforientaciyu/,Хаб о тестах → /test/ (SERP: формат-статья достижим)
самые высокооплачиваемые профессии в сша,191,E,info,top,e03_vysokooplachivaemye,main,Создать новую посадочную (рейтинг),P0,/professii-vysokooplachivaemye/,Рейтинг по зарплатам Росстата окт-2025 — данные есть
какие профессии выбирают женщины,190,B,info,top,b01_kakuyu_professiyu_vybrat,main,Создать новый контент-хаб,P1,/kak-vybrat-professiyu/,Инфо-хаб выбора профессии → /test/
какие профессии лучше выбирать девушкам,190,B,info,top,b01_kakuyu_professiyu_vybrat,main,Создать новый контент-хаб,P1,/kak-vybrat-professiyu/,Инфо-хаб выбора профессии → /test/
как нужно выбрать профессию,190,B,info,top,b02_kak_vybrat_professiyu,main,Создать новый контент-хаб,P1,/kak-vybrat-professiyu/,Инфо-хаб → /test/
как выбрать лучшую профессию,190,B,info,top,b02_kak_vybrat_professiyu,main,Создать новый контент-хаб,P1,/kak-vybrat-professiyu/,Инфо-хаб → /test/
на кого пойти учиться женщине,190,B,info,top,b04_na_kogo_pojti_uchitsya,main,Создать новый контент-хаб,P1,/kak-vybrat-professiyu/,ВЧ-инфо → хаб выбора + каталоги + /test/
не знаю кем стать в будущем,190,B,info,top,b07_ne_znayu_kem_stat,main,Создать новый контент-хаб,P1,/kak-vybrat-professiyu/,Боль «не знаю кем стать» → /test/
куда поступить с русским физикой информатикой,190,C,info,top,c13_s_informatikoj,main,Создана посадочная,P3,/kuda-postupat-s-informatikoj/,Перечень Минобрнауки → направления (готово)
топ 10 самых высокооплачиваемых профессий,190,E,info,top,e03_vysokooplachivaemye,main,Создать новую посадочную (рейтинг),P0,/professii-vysokooplachivaemye/,Рейтинг по зарплатам Росстата окт-2025 — данные есть
самые высокооплачиваемые профессии врачей,190,E,info,top,e03_vysokooplachivaemye,main,Создать новую посадочную (рейтинг),P0,/professii-vysokooplachivaemye/,Рейтинг по зарплатам Росстата окт-2025 — данные есть
юриспруденция кем можно стать,189,B,info,top,b03_kem_mozhno_stat,main,Расширить существующую,P0,/professiya/,«Кем можно стать» = список профессий → каталог
на кого пойти учиться чтобы зарабатывать,189,B,info,top,b04_na_kogo_pojti_uchitsya,main,Создать новый контент-хаб,P1,/kak-vybrat-professiyu/,ВЧ-инфо → хаб выбора + каталоги + /test/
профессии для мужчин после 11 класса,189,C,info,top,c04_professii_posle_11,main,Расширить существующую,P2,/professiya/ + хаб-11,Профессии после 11 → каталог/направления
куда поступать с предметами физика математика,188,C,info,top,c15_s_fizikoj,main,Создана посадочная,P3,/kuda-postupat-s-fizikoj/,Перечень Минобрнауки → направления (готово)
тест голланда на профориентацию пройти онлайн,188,D,commercial,top,d01_test_na_proforientaciyu,main,Создать новый контент-хаб,P1,/testy-na-proforientaciyu/,Хаб о тестах → /test/ (SERP: формат-статья достижим)
методика климова профориентация тест,188,D,info,top,d01_test_na_proforientaciyu,main,Создать новый контент-хаб,P1,/testy-na-proforientaciyu/,Хаб о тестах → /test/ (SERP: формат-статья достижим)
тест по методике климова,188,D,info,top,d08_test_klimova,main,Создать статью в хабе,P1,/testy-na-proforientaciyu/test-klimova/,Именованная методика Климова
центр профориентации серпухов,188,0,commercial,top,p07_centr_proforientacii,main,Расширить (раздел хаба),P1,/proforientaciya/,«Центр профориентации» → хаб/онлайн
текст как выбрать профессию,187,B,info,top,b02_kak_vybrat_professiyu,main,Создать новый контент-хаб,P1,/kak-vybrat-professiyu/,Инфо-хаб → /test/
медицинский кем можно стать,187,B,info,top,b03_kem_mozhno_stat,main,Расширить существующую,P0,/professiya/,«Кем можно стать» = список профессий → каталог
на кого пойти учиться востребованные профессии,187,B,info,top,b04_na_kogo_pojti_uchitsya,main,Создать новый контент-хаб,P1,/kak-vybrat-professiyu/,ВЧ-инфо → хаб выбора + каталоги + /test/
кем можно пойти работать в 16 лет,187,B,info,top,b06_kem_pojti_rabotat,main,Расширить существующую,P0,/professiya/,«Кем пойти работать» = список профессий → каталог
куда поступить с химией и информатикой,187,C,info,top,c13_s_informatikoj,main,Создана посадочная,P3,/kuda-postupat-s-informatikoj/,Перечень Минобрнауки → направления (готово)
кем пойти работать в 15 лет,186,B,info,top,b06_kem_pojti_rabotat,main,Расширить существующую,P0,/professiya/,«Кем пойти работать» = список профессий → каталог
куда поступать с физикой и географией,186,C,info,top,c15_s_fizikoj,main,Создана посадочная,P3,/kuda-postupat-s-fizikoj/,Перечень Минобрнауки → направления (готово)
куда поступать с физикой и обществознанием,186,C,info,top,c15_s_fizikoj,main,Создана посадочная,P3,/kuda-postupat-s-fizikoj/,Перечень Минобрнауки → направления (готово)
эрготерапевт кто это по специальности,186,E,info,assoc,e04_professii_buduschego,main,Контент-хаб без рейтинга,P1,/professiya/ (раздел),Нет данных прогноза — контент без рейтинга
кем можно пойти работать если учишься,184,B,info,top,b06_kem_pojti_rabotat,main,Расширить существующую,P0,/professiya/,«Кем пойти работать» = список профессий → каталог
куда поступать с физикой в питере,184,C,info,top,c15_s_fizikoj,aggregator,Создана посадочная,P3,/kuda-postupat-s-fizikoj/,Перечень Минобрнауки → направления (готово)
высшее сестринское образование кем можно работать,183,B,info,assoc,c04_professii_posle_11,main,Расширить существующую,P2,/professiya/ + хаб-11,Профессии после 11 → каталог/направления
куда поступать с географией огэ,183,C,info,top,c16_s_geografiej,main,Создана посадочная,P3,/kuda-postupat-s-geografiej/,Перечень Минобрнауки → направления (готово)
куда поступать с географией спб,183,C,info,top,c16_s_geografiej,aggregator,Создана посадочная,P3,/kuda-postupat-s-geografiej/,Перечень Минобрнауки → направления (готово)
тест на ориентацию quiz,183,D,info,assoc,d07_test_gollanda,main,Создать статью в хабе,P1,/testy-na-proforientaciyu/test-gollanda/,Именованная методика (RIASEC — рабочее название)
куда поступить на ветеринара после 11 класса,182,C,info,top,c02_kuda_postupat_posle_11,main,Создать новый контент-хаб,P2,/kuda-postupat-posle-11-klassa/,После 11 → вузы/направления (данные есть)
куда после 9 поступать с историей,182,C,info,top,c11_s_istoriej,main,Создана посадочная,P3,/kuda-postupat-s-istoriej/,Перечень Минобрнауки → направления (готово)
куда поступать с химией и обществознанием,182,C,info,top,c14_s_himiej,main,Создана посадочная,P3,/kuda-postupat-s-himiej/,Перечень Минобрнауки → направления (готово)
тест на выбор профессии после 11,182,D,info,top,d05_test_na_professiyu,main,Расширить (раздел хаба),P1,/testy-na-proforientaciyu/,«Тест на профессию» → хаб → /test/
университет на кого пойти учиться,181,B,info,top,b04_na_kogo_pojti_uchitsya,main,Создать новый контент-хаб,P1,/kak-vybrat-professiyu/,ВЧ-инфо → хаб выбора + каталоги + /test/
работы на кого пойти учиться,181,B,info,top,b04_na_kogo_pojti_uchitsya,main,Создать новый контент-хаб,P1,/kak-vybrat-professiyu/,ВЧ-инфо → хаб выбора + каталоги + /test/
тест голланда типы личности,181,D,info,top,d07_test_gollanda,main,Создать статью в хабе,P1,/testy-na-proforientaciyu/test-gollanda/,Именованная методика (RIASEC — рабочее название)
какую профессию выбрать если нравится,180,B,info,top,b01_kakuyu_professiyu_vybrat,main,Создать новый контент-хаб,P1,/kak-vybrat-professiyu/,Инфо-хаб выбора профессии → /test/
куда поступить с математикой физикой химией,180,C,info,top,c14_s_himiej,main,Создана посадочная,P3,/kuda-postupat-s-himiej/,Перечень Минобрнауки → направления (готово)
тест на выбор профессии без регистрации,180,D,info,top,d05_test_na_professiyu,main,Расширить (раздел хаба),P1,/testy-na-proforientaciyu/,«Тест на профессию» → хаб → /test/
юриспруденция куда поступать после 11 класса,179,C,info,top,c02_kuda_postupat_posle_11,main,Создать новый контент-хаб,P2,/kuda-postupat-posle-11-klassa/,После 11 → вузы/направления (данные есть)
как выбрать другую профессию,178,B,info,top,b02_kak_vybrat_professiyu,main,Создать новый контент-хаб,P1,/kak-vybrat-professiyu/,Инфо-хаб → /test/
тест голланда бесплатно,178,D,commercial,top,d07_test_gollanda,main,Создать статью в хабе,P1,/testy-na-proforientaciyu/test-gollanda/,Именованная методика (RIASEC — рабочее название)
кем можно стать с бывшими,177,B,info,top,b03_kem_mozhno_stat,main,Расширить существующую,P0,/professiya/,«Кем можно стать» = список профессий → каталог
не знаю кем стать в жизни,177,B,info,top,b07_ne_znayu_kem_stat,main,Создать новый контент-хаб,P1,/kak-vybrat-professiyu/,Боль «не знаю кем стать» → /test/
медицинские профессии после 11 класса,177,C,info,top,c04_professii_posle_11,main,Расширить существующую,P2,/professiya/ + хаб-11,Профессии после 11 → каталог/направления
питер куда поступить с информатикой,177,C,info,top,c13_s_informatikoj,aggregator,Создана посадочная,P3,/kuda-postupat-s-informatikoj/,Перечень Минобрнауки → направления (готово)
тест на профориентацию холланда бесплатно онлайн,177,D,commercial,top,d01_test_na_proforientaciyu,main,Создать новый контент-хаб,P1,/testy-na-proforientaciyu/,Хаб о тестах → /test/ (SERP: формат-статья достижим)
тест на профессию для подростков бесплатно,177,D,commercial,top,d05_test_na_professiyu,main,Расширить (раздел хаба),P1,/testy-na-proforientaciyu/,«Тест на профессию» → хаб → /test/
тест на литромантика,177,D,info,assoc,d08_test_klimova,main,Создать статью в хабе,P1,/testy-na-proforientaciyu/test-klimova/,Именованная методика Климова
профориентация для школьников в спб,177,0,info,top,p03_prof_dlya_shkolnikov,aggregator,Расширить (раздел хаба),P1,/proforientaciya/,Срез «для школьников»
тест профориентация по профессиям 9 класс,177,D,info,top,p05_prof_9_klass,main,Расширить (раздел хаба),P1,/proforientaciya/,"Профориентация 9 класс (контент, не листинг СПО)"
куда поступить после 11 класса в калуге,175,C,info,top,c02_kuda_postupat_posle_11,aggregator,Создать новый контент-хаб,P2,/kuda-postupat-posle-11-klassa/,После 11 → вузы/направления (данные есть)
куда поступить в туле после 11 класса,175,C,info,top,c02_kuda_postupat_posle_11,aggregator,Создать новый контент-хаб,P2,/kuda-postupat-posle-11-klassa/,После 11 → вузы/направления (данные есть)
как выбрать направление в профессии,174,B,info,top,b02_kak_vybrat_professiyu,main,Создать новый контент-хаб,P1,/kak-vybrat-professiyu/,Инфо-хаб → /test/
список высокооплачиваемых профессий после 11 класса,174,C,info,top,c04_professii_posle_11,main,Расширить существующую,P2,/professiya/ + хаб-11,Профессии после 11 → каталог/направления
ддо тест на профориентацию,174,D,info,top,d01_test_na_proforientaciyu,main,Создать новый контент-хаб,P1,/testy-na-proforientaciyu/,Хаб о тестах → /test/ (SERP: формат-статья достижим)
ярославль куда поступить после 9 девушке,173,C,info,top,c08_kuda_postupat_devushke,aggregator,Контент/фильтр (не дубль),P2,/kuda-postupat-posle-11-klassa/#devushke,Гендер-срез после 11
кем можно стать сдавая обществознание,172,B,info,top,b03_kem_mozhno_stat,main,Расширить существующую,P0,/professiya/,«Кем можно стать» = список профессий → каталог
кем можно пойти работать юристу,171,B,info,top,b06_kem_pojti_rabotat,main,Расширить существующую,P0,/professiya/,«Кем пойти работать» = список профессий → каталог
куда поступить в кемерово после 11 класса,171,C,info,top,c02_kuda_postupat_posle_11,aggregator,Создать новый контент-хаб,P2,/kuda-postupat-posle-11-klassa/,После 11 → вузы/направления (данные есть)
куда поступить с химией в самаре,171,C,info,top,c14_s_himiej,aggregator,Создана посадочная,P3,/kuda-postupat-s-himiej/,Перечень Минобрнауки → направления (готово)
пройти тест на профессию после 9,171,D,commercial,top,d05_test_na_professiyu,main,Расширить (раздел хаба),P1,/testy-na-proforientaciyu/,«Тест на профессию» → хаб → /test/
тесты климова и холланда,171,D,info,top,d08_test_klimova,main,Создать статью в хабе,P1,/testy-na-proforientaciyu/test-klimova/,Именованная методика Климова
профориентация в центре занятости,171,0,info,top,p07_centr_proforientacii,main,Расширить (раздел хаба),P1,/proforientaciya/,«Центр профориентации» → хаб/онлайн
кем можно стать работа,170,B,info,top,b03_kem_mozhno_stat,main,Расширить существующую,P0,/professiya/,«Кем можно стать» = список профессий → каталог
профессии после 11 класса бюджет,170,C,info,top,c04_professii_posle_11,main,Расширить существующую,P2,/professiya/ + хаб-11,Профессии после 11 → каталог/направления
куда можно поступить с биологией и информатикой,170,C,info,top,c13_s_informatikoj,main,Создана посадочная,P3,/kuda-postupat-s-informatikoj/,Перечень Минобрнауки → направления (готово)
центр профориентации вектор,170,0,commercial,top,p07_centr_proforientacii,main,Расширить (раздел хаба),P1,/proforientaciya/,«Центр профориентации» → хаб/онлайн
колледж как выбрать профессию,169,C,info,top,b02_kak_vybrat_professiyu,main,Создать новый контент-хаб,P1,/kak-vybrat-professiyu/,Инфо-хаб → /test/
список на кого можно пойти учиться,169,E,info,top,b04_na_kogo_pojti_uchitsya,main,Создать новый контент-хаб,P1,/kak-vybrat-professiyu/,ВЧ-инфо → хаб выбора + каталоги + /test/
выгодные профессии после 11 класса,169,C,info,top,c04_professii_posle_11,main,Расширить существующую,P2,/professiya/ + хаб-11,Профессии после 11 → каталог/направления
профессии после 11 класса барнаул,169,C,info,top,c04_professii_posle_11,aggregator,Расширить существующую,P2,/professiya/ + хаб-11,Профессии после 11 → каталог/направления
казань куда поступить с химией и биологией,169,C,info,top,c14_s_himiej,aggregator,Создана посадочная,P3,/kuda-postupat-s-himiej/,Перечень Минобрнауки → направления (готово)
куда поступать с химией и математикой профиль,169,C,info,top,c14_s_himiej,main,Создана посадочная,P3,/kuda-postupat-s-himiej/,Перечень Минобрнауки → направления (готово)
какая профессия мне подходит для школьников,168,B,info,top,b05_kakaya_professiya_podhodit,main,Создать новый контент-хаб,P1,/kak-vybrat-professiyu/,Подбор профессии → /test/
тест какая профессия мне подходит для школьников,168,D,info,top,b05_kakaya_professiya_podhodit,main,Создать новый контент-хаб,P1,/kak-vybrat-professiyu/,Подбор профессии → /test/
куда поступить с 43 баллами по информатике,168,C,info,top,c13_s_informatikoj,main,Создана посадочная,P3,/kuda-postupat-s-informatikoj/,Перечень Минобрнауки → направления (готово)
куда поступить в твери после 11 класса,167,C,info,top,c02_kuda_postupat_posle_11,aggregator,Создать новый контент-хаб,P2,/kuda-postupat-posle-11-klassa/,После 11 → вузы/направления (данные есть)
куда поступать после 9 класса девушке кемерово,167,C,info,top,c08_kuda_postupat_devushke,aggregator,Контент/фильтр (не дубль),P2,/kuda-postupat-posle-11-klassa/#devushke,Гендер-срез после 11
куда поступить с химией в воронеже,167,C,info,top,c14_s_himiej,aggregator,Создана посадочная,P3,/kuda-postupat-s-himiej/,Перечень Минобрнауки → направления (готово)
практикум тест на профориентацию,167,D,nav,top,d01_test_na_proforientaciyu,main,Создать новый контент-хаб,P1,/testy-na-proforientaciyu/,Хаб о тестах → /test/ (SERP: формат-статья достижим)
тест климова онлайн бесплатно,167,D,commercial,top,d08_test_klimova,main,Создать статью в хабе,P1,/testy-na-proforientaciyu/test-klimova/,Именованная методика Климова
какую профессию выбрать учителю,166,B,info,top,b01_kakuyu_professiyu_vybrat,main,Создать новый контент-хаб,P1,/kak-vybrat-professiyu/,Инфо-хаб выбора профессии → /test/
какую профессию выбрать для девочки,166,B,info,top,b01_kakuyu_professiyu_vybrat,main,Создать новый контент-хаб,P1,/kak-vybrat-professiyu/,Инфо-хаб выбора профессии → /test/
куда поступать с физикой и английским,166,C,info,top,c15_s_fizikoj,main,Создана посадочная,P3,/kuda-postupat-s-fizikoj/,Перечень Минобрнауки → направления (готово)
результаты теста на профориентацию,166,D,info,top,d01_test_na_proforientaciyu,main,Создать новый контент-хаб,P1,/testy-na-proforientaciyu/,Хаб о тестах → /test/ (SERP: формат-статья достижим)
пройти тест 9 класс на профессию,166,D,commercial,top,d05_test_na_professiyu,main,Расширить (раздел хаба),P1,/testy-na-proforientaciyu/,«Тест на профессию» → хаб → /test/
какую профессию я хочу выбрать,165,B,info,top,b01_kakuyu_professiyu_vybrat,main,Создать новый контент-хаб,P1,/kak-vybrat-professiyu/,Инфо-хаб выбора профессии → /test/
на кого пойти учиться в институт,165,B,info,top,b04_na_kogo_pojti_uchitsya,main,Создать новый контент-хаб,P1,/kak-vybrat-professiyu/,ВЧ-инфо → хаб выбора + каталоги + /test/
биология обществознание профессии после 11 класса,165,C,info,top,c04_professii_posle_11,main,Расширить существующую,P2,/professiya/ + хаб-11,Профессии после 11 → каталог/направления
психологический тест по климову,165,D,info,top,d08_test_klimova,main,Создать статью в хабе,P1,/testy-na-proforientaciyu/test-klimova/,Именованная методика Климова
какое право выбирать профессию,164,B,info,top,b01_kakuyu_professiyu_vybrat,main,Создать новый контент-хаб,P1,/kak-vybrat-professiyu/,Инфо-хаб выбора профессии → /test/
топ профессий после 11 класса,164,C,info,top,c04_professii_posle_11,main,Расширить существующую,P2,/professiya/ + хаб-11,Профессии после 11 → каталог/направления
профессиональный тест на профессию,164,D,info,top,d05_test_na_professiyu,main,Расширить (раздел хаба),P1,/testy-na-proforientaciyu/,«Тест на профессию» → хаб → /test/
ддо климова онлайн,164,D,info,top,d09_ddo_klimova,main,Создать статью в хабе,P1,/testy-na-proforientaciyu/test-klimova/,ДДО Климова (та же методика)
самые востребованные и высокооплачиваемые профессии для девушек,164,E,info,top,e03_vysokooplachivaemye,main,Создать новую посадочную (рейтинг),P0,/professii-vysokooplachivaemye/,Рейтинг по зарплатам Росстата окт-2025 — данные есть
куда можно поступить с биологией и физикой,163,C,info,top,c15_s_fizikoj,main,Создана посадочная,P3,/kuda-postupat-s-fizikoj/,Перечень Минобрнауки → направления (готово)
профориентация как выбрать профессию,162,0,info,top,b02_kak_vybrat_professiyu,main,Создать новый контент-хаб,P1,/kak-vybrat-professiyu/,Инфо-хаб → /test/
тест на кого пойти учиться после 9,162,D,info,top,b04_na_kogo_pojti_uchitsya,main,Создать новый контент-хаб,P1,/kak-vybrat-professiyu/,ВЧ-инфо → хаб выбора + каталоги + /test/
кем пойти работать после 11,162,C,info,top,b06_kem_pojti_rabotat,main,Расширить существующую,P0,/professiya/,«Кем пойти работать» = список профессий → каталог
дизайнер после 11 класса куда можно поступить,162,C,info,top,c02_kuda_postupat_posle_11,main,Создать новый контент-хаб,P2,/kuda-postupat-posle-11-klassa/,После 11 → вузы/направления (данные есть)
куда поступить после 11 класса в ульяновске,161,C,info,top,c02_kuda_postupat_posle_11,aggregator,Создать новый контент-хаб,P2,/kuda-postupat-posle-11-klassa/,После 11 → вузы/направления (данные есть)
профессии после 11 класса в тюмени,161,C,info,top,c04_professii_posle_11,aggregator,Расширить существующую,P2,/professiya/ + хаб-11,Профессии после 11 → каталог/направления
тест профессионального типа голланда,161,D,info,top,d07_test_gollanda,main,Создать статью в хабе,P1,/testy-na-proforientaciyu/test-gollanda/,Именованная методика (RIASEC — рабочее название)
кем можно пойти работать в 15,160,B,info,top,b06_kem_pojti_rabotat,main,Расширить существующую,P0,/professiya/,«Кем пойти работать» = список профессий → каталог
тест на профориентацию методика,160,D,info,top,d01_test_na_proforientaciyu,main,Создать новый контент-хаб,P1,/testy-na-proforientaciyu/,Хаб о тестах → /test/ (SERP: формат-статья достижим)
какую профессию врача выбрать,159,B,info,top,b01_kakuyu_professiyu_vybrat,main,Создать новый контент-хаб,P1,/kak-vybrat-professiyu/,Инфо-хаб выбора профессии → /test/
на кого лучше пойти учиться парню,159,B,info,top,b04_na_kogo_pojti_uchitsya,main,Создать новый контент-хаб,P1,/kak-vybrat-professiyu/,ВЧ-инфо → хаб выбора + каталоги + /test/
куда можно поступить с физикой казань,159,C,info,top,c15_s_fizikoj,aggregator,Создана посадочная,P3,/kuda-postupat-s-fizikoj/,Перечень Минобрнауки → направления (готово)
пройти тест на профессию онлайн бесплатно,159,D,commercial,top,d05_test_na_professiyu,main,Расширить (раздел хаба),P1,/testy-na-proforientaciyu/,«Тест на профессию» → хаб → /test/
тест дж голланда,159,D,info,top,d07_test_gollanda,main,Создать статью в хабе,P1,/testy-na-proforientaciyu/test-gollanda/,Именованная методика (RIASEC — рабочее название)
екб куда поступить после 11 класса,158,C,info,top,c02_kuda_postupat_posle_11,main,Создать новый контент-хаб,P2,/kuda-postupat-posle-11-klassa/,После 11 → вузы/направления (данные есть)
куда можно поступить мальчику после 11 класса,158,C,info,top,c02_kuda_postupat_posle_11,main,Создать новый контент-хаб,P2,/kuda-postupat-posle-11-klassa/,После 11 → вузы/направления (данные есть)
кем пойти работать с хорошей зарплатой,157,B,info,top,b06_kem_pojti_rabotat,main,Расширить существующую,P0,/professiya/,«Кем пойти работать» = список профессий → каталог
тест на профориентацию яндекс практикум,157,D,nav,top,d01_test_na_proforientaciyu,main,Создать новый контент-хаб,P1,/testy-na-proforientaciyu/,Хаб о тестах → /test/ (SERP: формат-статья достижим)
тест на 1 профессию,157,D,info,top,d05_test_na_professiyu,main,Расширить (раздел хаба),P1,/testy-na-proforientaciyu/,«Тест на профессию» → хаб → /test/
какую профессию выбрать подростку,156,B,info,top,b01_kakuyu_professiyu_vybrat,main,Создать новый контент-хаб,P1,/kak-vybrat-professiyu/,Инфо-хаб выбора профессии → /test/
в каком возрасте выбирать профессию,156,B,info,top,b01_kakuyu_professiyu_vybrat,main,Создать новый контент-хаб,P1,/kak-vybrat-professiyu/,Инфо-хаб выбора профессии → /test/
как выбрать профессию ответить на вопросы,156,B,info,top,b02_kak_vybrat_professiyu,main,Создать новый контент-хаб,P1,/kak-vybrat-professiyu/,Инфо-хаб → /test/
ранняя профориентация для детей,155,0,info,top,a04_prof_dlya_rebenka,main,Расширить (раздел хаба),P1,/roditelyam/,Профессии для ребёнка (контент)
какую медицинскую профессию выбрать,155,B,info,top,b01_kakuyu_professiyu_vybrat,main,Создать новый контент-хаб,P1,/kak-vybrat-professiyu/,Инфо-хаб выбора профессии → /test/
не знаю на кого пойти учиться,155,B,info,top,b04_na_kogo_pojti_uchitsya,main,Создать новый контент-хаб,P1,/kak-vybrat-professiyu/,ВЧ-инфо → хаб выбора + каталоги + /test/
куда поступать гуманитарию после 11 класса,155,C,info,top,c02_kuda_postupat_posle_11,main,Создать новый контент-хаб,P2,/kuda-postupat-posle-11-klassa/,После 11 → вузы/направления (данные есть)
тест на профессию для школьников бесплатно,155,D,commercial,top,d05_test_na_professiyu,main,Расширить (раздел хаба),P1,/testy-na-proforientaciyu/,«Тест на профессию» → хаб → /test/
большой тест на профессию,155,D,info,top,d05_test_na_professiyu,main,Расширить (раздел хаба),P1,/testy-na-proforientaciyu/,«Тест на профессию» → хаб → /test/
история какую профессию выбрать,154,B,info,top,b01_kakuyu_professiyu_vybrat,main,Создать новый контент-хаб,P1,/kak-vybrat-professiyu/,Инфо-хаб выбора профессии → /test/
на кого пойти учиться с обществознанием,154,B,info,top,b04_na_kogo_pojti_uchitsya,main,Создать новый контент-хаб,P1,/kak-vybrat-professiyu/,ВЧ-инфо → хаб выбора + каталоги + /test/
куда можно поступить девочке после 11 класса,154,C,info,top,c02_kuda_postupat_posle_11,main,Создать новый контент-хаб,P2,/kuda-postupat-posle-11-klassa/,После 11 → вузы/направления (данные есть)
тестометрика тест на профориентацию,154,D,nav,top,d01_test_na_proforientaciyu,main,Создать новый контент-хаб,P1,/testy-na-proforientaciyu/,Хаб о тестах → /test/ (SERP: формат-статья достижим)
самые высокооплачиваемые медицинские профессии,154,E,info,top,e03_vysokooplachivaemye,main,Создать новую посадочную (рейтинг),P0,/professii-vysokooplachivaemye/,Рейтинг по зарплатам Росстата окт-2025 — данные есть
кем пойти работать в 2026,153,B,info,top,b06_kem_pojti_rabotat,main,Расширить существующую,P0,/professiya/,«Кем пойти работать» = список профессий → каталог
ребенок не знает кем стать,153,A,info,top,b07_ne_znayu_kem_stat,main,Создать новый контент-хаб,P1,/kak-vybrat-professiyu/,Боль «не знаю кем стать» → /test/
профессии после 11 класса москва,153,C,info,top,c04_professii_posle_11,aggregator,Расширить существующую,P2,/professiya/ + хаб-11,Профессии после 11 → каталог/направления
куда можно поступить с английским и географией,153,C,info,top,c16_s_geografiej,main,Создана посадочная,P3,/kuda-postupat-s-geografiej/,Перечень Минобрнауки → направления (готово)
куда поступить с химией географией,152,C,info,top,c14_s_himiej,main,Создана посадочная,P3,/kuda-postupat-s-himiej/,Перечень Минобрнауки → направления (готово)
кем можно стать по профессии,151,B,info,top,b03_kem_mozhno_stat,main,Расширить существующую,P0,/professiya/,«Кем можно стать» = список профессий → каталог
кем можно стать сдавая математику,151,B,info,top,b03_kem_mozhno_stat,main,Расширить существующую,P0,/professiya/,«Кем можно стать» = список профессий → каталог
куда поступить после 11 класса физмат,151,C,info,top,c02_kuda_postupat_posle_11,main,Создать новый контент-хаб,P2,/kuda-postupat-posle-11-klassa/,После 11 → вузы/направления (данные есть)
куда поступить после 11 класса в саранске,151,C,info,top,c02_kuda_postupat_posle_11,main,Создать новый контент-хаб,P2,/kuda-postupat-posle-11-klassa/,После 11 → вузы/направления (данные есть)
куда поступать с биологией и историей,151,C,info,top,c11_s_istoriej,main,Создана посадочная,P3,/kuda-postupat-s-istoriej/,Перечень Минобрнауки → направления (готово)
тест на подходящую профессию онлайн,151,D,commercial,top,d05_test_na_professiyu,main,Расширить (раздел хаба),P1,/testy-na-proforientaciyu/,«Тест на профессию» → хаб → /test/
центр профориентации москва,151,0,commercial,top,p07_centr_proforientacii,aggregator,Расширить (раздел хаба),P1,/proforientaciya/,«Центр профориентации» → хаб/онлайн
кем пойти работать на пенсии,150,B,info,top,b06_kem_pojti_rabotat,main,Расширить существующую,P0,/professiya/,«Кем пойти работать» = список профессий → каталог
куда поступить после 11 класса в калининграде,150,C,info,top,c02_kuda_postupat_posle_11,aggregator,Создать новый контент-хаб,P2,/kuda-postupat-posle-11-klassa/,После 11 → вузы/направления (данные есть)
куда поступать на геодезиста после 11 класса,150,C,info,top,c02_kuda_postupat_posle_11,main,Создать новый контент-хаб,P2,/kuda-postupat-posle-11-klassa/,После 11 → вузы/направления (данные есть)
профессии с базовой математикой после 11 класса,150,C,info,top,c04_professii_posle_11,main,Расширить существующую,P2,/professiya/ + хаб-11,Профессии после 11 → каталог/направления
куда можно поступить в воронеже девушке,150,C,info,top,c08_kuda_postupat_devushke,aggregator,Контент/фильтр (не дубль),P2,/kuda-postupat-posle-11-klassa/#devushke,Гендер-срез после 11
тест д д климова,150,D,info,top,d08_test_klimova,main,Создать статью в хабе,P1,/testy-na-proforientaciyu/test-klimova/,Именованная методика Климова
кем можно стать сдавая общество,149,B,info,top,b03_kem_mozhno_stat,main,Расширить существующую,P0,/professiya/,«Кем можно стать» = список профессий → каталог
профессии после 11 класса заочно,149,C,info,top,c04_professii_posle_11,main,Расширить существующую,P2,/professiya/ + хаб-11,Профессии после 11 → каталог/направления
физика какие профессии выбрать,148,B,info,top,b01_kakuyu_professiyu_vybrat,main,Создать новый контент-хаб,P1,/kak-vybrat-professiyu/,Инфо-хаб выбора профессии → /test/
как относится к выбранной профессии,148,B,info,top,b02_kak_vybrat_professiyu,main,Создать новый контент-хаб,P1,/kak-vybrat-professiyu/,Инфо-хаб → /test/
кем можно стать профессии список,148,B,info,top,b03_kem_mozhno_stat,main,Расширить существующую,P0,/professiya/,«Кем можно стать» = список профессий → каталог
кем можно пойти работать в 15 лет,148,B,info,top,b06_kem_pojti_rabotat,main,Расширить существующую,P0,/professiya/,«Кем пойти работать» = список профессий → каталог
куда надо поступать после 11 класса,148,C,info,top,c02_kuda_postupat_posle_11,main,Создать новый контент-хаб,P2,/kuda-postupat-posle-11-klassa/,После 11 → вузы/направления (данные есть)
самые высокооплачиваемые профессии на ближайшие 10,148,E,info,top,e03_vysokooplachivaemye,main,Создать новую посадочную (рейтинг),P0,/professii-vysokooplachivaemye/,Рейтинг по зарплатам Росстата окт-2025 — данные есть
самые высокооплачиваемые профессии на ближайшие 10 лет,148,E,info,top,e03_vysokooplachivaemye,main,Создать новую посадочную (рейтинг),P0,/professii-vysokooplachivaemye/,Рейтинг по зарплатам Росстата окт-2025 — данные есть
кем можно стать сдавая химию,147,B,info,top,b03_kem_mozhno_stat,main,Расширить существующую,P0,/professiya/,«Кем можно стать» = список профессий → каталог
пройти тест какая профессия мне подходит бесплатно,147,D,commercial,top,b05_kakaya_professiya_podhodit,main,Создать новый контент-хаб,P1,/kak-vybrat-professiyu/,Подбор профессии → /test/
куда поступить в кургане после 11 класса,147,C,info,top,c02_kuda_postupat_posle_11,main,Создать новый контент-хаб,P2,/kuda-postupat-posle-11-klassa/,После 11 → вузы/направления (данные есть)
какая профессия подойдет после 11 класса,147,C,info,top,c04_professii_posle_11,main,Расширить существующую,P2,/professiya/ + хаб-11,Профессии после 11 → каталог/направления
самые востребованные профессии после 11 класса,147,C,info,top,c04_professii_posle_11,main,Расширить существующую,P2,/professiya/ + хаб-11,Профессии после 11 → каталог/направления
обучение в колледже это какое образование,147,C,info,assoc,c06_specialnosti_posle_9,main,Gated — нужны данные,P3,—,Нет реестра СПО (специальности после 9)
куда поступить после 9 девушке пенза,147,C,info,top,c08_kuda_postupat_devushke,aggregator,Контент/фильтр (не дубль),P2,/kuda-postupat-posle-11-klassa/#devushke,Гендер-срез после 11
тест на профориентацию 2026 бесплатно онлайн,147,D,commercial,top,d01_test_na_proforientaciyu,main,Создать новый контент-хаб,P1,/testy-na-proforientaciyu/,Хаб о тестах → /test/ (SERP: формат-статья достижим)
специальности на кого можно пойти учиться,146,B,info,top,b04_na_kogo_pojti_uchitsya,main,Создать новый контент-хаб,P1,/kak-vybrat-professiyu/,ВЧ-инфо → хаб выбора + каталоги + /test/
кем лучше стать после 9 класса,146,C,info,top,c07_kem_stat_posle_9,main,Gated — нужны данные,P3,—,Нет данных СПО
куда поступить на следователя после 11 класса,145,C,info,top,c02_kuda_postupat_posle_11,main,Создать новый контент-хаб,P2,/kuda-postupat-posle-11-klassa/,После 11 → вузы/направления (данные есть)
куда поступать после 11 гуманитарного класса,145,C,info,top,c02_kuda_postupat_posle_11,main,Создать новый контент-хаб,P2,/kuda-postupat-posle-11-klassa/,После 11 → вузы/направления (данные есть)
куда поступить на логиста после 11 класса,145,C,info,top,c02_kuda_postupat_posle_11,main,Создать новый контент-хаб,P2,/kuda-postupat-posle-11-klassa/,После 11 → вузы/направления (данные есть)
куда лучше поступить девушке после 11,145,C,info,top,c08_kuda_postupat_devushke,main,Контент/фильтр (не дубль),P2,/kuda-postupat-posle-11-klassa/#devushke,Гендер-срез после 11
единая модель профориентации 2025 2026,145,0,info,top,p08_proforientaciya_2026,main,Расширить (раздел хаба),P1,/proforientaciya/,Year-stamp → хаб
тестирование какую профессию выбрать,144,D,info,top,b01_kakuyu_professiyu_vybrat,main,Создать новый контент-хаб,P1,/kak-vybrat-professiyu/,Инфо-хаб выбора профессии → /test/
кем можно пойти работать без опыта,144,B,info,top,b06_kem_pojti_rabotat,main,Расширить существующую,P0,/professiya/,«Кем пойти работать» = список профессий → каталог
военная профессия после 11 класса,144,C,info,top,c04_professii_posle_11,main,Расширить существующую,P2,/professiya/ + хаб-11,Профессии после 11 → каталог/направления
самая лучшая высокооплачиваемая профессия,144,E,info,top,e03_vysokooplachivaemye,main,Создать новую посадочную (рейтинг),P0,/professii-vysokooplachivaemye/,Рейтинг по зарплатам Росстата окт-2025 — данные есть
какую профессию выбрать высшее образование,143,B,info,top,b01_kakuyu_professiyu_vybrat,main,Создать новый контент-хаб,P1,/kak-vybrat-professiyu/,Инфо-хаб выбора профессии → /test/
тест холланда riasec,143,D,info,assoc,d07_test_gollanda,main,Создать статью в хабе,P1,/testy-na-proforientaciyu/test-gollanda/,Именованная методика (RIASEC — рабочее название)
как выбрать профессию после 9 тест,142,D,info,top,b02_kak_vybrat_professiyu,main,Создать новый контент-хаб,P1,/kak-vybrat-professiyu/,Инфо-хаб → /test/
на кого пойти учиться с биологией,142,B,info,top,b04_na_kogo_pojti_uchitsya,main,Создать новый контент-хаб,P1,/kak-vybrat-professiyu/,ВЧ-инфо → хаб выбора + каталоги + /test/
куда поступить после 11 класса в орле,142,C,info,top,c02_kuda_postupat_posle_11,main,Создать новый контент-хаб,P2,/kuda-postupat-posle-11-klassa/,После 11 → вузы/направления (данные есть)
тесто для сосиков в тесте,142,D,info,assoc,d08_test_klimova,main,Создать статью в хабе,P1,/testy-na-proforientaciyu/test-klimova/,Именованная методика Климова
куда поступить на архитектора после 11 класса,141,C,info,top,c02_kuda_postupat_posle_11,main,Создать новый контент-хаб,P2,/kuda-postupat-posle-11-klassa/,После 11 → вузы/направления (данные есть)
специальности куда можно поступить с историей,141,C,info,top,c11_s_istoriej,main,Создана посадочная,P3,/kuda-postupat-s-istoriej/,Перечень Минобрнауки → направления (готово)
какая самая высокооплачиваемая профессия после 9,141,C,info,top,e03_vysokooplachivaemye,main,Создать новую посадочную (рейтинг),P0,/professii-vysokooplachivaemye/,Рейтинг по зарплатам Росстата окт-2025 — данные есть
не знаю кем стать по профессии,140,B,info,top,b07_ne_znayu_kem_stat,main,Создать новый контент-хаб,P1,/kak-vybrat-professiyu/,Боль «не знаю кем стать» → /test/
в какой сфере выбрать профессию,139,B,info,top,b01_kakuyu_professiyu_vybrat,main,Создать новый контент-хаб,P1,/kak-vybrat-professiyu/,Инфо-хаб выбора профессии → /test/
какие профессии выбирают чаще всего,139,B,info,top,b01_kakuyu_professiyu_vybrat,main,Создать новый контент-хаб,P1,/kak-vybrat-professiyu/,Инфо-хаб выбора профессии → /test/
на кого пойти учиться после школы,139,B,info,top,b04_na_kogo_pojti_uchitsya,main,Создать новый контент-хаб,P1,/kak-vybrat-professiyu/,ВЧ-инфо → хаб выбора + каталоги + /test/
куда лучше поступить после 11 класса девушке,139,C,info,top,c02_kuda_postupat_posle_11,main,Создать новый контент-хаб,P2,/kuda-postupat-posle-11-klassa/,После 11 → вузы/направления (данные есть)
куда поступать с химией и биологией спб,139,C,info,top,c14_s_himiej,aggregator,Создана посадочная,P3,/kuda-postupat-s-himiej/,Перечень Минобрнауки → направления (готово)
тест на профориентацию мгу,139,D,info,top,d01_test_na_proforientaciyu,main,Создать новый контент-хаб,P1,/testy-na-proforientaciyu/,Хаб о тестах → /test/ (SERP: формат-статья достижим)
центр профориентации сайт,139,0,commercial,top,p07_centr_proforientacii,main,Расширить (раздел хаба),P1,/proforientaciya/,«Центр профориентации» → хаб/онлайн
центр социальной адаптации профориентации,139,0,commercial,top,p07_centr_proforientacii,main,Расширить (раздел хаба),P1,/proforientaciya/,«Центр профориентации» → хаб/онлайн
кем можно стать девочке,138,B,info,top,b03_kem_mozhno_stat,main,Расширить существующую,P0,/professiya/,«Кем можно стать» = список профессий → каталог
медицинский на кого пойти учиться,138,B,info,top,b04_na_kogo_pojti_uchitsya,main,Создать новый контент-хаб,P1,/kak-vybrat-professiyu/,ВЧ-инфо → хаб выбора + каталоги + /test/
кем можно пойти работать девочке,138,B,info,top,b06_kem_pojti_rabotat,main,Расширить существующую,P0,/professiya/,«Кем пойти работать» = список профессий → каталог
престижные профессии после 11 класса,138,C,info,top,c04_professii_posle_11,main,Расширить существующую,P2,/professiya/ + хаб-11,Профессии после 11 → каталог/направления
какую творческую профессию выбрать,137,B,info,top,b01_kakuyu_professiyu_vybrat,main,Создать новый контент-хаб,P1,/kak-vybrat-professiyu/,Инфо-хаб выбора профессии → /test/
тест профессиональной личности голланда,137,D,info,top,d07_test_gollanda,main,Создать статью в хабе,P1,/testy-na-proforientaciyu/test-gollanda/,Именованная методика (RIASEC — рабочее название)
профориентация для подростков онлайн,137,0,commercial,top,p02_prof_dlya_podrostkov,main,Расширить (раздел хаба),P1,/proforientaciya/,Срез «для подростков»
центр профориентация школьников,137,0,commercial,top,p03_prof_dlya_shkolnikov,main,Расширить (раздел хаба),P1,/proforientaciya/,Срез «для школьников»
какую профессию выбрать девушке с хорошей зарплатой,136,B,info,top,b01_kakuyu_professiyu_vybrat,main,Создать новый контент-хаб,P1,/kak-vybrat-professiyu/,Инфо-хаб выбора профессии → /test/
на кого пойти учиться медсестре,136,B,info,top,b04_na_kogo_pojti_uchitsya,main,Создать новый контент-хаб,P1,/kak-vybrat-professiyu/,ВЧ-инфо → хаб выбора + каталоги + /test/
какие профессии после 11 класса список,136,C,info,top,c04_professii_posle_11,main,Расширить существующую,P2,/professiya/ + хаб-11,Профессии после 11 → каталог/направления
центр развития профориентации,136,0,commercial,top,p07_centr_proforientacii,main,Расширить (раздел хаба),P1,/proforientaciya/,«Центр профориентации» → хаб/онлайн
какую профессию выбрать и почему,135,B,info,top,b01_kakuyu_professiyu_vybrat,main,Создать новый контент-хаб,P1,/kak-vybrat-professiyu/,Инфо-хаб выбора профессии → /test/
кем можно стать сдавая географию,135,B,info,top,b03_kem_mozhno_stat,main,Расширить существующую,P0,/professiya/,«Кем можно стать» = список профессий → каталог
техникум на кого можно пойти учиться,135,C,info,top,b04_na_kogo_pojti_uchitsya,main,Создать новый контент-хаб,P1,/kak-vybrat-professiyu/,ВЧ-инфо → хаб выбора + каталоги + /test/
кем пойти работать после 9 класса девушке,135,C,info,top,b06_kem_pojti_rabotat,main,Расширить существующую,P0,/professiya/,«Кем пойти работать» = список профессий → каталог
профессии после 11 класса красноярск,135,C,info,top,c04_professii_posle_11,aggregator,Расширить существующую,P2,/professiya/ + хаб-11,Профессии после 11 → каталог/направления
направления профессий после 11 класса,135,C,info,top,c04_professii_posle_11,main,Расширить существующую,P2,/professiya/ + хаб-11,Профессии после 11 → каталог/направления
куда поступать после 9 класса девушки вологда,135,C,info,top,c08_kuda_postupat_devushke,aggregator,Контент/фильтр (не дубль),P2,/kuda-postupat-posle-11-klassa/#devushke,Гендер-срез после 11
тест климова пройти бесплатно,135,D,commercial,top,d08_test_klimova,main,Создать статью в хабе,P1,/testy-na-proforientaciyu/test-klimova/,Именованная методика Климова
кем пойти работать после 11 класса,134,C,info,top,b06_kem_pojti_rabotat,main,Расширить существующую,P0,/professiya/,«Кем пойти работать» = список профессий → каталог
астрахань куда поступить девушке после 9 класса,134,C,info,top,c08_kuda_postupat_devushke,aggregator,Контент/фильтр (не дубль),P2,/kuda-postupat-posle-11-klassa/#devushke,Гендер-срез после 11
точный тест на профориентацию,134,D,info,top,d01_test_na_proforientaciyu,main,Создать новый контент-хаб,P1,/testy-na-proforientaciyu/,Хаб о тестах → /test/ (SERP: формат-статья достижим)
тест на профориентацию холланда пройти,134,D,commercial,top,d01_test_na_proforientaciyu,main,Создать новый контент-хаб,P1,/testy-na-proforientaciyu/,Хаб о тестах → /test/ (SERP: формат-статья достижим)
как выбрать профессию по душе тест бесплатно,133,D,commercial,top,b02_kak_vybrat_professiyu,main,Создать новый контент-хаб,P1,/kak-vybrat-professiyu/,Инфо-хаб → /test/
как выбрать профессию тест 9 класс,133,D,info,top,b02_kak_vybrat_professiyu,main,Создать новый контент-хаб,P1,/kak-vybrat-professiyu/,Инфо-хаб → /test/
на кого пойти учиться в 40,133,B,info,top,b04_na_kogo_pojti_uchitsya,main,Создать новый контент-хаб,P1,/kak-vybrat-professiyu/,ВЧ-инфо → хаб выбора + каталоги + /test/
на кого пойти учиться после девятого класса,133,C,info,top,b04_na_kogo_pojti_uchitsya,main,Создать новый контент-хаб,P1,/kak-vybrat-professiyu/,ВЧ-инфо → хаб выбора + каталоги + /test/
профессия дизайнер после 11 класса,133,C,info,top,c04_professii_posle_11,main,Расширить существующую,P2,/professiya/ + хаб-11,Профессии после 11 → каталог/направления
перспективные профессии после 11 класса,133,C,info,top,c04_professii_posle_11,main,Расширить существующую,P2,/professiya/ + хаб-11,Профессии после 11 → каталог/направления
куда поступать после 9 класса девушке волгоград,133,C,info,top,c08_kuda_postupat_devushke,aggregator,Контент/фильтр (не дубль),P2,/kuda-postupat-posle-11-klassa/#devushke,Гендер-срез после 11
екатеринбург куда поступить с химией и биологией,133,C,info,top,c14_s_himiej,aggregator,Создана посадочная,P3,/kuda-postupat-s-himiej/,Перечень Минобрнауки → направления (готово)
на кого пойти учиться в техникум,132,C,info,top,b04_na_kogo_pojti_uchitsya,main,Создать новый контент-хаб,P1,/kak-vybrat-professiyu/,ВЧ-инфо → хаб выбора + каталоги + /test/
профессии связанные с биологией после 11 класса,132,C,info,top,c04_professii_posle_11,main,Расширить существующую,P2,/professiya/ + хаб-11,Профессии после 11 → каталог/направления
где учиться после 11 класса профессии,132,C,info,top,c04_professii_posle_11,main,Расширить существующую,P2,/professiya/ + хаб-11,Профессии после 11 → каталог/направления
тест на профориентацию ддо климова,132,D,info,top,d01_test_na_proforientaciyu,main,Создать новый контент-хаб,P1,/testy-na-proforientaciyu/,Хаб о тестах → /test/ (SERP: формат-статья достижим)
тест голланда riasec,132,D,info,top,d07_test_gollanda,main,Создать статью в хабе,P1,/testy-na-proforientaciyu/test-gollanda/,Именованная методика (RIASEC — рабочее название)
какие самые высокооплачиваемые профессии после 9 класса,132,C,info,top,e03_vysokooplachivaemye,main,Создать новую посадочную (рейтинг),P0,/professii-vysokooplachivaemye/,Рейтинг по зарплатам Росстата окт-2025 — данные есть
самые высокооплачиваемые профессии сейчас,132,E,info,top,e03_vysokooplachivaemye,main,Создать новую посадочную (рейтинг),P0,/professii-vysokooplachivaemye/,Рейтинг по зарплатам Росстата окт-2025 — данные есть
профориентация поступи онлайн,132,0,nav,top,p04_prof_online,main,Расширить (раздел хаба),P1,/proforientaciya/,«Онлайн» → /test/
кем можно стать сдавая историю,131,B,info,top,b03_kem_mozhno_stat,main,Расширить существующую,P0,/professiya/,«Кем можно стать» = список профессий → каталог
юриспруденция на кого можно пойти работать,131,B,info,top,b06_kem_pojti_rabotat,main,Расширить существующую,P0,/professiya/,«Кем пойти работать» = список профессий → каталог
университеты куда можно поступить с географией,131,C,info,top,c16_s_geografiej,main,Создана посадочная,P3,/kuda-postupat-s-geografiej/,Перечень Минобрнауки → направления (готово)
7 тестов на профориентацию,131,D,info,top,d01_test_na_proforientaciyu,main,Создать новый контент-хаб,P1,/testy-na-proforientaciyu/,Хаб о тестах → /test/ (SERP: формат-статья достижим)
какие профессии надо выбрать,130,B,info,top,b01_kakuyu_professiyu_vybrat,main,Создать новый контент-хаб,P1,/kak-vybrat-professiyu/,Инфо-хаб выбора профессии → /test/
кем можно пойти работать в полицию,130,B,info,top,b06_kem_pojti_rabotat,main,Расширить существующую,P0,/professiya/,«Кем пойти работать» = список профессий → каталог
куда поступить после 11 класса в петрозаводске,130,C,info,top,c02_kuda_postupat_posle_11,main,Создать новый контент-хаб,P2,/kuda-postupat-posle-11-klassa/,После 11 → вузы/направления (данные есть)
профессии куда поступать с физикой,130,C,info,top,c15_s_fizikoj,main,Создана посадочная,P3,/kuda-postupat-s-fizikoj/,Перечень Минобрнауки → направления (готово)
тест голланда онлайн бесплатно,130,D,commercial,top,d07_test_gollanda,main,Создать статью в хабе,P1,/testy-na-proforientaciyu/test-gollanda/,Именованная методика (RIASEC — рабочее название)
тестирование на профориентацию для школьников,130,D,info,top,p03_prof_dlya_shkolnikov,main,Расширить (раздел хаба),P1,/proforientaciya/,Срез «для школьников»
где пройти профориентацию школьнику,130,0,commercial,top,p03_prof_dlya_shkolnikov,main,Расширить (раздел хаба),P1,/proforientaciya/,Срез «для школьников»
какую новую профессию выбрать,129,B,info,top,b01_kakuyu_professiyu_vybrat,main,Создать новый контент-хаб,P1,/kak-vybrat-professiyu/,Инфо-хаб выбора профессии → /test/
куда поступить девушке вуз,129,C,info,top,c08_kuda_postupat_devushke,main,Контент/фильтр (не дубль),P2,/kuda-postupat-posle-11-klassa/#devushke,Гендер-срез после 11
тест голланда пройти бесплатно,129,D,commercial,top,d07_test_gollanda,main,Создать статью в хабе,P1,/testy-na-proforientaciyu/test-gollanda/,Именованная методика (RIASEC — рабочее название)
10 самых высокооплачиваемых востребованных профессий,129,E,info,top,e03_vysokooplachivaemye,main,Создать новую посадочную (рейтинг),P0,/professii-vysokooplachivaemye/,Рейтинг по зарплатам Росстата окт-2025 — данные есть
кем можно пойти работать летом,128,B,info,top,b06_kem_pojti_rabotat,main,Расширить существующую,P0,/professiya/,«Кем пойти работать» = список профессий → каталог
куда поступить после 11 класса астрахань,128,C,info,top,c02_kuda_postupat_posle_11,aggregator,Создать новый контент-хаб,P2,/kuda-postupat-posle-11-klassa/,После 11 → вузы/направления (данные есть)
как понять куда поступать после 11 класса,128,C,info,top,c02_kuda_postupat_posle_11,main,Создать новый контент-хаб,P2,/kuda-postupat-posle-11-klassa/,После 11 → вузы/направления (данные есть)
куда поступить с профилем и историей,128,C,info,top,c11_s_istoriej,main,Создана посадочная,P3,/kuda-postupat-s-istoriej/,Перечень Минобрнауки → направления (готово)
куда лучше поступить с физикой,128,C,info,top,c15_s_fizikoj,main,Создана посадочная,P3,/kuda-postupat-s-fizikoj/,Перечень Минобрнауки → направления (готово)
куда поступать с обществом и физикой,128,C,info,top,c15_s_fizikoj,main,Создана посадочная,P3,/kuda-postupat-s-fizikoj/,Перечень Минобрнауки → направления (готово)
тест на профориентацию skillbox,128,D,nav,top,d01_test_na_proforientaciyu,main,Создать новый контент-хаб,P1,/testy-na-proforientaciyu/,Хаб о тестах → /test/ (SERP: формат-статья достижим)
кем можно стать сдавая английский,127,B,info,top,b03_kem_mozhno_stat,main,Расширить существующую,P0,/professiya/,«Кем можно стать» = список профессий → каталог
на кого можно пойти учиться заочно,127,B,info,top,b04_na_kogo_pojti_uchitsya,main,Создать новый контент-хаб,P1,/kak-vybrat-professiyu/,ВЧ-инфо → хаб выбора + каталоги + /test/
куда можно поступить с географией огэ,127,C,info,top,c16_s_geografiej,main,Создана посадочная,P3,/kuda-postupat-s-geografiej/,Перечень Минобрнауки → направления (готово)
куда поступить с географией в новосибирске,127,C,info,top,c16_s_geografiej,aggregator,Создана посадочная,P3,/kuda-postupat-s-geografiej/,Перечень Минобрнауки → направления (готово)
uat тестирование это,127,D,info,assoc,d01_test_na_proforientaciyu,main,Создать новый контент-хаб,P1,/testy-na-proforientaciyu/,Хаб о тестах → /test/ (SERP: формат-статья достижим)
профориентация для школьников 7,127,0,info,top,p03_prof_dlya_shkolnikov,main,Расширить (раздел хаба),P1,/proforientaciya/,Срез «для школьников»
кем можно стать сдавая физику,126,B,info,top,b03_kem_mozhno_stat,main,Расширить существующую,P0,/professiya/,«Кем можно стать» = список профессий → каталог
на кого пойти учиться по егэ,126,B,info,top,b04_na_kogo_pojti_uchitsya,main,Создать новый контент-хаб,P1,/kak-vybrat-professiyu/,ВЧ-инфо → хаб выбора + каталоги + /test/
куда поступить после 9 девушке москве,126,C,info,top,c08_kuda_postupat_devushke,aggregator,Контент/фильтр (не дубль),P2,/kuda-postupat-posle-11-klassa/#devushke,Гендер-срез после 11
университеты куда можно поступить с физикой,126,C,info,top,c15_s_fizikoj,main,Создана посадочная,P3,/kuda-postupat-s-fizikoj/,Перечень Минобрнауки → направления (готово)
тест на профориентацию бесплатно 8 класс,126,D,commercial,top,d01_test_na_proforientaciyu,main,Создать новый контент-хаб,P1,/testy-na-proforientaciyu/,Хаб о тестах → /test/ (SERP: формат-статья достижим)
тест на профориентацию бесплатно климова,126,D,commercial,top,d01_test_na_proforientaciyu,main,Создать новый контент-хаб,P1,/testy-na-proforientaciyu/,Хаб о тестах → /test/ (SERP: формат-статья достижим)
тест холланда профориентация пройти онлайн,126,D,commercial,top,d01_test_na_proforientaciyu,main,Создать новый контент-хаб,P1,/testy-na-proforientaciyu/,Хаб о тестах → /test/ (SERP: формат-статья достижим)
какую профессию выбрать помогите,125,B,info,top,b01_kakuyu_professiyu_vybrat,main,Создать новый контент-хаб,P1,/kak-vybrat-professiyu/,Инфо-хаб выбора профессии → /test/
кем можно стать юристу,125,B,info,top,b03_kem_mozhno_stat,main,Расширить существующую,P0,/professiya/,«Кем можно стать» = список профессий → каталог
куда можно поступить с профматом и физикой,125,C,info,top,c15_s_fizikoj,main,Создана посадочная,P3,/kuda-postupat-s-fizikoj/,Перечень Минобрнауки → направления (готово)
правоохранительная деятельность кем можно стать,124,B,info,top,b03_kem_mozhno_stat,main,Расширить существующую,P0,/professiya/,«Кем можно стать» = список профессий → каталог
тест на профориентацию 7 класс,124,D,info,top,d01_test_na_proforientaciyu,main,Создать новый контент-хаб,P1,/testy-na-proforientaciyu/,Хаб о тестах → /test/ (SERP: формат-статья достижим)
профориентации тест онлайн 11 класс,124,D,commercial,top,d01_test_na_proforientaciyu,main,Создать новый контент-хаб,P1,/testy-na-proforientaciyu/,Хаб о тестах → /test/ (SERP: формат-статья достижим)
тест голланда определение типа личности,124,D,info,top,d07_test_gollanda,main,Создать статью в хабе,P1,/testy-na-proforientaciyu/test-gollanda/,Именованная методика (RIASEC — рабочее название)
пройти тест голланда онлайн бесплатно,124,D,commercial,top,d07_test_gollanda,main,Создать статью в хабе,P1,/testy-na-proforientaciyu/test-gollanda/,Именованная методика (RIASEC — рабочее название)
профессиональный тип личности тест голланда,124,D,info,top,d07_test_gollanda,main,Создать статью в хабе,P1,/testy-na-proforientaciyu/test-gollanda/,Именованная методика (RIASEC — рабочее название)
тест климова пройти онлайн бесплатно,124,D,commercial,top,d08_test_klimova,main,Создать статью в хабе,P1,/testy-na-proforientaciyu/test-klimova/,Именованная методика Климова
самые высокооплачиваемые профессии колледжа,124,C,info,top,e03_vysokooplachivaemye,main,Создать новую посадочную (рейтинг),P0,/professii-vysokooplachivaemye/,Рейтинг по зарплатам Росстата окт-2025 — данные есть
центр профориентации официальный сайт,124,0,commercial,top,p07_centr_proforientacii,main,Расширить (раздел хаба),P1,/proforientaciya/,«Центр профориентации» → хаб/онлайн
какую профессию выбрать сейчас,123,B,info,top,b01_kakuyu_professiyu_vybrat,main,Создать новый контент-хаб,P1,/kak-vybrat-professiyu/,Инфо-хаб выбора профессии → /test/
на кого пойти учиться сдавая обществознание,123,B,info,top,b04_na_kogo_pojti_uchitsya,main,Создать новый контент-хаб,P1,/kak-vybrat-professiyu/,ВЧ-инфо → хаб выбора + каталоги + /test/
куда можно поступить с информатикой казань,123,C,info,top,c13_s_informatikoj,aggregator,Создана посадочная,P3,/kuda-postupat-s-informatikoj/,Перечень Минобрнауки → направления (готово)
куда можно поступить с обществознанием и физикой,123,C,info,top,c15_s_fizikoj,main,Создана посадочная,P3,/kuda-postupat-s-fizikoj/,Перечень Минобрнауки → направления (готово)
билет в будущее тест на профориентацию,123,D,nav,top,d01_test_na_proforientaciyu,main,Создать новый контент-хаб,P1,/testy-na-proforientaciyu/,Хаб о тестах → /test/ (SERP: формат-статья достижим)
тест голланда на определение,123,D,info,top,d07_test_gollanda,main,Создать статью в хабе,P1,/testy-na-proforientaciyu/test-gollanda/,Именованная методика (RIASEC — рабочее название)
методика ддо е а климова,123,D,info,top,d09_ddo_klimova,main,Создать статью в хабе,P1,/testy-na-proforientaciyu/test-klimova/,ДДО Климова (та же методика)
куда поступить после 11 класса в курске,122,C,info,top,c02_kuda_postupat_posle_11,aggregator,Создать новый контент-хаб,P2,/kuda-postupat-posle-11-klassa/,После 11 → вузы/направления (данные есть)
куда можно поступить с профматом и информатикой,122,C,info,top,c13_s_informatikoj,main,Создана посадочная,P3,/kuda-postupat-s-informatikoj/,Перечень Минобрнауки → направления (готово)
где можно пройти профориентацию,122,0,commercial,top,p06_projti_proforientaciyu,main,Использовать существующую,P1,/test/,Транзакционный «пройти» → квиз
центр профориентации мгу,122,0,commercial,top,p07_centr_proforientacii,main,Расширить (раздел хаба),P1,/proforientaciya/,«Центр профориентации» → хаб/онлайн
самые востребованные и высокооплачиваемые профессии в 2026,121,E,info,top,e03_vysokooplachivaemye,main,Создать новую посадочную (рейтинг),P0,/professii-vysokooplachivaemye/,Рейтинг по зарплатам Росстата окт-2025 — данные есть
профориентация для школьников 11 класса,121,0,info,top,p03_prof_dlya_shkolnikov,main,Расширить (раздел хаба),P1,/proforientaciya/,Срез «для школьников»
пройти профориентацию в москве,121,0,commercial,top,p06_projti_proforientaciyu,aggregator,Использовать существующую,P1,/test/,Транзакционный «пройти» → квиз
кем можно стать после юридического,120,B,info,top,b03_kem_mozhno_stat,main,Расширить существующую,P0,/professiya/,«Кем можно стать» = список профессий → каталог
мчс девушки куда поступать,120,C,info,top,c08_kuda_postupat_devushke,main,Контент/фильтр (не дубль),P2,/kuda-postupat-posle-11-klassa/#devushke,Гендер-срез после 11
тест на профориентацию бесплатно с результатом,120,D,commercial,top,d01_test_na_proforientaciyu,main,Создать новый контент-хаб,P1,/testy-na-proforientaciyu/,Хаб о тестах → /test/ (SERP: формат-статья достижим)
профориентация для школьников в москве,120,0,info,top,p03_prof_dlya_shkolnikov,aggregator,Расширить (раздел хаба),P1,/proforientaciya/,Срез «для школьников»
профориентация климов онлайн бесплатно,120,D,commercial,top,p04_prof_online,main,Расширить (раздел хаба),P1,/proforientaciya/,«Онлайн» → /test/
какая профессия мне подходит после 11,119,C,info,top,b05_kakaya_professiya_podhodit,main,Создать новый контент-хаб,P1,/kak-vybrat-professiyu/,Подбор профессии → /test/
тест на профориентацию человек человек,119,D,info,top,d01_test_na_proforientaciyu,main,Создать новый контент-хаб,P1,/testy-na-proforientaciyu/,Хаб о тестах → /test/ (SERP: формат-статья достижим)
куда поступить с информатикой красноярск,118,C,info,top,c13_s_informatikoj,aggregator,Создана посадочная,P3,/kuda-postupat-s-informatikoj/,Перечень Минобрнауки → направления (готово)
тест голланда на определение профессионального,118,D,info,top,d07_test_gollanda,main,Создать статью в хабе,P1,/testy-na-proforientaciyu/test-gollanda/,Именованная методика (RIASEC — рабочее название)
тест голанда,118,D,info,assoc,d07_test_gollanda,main,Создать статью в хабе,P1,/testy-na-proforientaciyu/test-gollanda/,Именованная методика (RIASEC — рабочее название)
самые высокооплачиваемые рабочие профессии в россии,118,E,info,top,e03_vysokooplachivaemye,main,Создать новую посадочную (рейтинг),P0,/professii-vysokooplachivaemye/,Рейтинг по зарплатам Росстата окт-2025 — данные есть
какие профессии можно выбрать после 11,117,C,info,top,b01_kakuyu_professiyu_vybrat,main,Создать новый контент-хаб,P1,/kak-vybrat-professiyu/,Инфо-хаб выбора профессии → /test/
как выбрать профессию мальчику,117,B,info,top,b02_kak_vybrat_professiyu,main,Создать новый контент-хаб,P1,/kak-vybrat-professiyu/,Инфо-хаб → /test/
куда поступить с географией в воронеже,117,C,info,top,c16_s_geografiej,aggregator,Создана посадочная,P3,/kuda-postupat-s-geografiej/,Перечень Минобрнауки → направления (готово)
психологический тест на профориентацию,117,D,info,top,d01_test_na_proforientaciyu,main,Создать новый контент-хаб,P1,/testy-na-proforientaciyu/,Хаб о тестах → /test/ (SERP: формат-статья достижим)
профориентационный тест климова,117,D,info,top,d08_test_klimova,main,Создать статью в хабе,P1,/testy-na-proforientaciyu/test-klimova/,Именованная методика Климова
топ самых высокооплачиваемых профессий в россии 2026,117,E,info,top,e03_vysokooplachivaemye,main,Создать новую посадочную (рейтинг),P0,/professii-vysokooplachivaemye/,Рейтинг по зарплатам Росстата окт-2025 — данные есть
центр адаптации и профориентации,117,0,commercial,top,p07_centr_proforientacii,main,Расширить (раздел хаба),P1,/proforientaciya/,«Центр профориентации» → хаб/онлайн
как понять на кого пойти учиться,116,B,info,top,b04_na_kogo_pojti_uchitsya,main,Создать новый контент-хаб,P1,/kak-vybrat-professiyu/,ВЧ-инфо → хаб выбора + каталоги + /test/
пройти профориентацию подростку,116,0,commercial,top,p02_prof_dlya_podrostkov,main,Расширить (раздел хаба),P1,/proforientaciya/,Срез «для подростков»
профориентация для школьников 7 класса,116,0,info,top,p03_prof_dlya_shkolnikov,main,Расширить (раздел хаба),P1,/proforientaciya/,Срез «для школьников»
профотбор для пилотов курсантов и поступающих,116,C,info,assoc,p08_proforientaciya_2026,main,Расширить (раздел хаба),P1,/proforientaciya/,Year-stamp → хаб
кем можно стать в готике,115,B,info,top,b03_kem_mozhno_stat,main,Расширить существующую,P0,/professiya/,«Кем можно стать» = список профессий → каталог
куда поступить после 11 класса в крыму,115,C,info,top,c02_kuda_postupat_posle_11,aggregator,Создать новый контент-хаб,P2,/kuda-postupat-posle-11-klassa/,После 11 → вузы/направления (данные есть)
куда можно поступить с физикой и географией,115,C,info,top,c16_s_geografiej,main,Создана посадочная,P3,/kuda-postupat-s-geografiej/,Перечень Минобрнауки → направления (готово)
тест для подростка на профориентацию бесплатно,115,D,commercial,top,d01_test_na_proforientaciyu,main,Создать новый контент-хаб,P1,/testy-na-proforientaciyu/,Хаб о тестах → /test/ (SERP: формат-статья достижим)
опросники климова шмишека и леонгарда тест холланда,115,D,info,top,d08_test_klimova,main,Создать статью в хабе,P1,/testy-na-proforientaciyu/test-klimova/,Именованная методика Климова
профориентация климов тест онлайн бесплатно,115,D,commercial,top,d08_test_klimova,main,Создать статью в хабе,P1,/testy-na-proforientaciyu/test-klimova/,Именованная методика Климова
климова ддо пройти,115,D,commercial,top,d09_ddo_klimova,main,Создать статью в хабе,P1,/testy-na-proforientaciyu/test-klimova/,ДДО Климова (та же методика)
какую профессию выбрать после 9 девочке,114,C,info,top,b01_kakuyu_professiyu_vybrat,main,Создать новый контент-хаб,P1,/kak-vybrat-professiyu/,Инфо-хаб выбора профессии → /test/
ответ на вопрос как выбрать профессию,114,B,info,top,b02_kak_vybrat_professiyu,main,Создать новый контент-хаб,P1,/kak-vybrat-professiyu/,Инфо-хаб → /test/
кем можно стать в жизни,114,B,info,top,b03_kem_mozhno_stat,main,Расширить существующую,P0,/professiya/,«Кем можно стать» = список профессий → каталог
куда поступать в питер с географией,114,C,info,top,c16_s_geografiej,aggregator,Создана посадочная,P3,/kuda-postupat-s-geografiej/,Перечень Минобрнауки → направления (готово)
фоксфорд тест на профориентацию,114,D,nav,top,d01_test_na_proforientaciyu,main,Создать новый контент-хаб,P1,/testy-na-proforientaciyu/,Хаб о тестах → /test/ (SERP: формат-статья достижим)
какую техническую профессию выбрать,113,B,info,top,b01_kakuyu_professiyu_vybrat,main,Создать новый контент-хаб,P1,/kak-vybrat-professiyu/,Инфо-хаб выбора профессии → /test/
кем можно стать сдавая информатику,113,B,info,top,b03_kem_mozhno_stat,main,Расширить существующую,P0,/professiya/,«Кем можно стать» = список профессий → каталог
туризм кем можно стать,113,B,info,top,b03_kem_mozhno_stat,main,Расширить существующую,P0,/professiya/,«Кем можно стать» = список профессий → каталог
на кого можно пойти учиться после девятого,113,C,info,top,b04_na_kogo_pojti_uchitsya,main,Создать новый контент-хаб,P1,/kak-vybrat-professiyu/,ВЧ-инфо → хаб выбора + каталоги + /test/
куда идти поступать после 11 класса,113,C,info,top,c02_kuda_postupat_posle_11,main,Создать новый контент-хаб,P2,/kuda-postupat-posle-11-klassa/,После 11 → вузы/направления (данные есть)
пройти тест на профориентацию без регистрации,113,D,commercial,top,d01_test_na_proforientaciyu,main,Создать новый контент-хаб,P1,/testy-na-proforientaciyu/,Хаб о тестах → /test/ (SERP: формат-статья достижим)
тест голланда на определение профессионального типа,113,D,info,top,d07_test_gollanda,main,Создать статью в хабе,P1,/testy-na-proforientaciyu/test-gollanda/,Именованная методика (RIASEC — рабочее название)
самые высокооплачиваемые профессии с химией,113,E,info,top,e03_vysokooplachivaemye,main,Создать новую посадочную (рейтинг),P0,/professii-vysokooplachivaemye/,Рейтинг по зарплатам Росстата окт-2025 — данные есть
какая профессия самая высокооплачиваемая для женщин,113,E,info,top,e03_vysokooplachivaemye,main,Создать новую посадочную (рейтинг),P0,/professii-vysokooplachivaemye/,Рейтинг по зарплатам Росстата окт-2025 — данные есть
курсы какую профессию выбрать,112,B,info,top,b01_kakuyu_professiyu_vybrat,main,Создать новый контент-хаб,P1,/kak-vybrat-professiyu/,Инфо-хаб выбора профессии → /test/
как выбрать профессию психолог,112,B,info,top,b02_kak_vybrat_professiyu,main,Создать новый контент-хаб,P1,/kak-vybrat-professiyu/,Инфо-хаб → /test/
международные отношения кем можно стать,112,B,info,top,b03_kem_mozhno_stat,main,Расширить существующую,P0,/professiya/,«Кем можно стать» = список профессий → каталог
на кого можно пойти учиться на вышку,112,B,info,top,b04_na_kogo_pojti_uchitsya,main,Создать новый контент-хаб,P1,/kak-vybrat-professiyu/,ВЧ-инфо → хаб выбора + каталоги + /test/
на кого лучше пойти учиться в 2026,112,B,info,top,b04_na_kogo_pojti_uchitsya,main,Создать новый контент-хаб,P1,/kak-vybrat-professiyu/,ВЧ-инфо → хаб выбора + каталоги + /test/
тесты климова на профориентацию онлайн бесплатно,112,D,commercial,top,d01_test_na_proforientaciyu,main,Создать новый контент-хаб,P1,/testy-na-proforientaciyu/,Хаб о тестах → /test/ (SERP: формат-статья достижим)
самая высокая высокооплачиваемая профессия,112,E,info,top,e03_vysokooplachivaemye,main,Создать новую посадочную (рейтинг),P0,/professii-vysokooplachivaemye/,Рейтинг по зарплатам Росстата окт-2025 — данные есть
школа профориентации для детей,111,0,info,top,a04_prof_dlya_rebenka,main,Расширить (раздел хаба),P1,/roditelyam/,Профессии для ребёнка (контент)
тест на профориентацию девушке,111,D,info,top,d01_test_na_proforientaciyu,main,Создать новый контент-хаб,P1,/testy-na-proforientaciyu/,Хаб о тестах → /test/ (SERP: формат-статья достижим)
центр социальной трудовой адаптации и профориентации,111,0,commercial,top,p07_centr_proforientacii,main,Расширить (раздел хаба),P1,/proforientaciya/,«Центр профориентации» → хаб/онлайн
куда поступить в тамбове после 11 класса,110,C,info,top,c02_kuda_postupat_posle_11,main,Создать новый контент-хаб,P2,/kuda-postupat-posle-11-klassa/,После 11 → вузы/направления (данные есть)
куда поступать с обществом и историей москва,110,C,info,top,c11_s_istoriej,aggregator,Создана посадочная,P3,/kuda-postupat-s-istoriej/,Перечень Минобрнауки → направления (готово)
профориентация тест на выбор профессии для школьников,110,D,info,top,d01_test_na_proforientaciyu,main,Создать новый контент-хаб,P1,/testy-na-proforientaciyu/,Хаб о тестах → /test/ (SERP: формат-статья достижим)
профориентация онлайн 8 класс,110,0,commercial,top,p04_prof_online,main,Расширить (раздел хаба),P1,/proforientaciya/,«Онлайн» → /test/
центр профориентации спб,110,0,commercial,top,p07_centr_proforientacii,aggregator,Расширить (раздел хаба),P1,/proforientaciya/,«Центр профориентации» → хаб/онлайн
какие профессии выбирают парни,109,B,info,top,b01_kakuyu_professiyu_vybrat,main,Создать новый контент-хаб,P1,/kak-vybrat-professiyu/,Инфо-хаб выбора профессии → /test/
куда поступить на стюардессу после 11 класса,109,C,info,top,c02_kuda_postupat_posle_11,main,Создать новый контент-хаб,P2,/kuda-postupat-posle-11-klassa/,После 11 → вузы/направления (данные есть)
куда поступать с географией и литературой,109,C,info,top,c16_s_geografiej,main,Создана посадочная,P3,/kuda-postupat-s-geografiej/,Перечень Минобрнауки → направления (готово)
какая профессия самая высокооплачиваемая для девушки,109,E,info,top,e03_vysokooplachivaemye,main,Создать новую посадочную (рейтинг),P0,/professii-vysokooplachivaemye/,Рейтинг по зарплатам Росстата окт-2025 — данные есть
самые высокооплачиваемые профессии в будущем,109,E,info,top,e03_vysokooplachivaemye,main,Создать новую посадочную (рейтинг),P0,/professii-vysokooplachivaemye/,Рейтинг по зарплатам Росстата окт-2025 — данные есть
опросник по профориентации онлайн,109,D,commercial,top,p04_prof_online,main,Расширить (раздел хаба),P1,/proforientaciya/,«Онлайн» → /test/
кем можно стать после университета,108,B,info,top,b03_kem_mozhno_stat,main,Расширить существующую,P0,/professiya/,«Кем можно стать» = список профессий → каталог
профориентация кадровый центр,108,0,commercial,top,p07_centr_proforientacii,main,Расширить (раздел хаба),P1,/proforientaciya/,«Центр профориентации» → хаб/онлайн
какую профессию выбрать девушке список профессий,107,B,info,top,b01_kakuyu_professiyu_vybrat,main,Создать новый контент-хаб,P1,/kak-vybrat-professiyu/,Инфо-хаб выбора профессии → /test/
какую профессию выбрать девочке после 9 класса,107,C,info,top,b01_kakuyu_professiyu_vybrat,main,Создать новый контент-хаб,P1,/kak-vybrat-professiyu/,Инфо-хаб выбора профессии → /test/
куда поступить заграницу после 11 класса,107,C,info,top,c02_kuda_postupat_posle_11,main,Создать новый контент-хаб,P2,/kuda-postupat-posle-11-klassa/,После 11 → вузы/направления (данные есть)
пилот куда поступать после 11 класса,107,C,info,top,c02_kuda_postupat_posle_11,main,Создать новый контент-хаб,P2,/kuda-postupat-posle-11-klassa/,После 11 → вузы/направления (данные есть)
профориентация для детей с овз,106,0,info,top,a04_prof_dlya_rebenka,main,Расширить (раздел хаба),P1,/roditelyam/,Профессии для ребёнка (контент)
какую профессию выбрать в россии,106,B,info,top,b01_kakuyu_professiyu_vybrat,main,Создать новый контент-хаб,P1,/kak-vybrat-professiyu/,Инфо-хаб выбора профессии → /test/
профориентация тест 8 класс онлайн,106,D,commercial,top,d01_test_na_proforientaciyu,main,Создать новый контент-хаб,P1,/testy-na-proforientaciyu/,Хаб о тестах → /test/ (SERP: формат-статья достижим)
центр профориентация подростков,106,0,commercial,top,p02_prof_dlya_podrostkov,main,Расширить (раздел хаба),P1,/proforientaciya/,Срез «для подростков»
профориентация онлайн тест с результатом,106,D,commercial,top,p04_prof_online,main,Расширить (раздел хаба),P1,/proforientaciya/,«Онлайн» → /test/
профориентация мероприятия для детей,105,0,info,top,a04_prof_dlya_rebenka,main,Расширить (раздел хаба),P1,/roditelyam/,Профессии для ребёнка (контент)
на кого пойти учиться после 11 парню,105,C,info,top,b04_na_kogo_pojti_uchitsya,main,Создать новый контент-хаб,P1,/kak-vybrat-professiyu/,ВЧ-инфо → хаб выбора + каталоги + /test/
вопросы теста на профориентацию,105,D,info,top,d01_test_na_proforientaciyu,main,Создать новый контент-хаб,P1,/testy-na-proforientaciyu/,Хаб о тестах → /test/ (SERP: формат-статья достижим)
профориентация тесты онлайн бесплатно с результатом,105,D,commercial,top,d02_test_besplatno,main,Расширить (раздел хаба),P1,/testy-na-proforientaciyu/,«Бесплатно» → хаб/квиз
опросник климова по профориентации пройти,105,D,commercial,top,p06_projti_proforientaciyu,main,Использовать существующую,P1,/test/,Транзакционный «пройти» → квиз
на кого пойти учиться сдавая химию,104,B,info,top,b04_na_kogo_pojti_uchitsya,main,Создать новый контент-хаб,P1,/kak-vybrat-professiyu/,ВЧ-инфо → хаб выбора + каталоги + /test/
куда поступить на журналиста после 11 класса,104,C,info,top,c02_kuda_postupat_posle_11,main,Создать новый контент-хаб,P2,/kuda-postupat-posle-11-klassa/,После 11 → вузы/направления (данные есть)
симферополь куда поступить после 11 класса,104,C,info,top,c02_kuda_postupat_posle_11,aggregator,Создать новый контент-хаб,P2,/kuda-postupat-posle-11-klassa/,После 11 → вузы/направления (данные есть)
куда поступить с экзаменами история общество,104,C,info,top,c11_s_istoriej,main,Создана посадочная,P3,/kuda-postupat-s-istoriej/,Перечень Минобрнауки → направления (готово)
тест на выбор профессии для девушек,104,D,info,top,d06_test_na_vybor_professii,main,Использовать существующую,P1,/test/,Прямой интент квиза
прошла профориентация для школьников,104,0,info,top,p03_prof_dlya_shkolnikov,main,Расширить (раздел хаба),P1,/proforientaciya/,Срез «для школьников»
центр профориентации омск,104,0,commercial,top,p07_centr_proforientacii,aggregator,Расширить (раздел хаба),P1,/proforientaciya/,«Центр профориентации» → хаб/онлайн
какую современную профессию выбрать,103,B,info,top,b01_kakuyu_professiyu_vybrat,main,Создать новый контент-хаб,P1,/kak-vybrat-professiyu/,Инфо-хаб выбора профессии → /test/
как папа выбирал профессию,103,B,info,top,b02_kak_vybrat_professiyu,main,Создать новый контент-хаб,P1,/kak-vybrat-professiyu/,Инфо-хаб → /test/
как называется человек выбирающий профессию,103,B,info,top,b02_kak_vybrat_professiyu,main,Создать новый контент-хаб,P1,/kak-vybrat-professiyu/,Инфо-хаб → /test/
как выбрать профессию и виды профессий,103,B,info,top,b02_kak_vybrat_professiyu,main,Создать новый контент-хаб,P1,/kak-vybrat-professiyu/,Инфо-хаб → /test/
кем можно стать героем,103,B,info,top,b03_kem_mozhno_stat,main,Расширить существующую,P0,/professiya/,«Кем можно стать» = список профессий → каталог
на кого пойти учиться на бюджете,103,B,info,top,b04_na_kogo_pojti_uchitsya,main,Создать новый контент-хаб,P1,/kak-vybrat-professiyu/,ВЧ-инфо → хаб выбора + каталоги + /test/
тест климова на профориентацию пройти бесплатно,103,D,commercial,top,d01_test_na_proforientaciyu,main,Создать новый контент-хаб,P1,/testy-na-proforientaciyu/,Хаб о тестах → /test/ (SERP: формат-статья достижим)
тест климова на профориентацию пройти онлайн бесплатно,103,D,commercial,top,d01_test_na_proforientaciyu,main,Создать новый контент-хаб,P1,/testy-na-proforientaciyu/,Хаб о тестах → /test/ (SERP: формат-статья достижим)
тест на профориентацию для детей,102,D,info,top,a04_prof_dlya_rebenka,main,Расширить (раздел хаба),P1,/roditelyam/,Профессии для ребёнка (контент)
мвд куда поступать после 11 класса,102,C,info,top,c02_kuda_postupat_posle_11,main,Создать новый контент-хаб,P2,/kuda-postupat-posle-11-klassa/,После 11 → вузы/направления (данные есть)
куда поступить после 11 класса в белгороде,102,C,info,top,c02_kuda_postupat_posle_11,aggregator,Создать новый контент-хаб,P2,/kuda-postupat-posle-11-klassa/,После 11 → вузы/направления (данные есть)
тест голланда на профориентацию бесплатно,102,D,commercial,top,d01_test_na_proforientaciyu,main,Создать новый контент-хаб,P1,/testy-na-proforientaciyu/,Хаб о тестах → /test/ (SERP: формат-статья достижим)
топ 10 самых высокооплачиваемых профессий в россии,102,E,info,top,e03_vysokooplachivaemye,main,Создать новую посадочную (рейтинг),P0,/professii-vysokooplachivaemye/,Рейтинг по зарплатам Росстата окт-2025 — данные есть
профориентация для школьников лучшие,102,0,info,top,p03_prof_dlya_shkolnikov,main,Расширить (раздел хаба),P1,/proforientaciya/,Срез «для школьников»
скиллбокс тест на профориентацию,101,D,info,top,d01_test_na_proforientaciyu,main,Создать новый контент-хаб,P1,/testy-na-proforientaciyu/,Хаб о тестах → /test/ (SERP: формат-статья достижим)
пройти профориентацию на профессию,101,0,commercial,top,p06_projti_proforientaciyu,main,Использовать существующую,P1,/test/,Транзакционный «пройти» → квиз
программа профориентации 2025 2026,101,0,info,top,p08_proforientaciya_2026,main,Расширить (раздел хаба),P1,/proforientaciya/,Year-stamp → хаб
на кого пойти учиться с химией,100,B,info,top,b04_na_kogo_pojti_uchitsya,main,Создать новый контент-хаб,P1,/kak-vybrat-professiyu/,ВЧ-инфо → хаб выбора + каталоги + /test/
как узнать какая профессия мне подходит,100,B,info,top,b05_kakaya_professiya_podhodit,main,Создать новый контент-хаб,P1,/kak-vybrat-professiyu/,Подбор профессии → /test/
куда поступить на хореографа после 11 класса,100,C,info,top,c02_kuda_postupat_posle_11,main,Создать новый контент-хаб,P2,/kuda-postupat-posle-11-klassa/,После 11 → вузы/направления (данные есть)
куда поступать девушке заочно,100,C,info,top,c08_kuda_postupat_devushke,main,Контент/фильтр (не дубль),P2,/kuda-postupat-posle-11-klassa/#devushke,Гендер-срез после 11
тест голланда на определение профессионального типа личности,100,D,info,top,d07_test_gollanda,main,Создать статью в хабе,P1,/testy-na-proforientaciyu/test-gollanda/,Именованная методика (RIASEC — рабочее название)
тест климова опросник ддо,100,D,info,top,d08_test_klimova,main,Создать статью в хабе,P1,/testy-na-proforientaciyu/test-klimova/,Именованная методика Климова
какие профессии можно выбрать после 11 класса,99,C,info,top,b01_kakuyu_professiyu_vybrat,main,Создать новый контент-хаб,P1,/kak-vybrat-professiyu/,Инфо-хаб выбора профессии → /test/
на кого пойти учиться чтобы много зарабатывать,99,B,info,top,b04_na_kogo_pojti_uchitsya,main,Создать новый контент-хаб,P1,/kak-vybrat-professiyu/,ВЧ-инфо → хаб выбора + каталоги + /test/
куда поступить после 11 класса в липецке,99,C,info,top,c02_kuda_postupat_posle_11,aggregator,Создать новый контент-хаб,P2,/kuda-postupat-posle-11-klassa/,После 11 → вузы/направления (данные есть)
тест холланда на профориентацию онлайн бесплатно пройти,99,D,commercial,top,d01_test_na_proforientaciyu,main,Создать новый контент-хаб,P1,/testy-na-proforientaciyu/,Хаб о тестах → /test/ (SERP: формат-статья достижим)
тест холланда на профориентацию пройти бесплатно,99,D,commercial,top,d01_test_na_proforientaciyu,main,Создать новый контент-хаб,P1,/testy-na-proforientaciyu/,Хаб о тестах → /test/ (SERP: формат-статья достижим)
профессиональный тест климова,99,D,info,top,d08_test_klimova,main,Создать статью в хабе,P1,/testy-na-proforientaciyu/test-klimova/,Именованная методика Климова
сварщик самая высокооплачиваемая профессия,99,E,info,top,e03_vysokooplachivaemye,main,Создать новую посадочную (рейтинг),P0,/professii-vysokooplachivaemye/,Рейтинг по зарплатам Росстата окт-2025 — данные есть
3 самые высокооплачиваемые профессии,99,E,info,top,e03_vysokooplachivaemye,main,Создать новую посадочную (рейтинг),P0,/professii-vysokooplachivaemye/,Рейтинг по зарплатам Росстата окт-2025 — данные есть
самые высокооплачиваемые женские профессии,99,E,info,top,e03_vysokooplachivaemye,main,Создать новую посадочную (рейтинг),P0,/professii-vysokooplachivaemye/,Рейтинг по зарплатам Росстата окт-2025 — данные есть
опросник климова по профориентации онлайн,99,D,commercial,top,p04_prof_online,main,Расширить (раздел хаба),P1,/proforientaciya/,«Онлайн» → /test/
куда поступить после 11 класса в вологде,98,C,info,top,c02_kuda_postupat_posle_11,aggregator,Создать новый контент-хаб,P2,/kuda-postupat-posle-11-klassa/,После 11 → вузы/направления (данные есть)
куда поступать после 9 класса девушке высокооплачиваемые,98,C,info,top,c08_kuda_postupat_devushke,main,Контент/фильтр (не дубль),P2,/kuda-postupat-posle-11-klassa/#devushke,Гендер-срез после 11
куда можно поступить учиться девушке,98,C,info,top,c08_kuda_postupat_devushke,main,Контент/фильтр (не дубль),P2,/kuda-postupat-posle-11-klassa/#devushke,Гендер-срез после 11
пройти тест на выбор профессии,98,D,commercial,top,d06_test_na_vybor_professii,main,Использовать существующую,P1,/test/,Прямой интент квиза
программы профориентации 9 классов,98,0,info,top,p05_prof_9_klass,main,Расширить (раздел хаба),P1,/proforientaciya/,"Профориентация 9 класс (контент, не листинг СПО)"
кем можно стать после вуза,97,C,info,top,b03_kem_mozhno_stat,main,Расширить существующую,P0,/professiya/,«Кем можно стать» = список профессий → каталог
на кого пойти учиться в будущем,97,B,info,top,b04_na_kogo_pojti_uchitsya,main,Создать новый контент-хаб,P1,/kak-vybrat-professiyu/,ВЧ-инфо → хаб выбора + каталоги + /test/
на кого пойти учиться с историей,97,B,info,top,b04_na_kogo_pojti_uchitsya,main,Создать новый контент-хаб,P1,/kak-vybrat-professiyu/,ВЧ-инфо → хаб выбора + каталоги + /test/
куда поступить после 11 класса дизайн,97,C,info,top,c02_kuda_postupat_posle_11,main,Создать новый контент-хаб,P2,/kuda-postupat-posle-11-klassa/,После 11 → вузы/направления (данные есть)
куда поступать после 10 класса девушке,97,C,info,top,c08_kuda_postupat_devushke,main,Контент/фильтр (не дубль),P2,/kuda-postupat-posle-11-klassa/#devushke,Гендер-срез после 11
большой тест на профориентацию,97,D,info,top,d01_test_na_proforientaciyu,main,Создать новый контент-хаб,P1,/testy-na-proforientaciyu/,Хаб о тестах → /test/ (SERP: формат-статья достижим)
список самых высокооплачиваемых профессий,97,E,info,top,e03_vysokooplachivaemye,main,Создать новую посадочную (рейтинг),P0,/professii-vysokooplachivaemye/,Рейтинг по зарплатам Росстата окт-2025 — данные есть
профориентация тест 8 класс бесплатно онлайн,97,D,commercial,top,p04_prof_online,main,Расширить (раздел хаба),P1,/proforientaciya/,«Онлайн» → /test/
центр профориентации детей,96,0,commercial,top,a04_prof_dlya_rebenka,main,Расширить (раздел хаба),P1,/roditelyam/,Профессии для ребёнка (контент)
какую выбрать вторую профессию,96,B,info,top,b01_kakuyu_professiyu_vybrat,main,Создать новый контент-хаб,P1,/kak-vybrat-professiyu/,Инфо-хаб выбора профессии → /test/
какую профессию можно выбрать девушке,96,B,info,top,b01_kakuyu_professiyu_vybrat,main,Создать новый контент-хаб,P1,/kak-vybrat-professiyu/,Инфо-хаб выбора профессии → /test/
на кого пойти учиться с географией,96,B,info,top,b04_na_kogo_pojti_uchitsya,main,Создать новый контент-хаб,P1,/kak-vybrat-professiyu/,ВЧ-инфо → хаб выбора + каталоги + /test/
куда поступать на криминалиста после 11 класса,96,C,info,top,c02_kuda_postupat_posle_11,main,Создать новый контент-хаб,P2,/kuda-postupat-posle-11-klassa/,После 11 → вузы/направления (данные есть)
самые высокооплачиваемые гуманитарные профессии,96,E,info,top,e03_vysokooplachivaemye,main,Создать новую посадочную (рейтинг),P0,/professii-vysokooplachivaemye/,Рейтинг по зарплатам Росстата окт-2025 — данные есть
5 самых высокооплачиваемых профессий,96,E,info,top,e03_vysokooplachivaemye,main,Создать новую посадочную (рейтинг),P0,/professii-vysokooplachivaemye/,Рейтинг по зарплатам Росстата окт-2025 — данные есть
самые высокооплаченные профессии,96,E,info,top,e03_vysokooplachivaemye,main,Создать новую посадочную (рейтинг),P0,/professii-vysokooplachivaemye/,Рейтинг по зарплатам Росстата окт-2025 — данные есть
программа профориентации для школьников,96,0,info,top,p03_prof_dlya_shkolnikov,main,Расширить (раздел хаба),P1,/proforientaciya/,Срез «для школьников»
10 тестов на профориентацию,95,D,info,top,d01_test_na_proforientaciyu,main,Создать новый контент-хаб,P1,/testy-na-proforientaciyu/,Хаб о тестах → /test/ (SERP: формат-статья достижим)
ддо е а климова тест,95,D,info,top,d08_test_klimova,main,Создать статью в хабе,P1,/testy-na-proforientaciyu/test-klimova/,Именованная методика Климова
профориентация госуслуги пройти,95,0,commercial,top,p06_projti_proforientaciyu,main,Использовать существующую,P1,/test/,Транзакционный «пройти» → квиз
какую профессию выбрать для мальчика,94,B,info,top,b01_kakuyu_professiyu_vybrat,main,Создать новый контент-хаб,P1,/kak-vybrat-professiyu/,Инфо-хаб выбора профессии → /test/
какую профессию выбрать stardew valley,94,B,info,top,b01_kakuyu_professiyu_vybrat,main,Создать новый контент-хаб,P1,/kak-vybrat-professiyu/,Инфо-хаб выбора профессии → /test/
как важно выбрать профессию,94,B,info,top,b02_kak_vybrat_professiyu,main,Создать новый контент-хаб,P1,/kak-vybrat-professiyu/,Инфо-хаб → /test/
куда поступать на логопеда после 11 класса,94,C,info,top,c02_kuda_postupat_posle_11,main,Создать новый контент-хаб,P2,/kuda-postupat-posle-11-klassa/,После 11 → вузы/направления (данные есть)
куда поступить на кинолога после 11 класса,94,C,info,top,c02_kuda_postupat_posle_11,main,Создать новый контент-хаб,P2,/kuda-postupat-posle-11-klassa/,После 11 → вузы/направления (данные есть)
куда поступать на тренера после 11 класса,94,C,info,top,c02_kuda_postupat_posle_11,main,Создать новый контент-хаб,P2,/kuda-postupat-posle-11-klassa/,После 11 → вузы/направления (данные есть)
самые высокооплачиваемые профессии в симс,94,E,info,top,e03_vysokooplachivaemye,main,Создать новую посадочную (рейтинг),P0,/professii-vysokooplachivaemye/,Рейтинг по зарплатам Росстата окт-2025 — данные есть
республиканский центр профориентации,94,0,commercial,top,p07_centr_proforientacii,main,Расширить (раздел хаба),P1,/proforientaciya/,«Центр профориентации» → хаб/онлайн
кем можно стать девушке после 11,93,C,info,top,b03_kem_mozhno_stat,main,Расширить существующую,P0,/professiya/,«Кем можно стать» = список профессий → каталог
кем можно стать после 11 класса девушке,93,C,info,top,b03_kem_mozhno_stat,main,Расширить существующую,P0,/professiya/,«Кем можно стать» = список профессий → каталог
на кого сейчас пойти учиться,93,B,info,top,b04_na_kogo_pojti_uchitsya,main,Создать новый контент-хаб,P1,/kak-vybrat-professiyu/,ВЧ-инфо → хаб выбора + каталоги + /test/
куда можно поступить после девятого класса девушке,93,C,info,top,c08_kuda_postupat_devushke,main,Контент/фильтр (не дубль),P2,/kuda-postupat-posle-11-klassa/#devushke,Гендер-срез после 11
новокузнецк куда поступить девушке 9 класса,93,C,info,top,c08_kuda_postupat_devushke,main,Контент/фильтр (не дубль),P2,/kuda-postupat-posle-11-klassa/#devushke,Гендер-срез после 11
куда можно поступить с географией и химией,93,C,info,top,c16_s_geografiej,main,Создана посадочная,P3,/kuda-postupat-s-geografiej/,Перечень Минобрнауки → направления (готово)
расшифровка теста климова,93,D,info,top,d08_test_klimova,main,Создать статью в хабе,P1,/testy-na-proforientaciyu/test-klimova/,Именованная методика Климова
методика ддо дифференциально диагностический опросник климова,93,D,info,top,d09_ddo_klimova,main,Создать статью в хабе,P1,/testy-na-proforientaciyu/test-klimova/,ДДО Климова (та же методика)
какую айти профессию выбрать,92,B,info,top,b01_kakuyu_professiyu_vybrat,main,Создать новый контент-хаб,P1,/kak-vybrat-professiyu/,Инфо-хаб выбора профессии → /test/
какую выбрать профессию дома,92,B,info,top,b01_kakuyu_professiyu_vybrat,main,Создать новый контент-хаб,P1,/kak-vybrat-professiyu/,Инфо-хаб выбора профессии → /test/
куда поступить на повара после 11 класса,92,C,info,top,c02_kuda_postupat_posle_11,main,Создать новый контент-хаб,P2,/kuda-postupat-posle-11-klassa/,После 11 → вузы/направления (данные есть)
куда поступить после 11 класса на переводчика,92,C,info,top,c02_kuda_postupat_posle_11,main,Создать новый контент-хаб,P2,/kuda-postupat-posle-11-klassa/,После 11 → вузы/направления (данные есть)
куда поступать девушке после 11 военного,92,C,info,top,c08_kuda_postupat_devushke,main,Контент/фильтр (не дубль),P2,/kuda-postupat-posle-11-klassa/#devushke,Гендер-срез после 11
куда поступить с общагой и историей,92,C,info,top,c11_s_istoriej,main,Создана посадочная,P3,/kuda-postupat-s-istoriej/,Перечень Минобрнауки → направления (готово)
куда можно поступить с биологией и историей,92,C,info,top,c11_s_istoriej,main,Создана посадочная,P3,/kuda-postupat-s-istoriej/,Перечень Минобрнауки → направления (готово)
тесты климова и голланда,92,D,info,top,d07_test_gollanda,main,Создать статью в хабе,P1,/testy-na-proforientaciyu/test-gollanda/,Именованная методика (RIASEC — рабочее название)
центр профориентации молодежи серпухов,92,0,commercial,top,p07_centr_proforientacii,main,Расширить (раздел хаба),P1,/proforientaciya/,«Центр профориентации» → хаб/онлайн
республиканский центр социальной адаптации и профориентации,92,0,commercial,top,p07_centr_proforientacii,main,Расширить (раздел хаба),P1,/proforientaciya/,«Центр профориентации» → хаб/онлайн
республиканский центр социальной трудовой адаптации профориентации,92,0,commercial,top,p07_centr_proforientacii,main,Расширить (раздел хаба),P1,/proforientaciya/,«Центр профориентации» → хаб/онлайн
тест на профориентацию после 11 бесплатно,91,D,commercial,top,d01_test_na_proforientaciyu,main,Создать новый контент-хаб,P1,/testy-na-proforientaciyu/,Хаб о тестах → /test/ (SERP: формат-статья достижим)
ддо климова тест онлайн,91,D,commercial,top,d08_test_klimova,main,Создать статью в хабе,P1,/testy-na-proforientaciyu/test-klimova/,Именованная методика Климова
самые высокооплачиваемые профессии в спб,91,E,info,top,e03_vysokooplachivaemye,aggregator,Создать новую посадочную (рейтинг),P0,/professii-vysokooplachivaemye/,Рейтинг по зарплатам Росстата окт-2025 — данные есть
какие сейчас самые высокооплачиваемые профессии,91,E,info,top,e03_vysokooplachivaemye,main,Создать новую посадочную (рейтинг),P0,/professii-vysokooplachivaemye/,Рейтинг по зарплатам Росстата окт-2025 — данные есть
самые высокооплачиваемые работы профессии,91,E,info,top,e03_vysokooplachivaemye,main,Создать новую посадочную (рейтинг),P0,/professii-vysokooplachivaemye/,Рейтинг по зарплатам Росстата окт-2025 — данные есть
какую профессию программиста выбрать,90,B,info,top,b01_kakuyu_professiyu_vybrat,main,Создать новый контент-хаб,P1,/kak-vybrat-professiyu/,Инфо-хаб выбора профессии → /test/
как выбрать профессию школьнику,90,B,info,top,b02_kak_vybrat_professiyu,main,Создать новый контент-хаб,P1,/kak-vybrat-professiyu/,Инфо-хаб → /test/
направление подготовки и специальность в чем отличие,90,D,info,assoc,d06_test_na_vybor_professii,main,Использовать существующую,P1,/test/,Прямой интент квиза
самые высокооплачиваемые профессии в америке,90,E,info,top,e03_vysokooplachivaemye,main,Создать новую посадочную (рейтинг),P0,/professii-vysokooplachivaemye/,Рейтинг по зарплатам Росстата окт-2025 — данные есть
пройти тест профориентации 9 класс,90,D,commercial,top,p05_prof_9_klass,main,Расширить (раздел хаба),P1,/proforientaciya/,"Профориентация 9 класс (контент, не листинг СПО)"
пройти профориентацию после 9,90,0,commercial,top,p06_projti_proforientaciyu,main,Использовать существующую,P1,/test/,Транзакционный «пройти» → квиз
центр по профориентации и трудоустройству молодежи,90,0,commercial,top,p07_centr_proforientacii,main,Расширить (раздел хаба),P1,/proforientaciya/,«Центр профориентации» → хаб/онлайн
какие профессии выбирают студенты,89,B,info,top,b01_kakuyu_professiyu_vybrat,main,Создать новый контент-хаб,P1,/kak-vybrat-professiyu/,Инфо-хаб выбора профессии → /test/
профориентация какую профессию выбрать,89,0,info,top,b01_kakuyu_professiyu_vybrat,main,Создать новый контент-хаб,P1,/kak-vybrat-professiyu/,Инфо-хаб выбора профессии → /test/
тест какую профессию выбрать после 9,89,D,info,top,b01_kakuyu_professiyu_vybrat,main,Создать новый контент-хаб,P1,/kak-vybrat-professiyu/,Инфо-хаб выбора профессии → /test/
как выбрать профессию девушке тест,89,D,info,top,b02_kak_vybrat_professiyu,main,Создать новый контент-хаб,P1,/kak-vybrat-professiyu/,Инфо-хаб → /test/
готика 1 кем можно стать,89,B,info,top,b03_kem_mozhno_stat,main,Расширить существующую,P0,/professiya/,«Кем можно стать» = список профессий → каталог
на кого можно пойти учиться в университете,89,B,info,top,b04_na_kogo_pojti_uchitsya,main,Создать новый контент-хаб,P1,/kak-vybrat-professiyu/,ВЧ-инфо → хаб выбора + каталоги + /test/
куда поступить после 11 класса в костроме,89,C,info,top,c02_kuda_postupat_posle_11,main,Создать новый контент-хаб,P2,/kuda-postupat-posle-11-klassa/,После 11 → вузы/направления (данные есть)
куда поступить в калининграде девушке,89,C,info,top,c08_kuda_postupat_devushke,aggregator,Контент/фильтр (не дубль),P2,/kuda-postupat-posle-11-klassa/#devushke,Гендер-срез после 11
куда можно поступить после 10 класса девушке,89,C,info,top,c08_kuda_postupat_devushke,main,Контент/фильтр (не дубль),P2,/kuda-postupat-posle-11-klassa/#devushke,Гендер-срез после 11
самые высокооплачиваемые технические профессии,89,E,info,top,e03_vysokooplachivaemye,main,Создать новую посадочную (рейтинг),P0,/professii-vysokooplachivaemye/,Рейтинг по зарплатам Росстата окт-2025 — данные есть
тест профориентация бесплатно для школьников профессия,89,D,commercial,top,p03_prof_dlya_shkolnikov,main,Расширить (раздел хаба),P1,/proforientaciya/,Срез «для школьников»
бесплатная профориентация для школьников выбор профессии,89,0,commercial,top,p03_prof_dlya_shkolnikov,main,Расширить (раздел хаба),P1,/proforientaciya/,Срез «для школьников»
какую профессию выбрать чтобы работать,88,B,info,top,b01_kakuyu_professiyu_vybrat,main,Создать новый контент-хаб,P1,/kak-vybrat-professiyu/,Инфо-хаб выбора профессии → /test/
какие профессии выбирают мужчины,88,B,info,top,b01_kakuyu_professiyu_vybrat,main,Создать новый контент-хаб,P1,/kak-vybrat-professiyu/,Инфо-хаб выбора профессии → /test/
кем можно стать с математикой,88,B,info,top,b03_kem_mozhno_stat,main,Расширить существующую,P0,/professiya/,«Кем можно стать» = список профессий → каталог
менеджмент кем можно стать,88,B,info,top,b03_kem_mozhno_stat,main,Расширить существующую,P0,/professiya/,«Кем можно стать» = список профессий → каталог
опросник климова по профориентации пройти онлайн,88,D,commercial,top,p04_prof_online,main,Расширить (раздел хаба),P1,/proforientaciya/,«Онлайн» → /test/
кем стать после 9 класса тест,87,D,info,top,c07_kem_stat_posle_9,main,Gated — нужны данные,P3,—,Нет данных СПО
куда можно поступить девушке в военное,87,C,info,top,c08_kuda_postupat_devushke,main,Контент/фильтр (не дубль),P2,/kuda-postupat-posle-11-klassa/#devushke,Гендер-срез после 11
куда поступить с историей и информатикой,87,C,info,top,c11_s_istoriej,main,Создана посадочная,P3,/kuda-postupat-s-istoriej/,Перечень Минобрнауки → направления (готово)
куда поступить с профматом и географией,87,C,info,top,c16_s_geografiej,main,Создана посадочная,P3,/kuda-postupat-s-geografiej/,Перечень Минобрнауки → направления (готово)
самые высокооплачиваемые профессии в месяц,87,E,info,top,e03_vysokooplachivaemye,main,Создать новую посадочную (рейтинг),P0,/professii-vysokooplachivaemye/,Рейтинг по зарплатам Росстата окт-2025 — данные есть
где пройти профориентацию в москве,87,0,commercial,top,p06_projti_proforientaciyu,aggregator,Использовать существующую,P1,/test/,Транзакционный «пройти» → квиз
кем можно стать и зарабатывать,86,B,info,top,b03_kem_mozhno_stat,main,Расширить существующую,P0,/professiya/,«Кем можно стать» = список профессий → каталог
тест голланда на профориентацию пройти онлайн бесплатно,86,D,commercial,top,d01_test_na_proforientaciyu,main,Создать новый контент-хаб,P1,/testy-na-proforientaciyu/,Хаб о тестах → /test/ (SERP: формат-статья достижим)
тест голланда опросник,86,D,info,top,d07_test_gollanda,main,Создать статью в хабе,P1,/testy-na-proforientaciyu/test-gollanda/,Именованная методика (RIASEC — рабочее название)
как выбрать востребованную профессию,85,E,info,top,b02_kak_vybrat_professiyu,main,Создать новый контент-хаб,P1,/kak-vybrat-professiyu/,Инфо-хаб → /test/
тест узнать какая профессия мне подходит,85,D,info,top,b05_kakaya_professiya_podhodit,main,Создать новый контент-хаб,P1,/kak-vybrat-professiyu/,Подбор профессии → /test/
куда поступить учиться после 11 класса девушке,85,C,info,top,c02_kuda_postupat_posle_11,main,Создать новый контент-хаб,P2,/kuda-postupat-posle-11-klassa/,После 11 → вузы/направления (данные есть)
куда можно поступить с историей 34 балла,85,C,info,top,c11_s_istoriej,main,Создана посадочная,P3,/kuda-postupat-s-istoriej/,Перечень Минобрнауки → направления (готово)
тест на профориентацию госуслуги,85,D,commercial,top,d01_test_na_proforientaciyu,main,Создать новый контент-хаб,P1,/testy-na-proforientaciyu/,Хаб о тестах → /test/ (SERP: формат-статья достижим)
голланд холланд тест,85,D,info,top,d07_test_gollanda,main,Создать статью в хабе,P1,/testy-na-proforientaciyu/test-gollanda/,Именованная методика (RIASEC — рабочее название)
самые высокооплачиваемые профессии в айти,85,E,info,top,e03_vysokooplachivaemye,main,Создать новую посадочную (рейтинг),P0,/professii-vysokooplachivaemye/,Рейтинг по зарплатам Росстата окт-2025 — данные есть
центр профориентации метрополитена,85,0,commercial,top,p07_centr_proforientacii,main,Расширить (раздел хаба),P1,/proforientaciya/,«Центр профориентации» → хаб/онлайн
серпухов центр профориентации и трудоустройства,85,0,commercial,top,p07_centr_proforientacii,main,Расширить (раздел хаба),P1,/proforientaciya/,«Центр профориентации» → хаб/онлайн
профориентация программа для детей,84,0,info,top,a04_prof_dlya_rebenka,main,Расширить (раздел хаба),P1,/roditelyam/,Профессии для ребёнка (контент)
какую профессию выбрать после 9 класса тест,84,D,info,top,b01_kakuyu_professiyu_vybrat,main,Создать новый контент-хаб,P1,/kak-vybrat-professiyu/,Инфо-хаб выбора профессии → /test/
кем можно стать в полиции,84,B,info,top,b03_kem_mozhno_stat,main,Расширить существующую,P0,/professiya/,«Кем можно стать» = список профессий → каталог
кем можно стать в будущем девушке,84,B,info,top,b03_kem_mozhno_stat,main,Расширить существующую,P0,/professiya/,«Кем можно стать» = список профессий → каталог
сестринское дело кем можно стать,84,B,info,top,b03_kem_mozhno_stat,main,Расширить существующую,P0,/professiya/,«Кем можно стать» = список профессий → каталог
на кого можно пойти учиться в 2026,84,B,info,top,b04_na_kogo_pojti_uchitsya,main,Создать новый контент-хаб,P1,/kak-vybrat-professiyu/,ВЧ-инфо → хаб выбора + каталоги + /test/
куда пойти поступать после 11 класса,84,C,info,top,c02_kuda_postupat_posle_11,main,Создать новый контент-хаб,P2,/kuda-postupat-posle-11-klassa/,После 11 → вузы/направления (данные есть)
куда поступить после 9 класса иваново девушке,84,C,info,top,c08_kuda_postupat_devushke,aggregator,Контент/фильтр (не дубль),P2,/kuda-postupat-posle-11-klassa/#devushke,Гендер-срез после 11
тест профориентации профессии пройти,84,D,commercial,top,d01_test_na_proforientaciyu,main,Создать новый контент-хаб,P1,/testy-na-proforientaciyu/,Хаб о тестах → /test/ (SERP: формат-статья достижим)
самые высокооплачиваемые профессии в медицине в россии,84,E,info,top,e03_vysokooplachivaemye,main,Создать новую посадочную (рейтинг),P0,/professii-vysokooplachivaemye/,Рейтинг по зарплатам Росстата окт-2025 — данные есть
профориентация для младших школьников,84,0,info,top,p03_prof_dlya_shkolnikov,main,Расширить (раздел хаба),P1,/proforientaciya/,Срез «для школьников»
готика 1 ремейк кем можно стать,83,B,info,top,b03_kem_mozhno_stat,main,Расширить существующую,P0,/professiya/,«Кем можно стать» = список профессий → каталог
куда поступать после 11 класса работы,83,C,info,top,c02_kuda_postupat_posle_11,main,Создать новый контент-хаб,P2,/kuda-postupat-posle-11-klassa/,После 11 → вузы/направления (данные есть)
мвд куда поступить девушке,83,C,info,top,c08_kuda_postupat_devushke,main,Контент/фильтр (не дубль),P2,/kuda-postupat-posle-11-klassa/#devushke,Гендер-срез после 11
тест на профориентацию после 9 класса девушке,83,D,info,top,d01_test_na_proforientaciyu,main,Создать новый контент-хаб,P1,/testy-na-proforientaciyu/,Хаб о тестах → /test/ (SERP: формат-статья достижим)
профессиональный тест на профориентацию,83,D,info,top,d01_test_na_proforientaciyu,main,Создать новый контент-хаб,P1,/testy-na-proforientaciyu/,Хаб о тестах → /test/ (SERP: формат-статья достижим)
расшифровка теста на профориентацию,83,D,info,top,d01_test_na_proforientaciyu,main,Создать новый контент-хаб,P1,/testy-na-proforientaciyu/,Хаб о тестах → /test/ (SERP: формат-статья достижим)
самые высокооплачиваемые профессии в симс 4,83,E,info,top,e03_vysokooplachivaemye,main,Создать новую посадочную (рейтинг),P0,/professii-vysokooplachivaemye/,Рейтинг по зарплатам Росстата окт-2025 — данные есть
профориентация после 9 класса девушке,83,0,info,top,p05_prof_9_klass,main,Расширить (раздел хаба),P1,/proforientaciya/,"Профориентация 9 класс (контент, не листинг СПО)"
центр занятости населения профориентация,83,0,commercial,top,p07_centr_proforientacii,main,Расширить (раздел хаба),P1,/proforientaciya/,«Центр профориентации» → хаб/онлайн
кем можно стать с юридическим образованием,82,B,info,top,b03_kem_mozhno_stat,main,Расширить существующую,P0,/professiya/,«Кем можно стать» = список профессий → каталог
ульяновск куда девушке поступить,82,C,info,top,c08_kuda_postupat_devushke,aggregator,Контент/фильтр (не дубль),P2,/kuda-postupat-posle-11-klassa/#devushke,Гендер-срез после 11
профориентация для подростков тесты онлайн,82,D,commercial,top,d01_test_na_proforientaciyu,main,Создать новый контент-хаб,P1,/testy-na-proforientaciyu/,Хаб о тестах → /test/ (SERP: формат-статья достижим)
тестирование мчат пройти,82,D,commercial,assoc,d05_test_na_professiyu,main,Расширить (раздел хаба),P1,/testy-na-proforientaciyu/,«Тест на профессию» → хаб → /test/
какая профессия в медицине самая высокооплачиваемая,82,E,info,top,e03_vysokooplachivaemye,main,Создать новую посадочную (рейтинг),P0,/professii-vysokooplachivaemye/,Рейтинг по зарплатам Росстата окт-2025 — данные есть
кем можно стать мальчику,81,B,info,top,b03_kem_mozhno_stat,main,Расширить существующую,P0,/professiya/,«Кем можно стать» = список профессий → каталог
какая профессия мне подходит для женщин,81,B,info,top,b05_kakaya_professiya_podhodit,main,Создать новый контент-хаб,P1,/kak-vybrat-professiyu/,Подбор профессии → /test/
куда лучше поступать после 11 класса мальчику,81,C,info,top,c02_kuda_postupat_posle_11,main,Создать новый контент-хаб,P2,/kuda-postupat-posle-11-klassa/,После 11 → вузы/направления (данные есть)
самые высокооплачиваемые профессии связанные с химией,81,E,info,top,e03_vysokooplachivaemye,main,Создать новую посадочную (рейтинг),P0,/professii-vysokooplachivaemye/,Рейтинг по зарплатам Росстата окт-2025 — данные есть
тест профориентации пройти онлайн с расшифровкой,81,D,commercial,top,p04_prof_online,main,Расширить (раздел хаба),P1,/proforientaciya/,«Онлайн» → /test/
климов как выбирать профессию,80,D,info,top,b02_kak_vybrat_professiyu,main,Создать новый контент-хаб,P1,/kak-vybrat-professiyu/,Инфо-хаб → /test/
куда поступать на экономиста после 11 класса,80,C,info,top,c02_kuda_postupat_posle_11,main,Создать новый контент-хаб,P2,/kuda-postupat-posle-11-klassa/,После 11 → вузы/направления (данные есть)
хим био куда поступать после 11 класса,80,C,info,top,c02_kuda_postupat_posle_11,main,Создать новый контент-хаб,P2,/kuda-postupat-posle-11-klassa/,После 11 → вузы/направления (данные есть)
куда поступить после 11 класса в севастополе,80,C,info,top,c02_kuda_postupat_posle_11,aggregator,Создать новый контент-хаб,P2,/kuda-postupat-posle-11-klassa/,После 11 → вузы/направления (данные есть)
куда поступить после 9 класса казань парням,80,C,info,top,c09_kuda_postupat_parnyu,aggregator,Контент/фильтр (не дубль),P2,/kuda-postupat-posle-11-klassa/#parnyu,Гендер-срез после 11
профориентация для школьников обучение,80,0,info,top,p03_prof_dlya_shkolnikov,main,Расширить (раздел хаба),P1,/proforientaciya/,Срез «для школьников»
профессии и специальности как выбрать,79,B,info,top,b02_kak_vybrat_professiyu,main,Создать новый контент-хаб,P1,/kak-vybrat-professiyu/,Инфо-хаб → /test/
кем можно стать после меда,79,B,info,top,b03_kem_mozhno_stat,main,Расширить существующую,P0,/professiya/,«Кем можно стать» = список профессий → каталог
омск на кого пойти учиться,79,B,info,top,b04_na_kogo_pojti_uchitsya,aggregator,Создать новый контент-хаб,P1,/kak-vybrat-professiyu/,ВЧ-инфо → хаб выбора + каталоги + /test/
куда поступить после 11 класса юноше,79,C,info,top,c02_kuda_postupat_posle_11,main,Создать новый контент-хаб,P2,/kuda-postupat-posle-11-klassa/,После 11 → вузы/направления (данные есть)
самая высокооплачиваемая профессия в рублях,79,E,info,top,e03_vysokooplachivaemye,main,Создать новую посадочную (рейтинг),P0,/professii-vysokooplachivaemye/,Рейтинг по зарплатам Росстата окт-2025 — данные есть
профориентация медицина для школьников,79,0,info,top,p03_prof_dlya_shkolnikov,main,Расширить (раздел хаба),P1,/proforientaciya/,Срез «для школьников»
работа в центре профориентации,79,0,info,top,p07_centr_proforientacii,main,Расширить (раздел хаба),P1,/proforientaciya/,«Центр профориентации» → хаб/онлайн
какую профессию выбирают выпускники,78,B,info,top,b01_kakuyu_professiyu_vybrat,main,Создать новый контент-хаб,P1,/kak-vybrat-professiyu/,Инфо-хаб выбора профессии → /test/
куда поступить после 11 класса в новокузнецке,78,C,info,top,c02_kuda_postupat_posle_11,main,Создать новый контент-хаб,P2,/kuda-postupat-posle-11-klassa/,После 11 → вузы/направления (данные есть)
тест на профориентацию бесплатно с расшифровкой,78,D,commercial,top,d01_test_na_proforientaciyu,main,Создать новый контент-хаб,P1,/testy-na-proforientaciyu/,Хаб о тестах → /test/ (SERP: формат-статья достижим)
профориентация для подростка 14 лет,78,0,info,top,p02_prof_dlya_podrostkov,main,Расширить (раздел хаба),P1,/proforientaciya/,Срез «для подростков»
центр профессиональной профориентации,78,0,commercial,top,p07_centr_proforientacii,main,Расширить (раздел хаба),P1,/proforientaciya/,«Центр профориентации» → хаб/онлайн
какую дата профессию выбрать,77,B,info,top,b01_kakuyu_professiyu_vybrat,main,Создать новый контент-хаб,P1,/kak-vybrat-professiyu/,Инфо-хаб выбора профессии → /test/
какую онлайн профессию выбрать,77,B,info,top,b01_kakuyu_professiyu_vybrat,main,Создать новый контент-хаб,P1,/kak-vybrat-professiyu/,Инфо-хаб выбора профессии → /test/
мвд кем можно стать,77,B,info,top,b03_kem_mozhno_stat,main,Расширить существующую,P0,/professiya/,«Кем можно стать» = список профессий → каталог
куда можно поступить с профилем и историей,77,C,info,top,c11_s_istoriej,main,Создана посадочная,P3,/kuda-postupat-s-istoriej/,Перечень Минобрнауки → направления (готово)
умскул тест на профориентацию,77,D,info,top,d01_test_na_proforientaciyu,main,Создать новый контент-хаб,P1,/testy-na-proforientaciyu/,Хаб о тестах → /test/ (SERP: формат-статья достижим)
8 онлайн тестов на профориентацию,77,D,commercial,top,d01_test_na_proforientaciyu,main,Создать новый контент-хаб,P1,/testy-na-proforientaciyu/,Хаб о тестах → /test/ (SERP: формат-статья достижим)
фпо тестирование,77,D,info,assoc,d01_test_na_proforientaciyu,main,Создать новый контент-хаб,P1,/testy-na-proforientaciyu/,Хаб о тестах → /test/ (SERP: формат-статья достижим)
профориентация 9 11 класс,77,0,info,top,p05_prof_9_klass,main,Расширить (раздел хаба),P1,/proforientaciya/,"Профориентация 9 класс (контент, не листинг СПО)"
какую профессию выбрать бухгалтеру,76,B,info,top,b01_kakuyu_professiyu_vybrat,main,Создать новый контент-хаб,P1,/kak-vybrat-professiyu/,Инфо-хаб выбора профессии → /test/
врачи на кого пойти учиться,76,B,info,top,b04_na_kogo_pojti_uchitsya,main,Создать новый контент-хаб,P1,/kak-vybrat-professiyu/,ВЧ-инфо → хаб выбора + каталоги + /test/
тест куда поступать после 9 класса девушке,76,D,info,top,c08_kuda_postupat_devushke,main,Контент/фильтр (не дубль),P2,/kuda-postupat-posle-11-klassa/#devushke,Гендер-срез после 11
куда поступить после 11 девушке москва,76,C,info,top,c08_kuda_postupat_devushke,aggregator,Контент/фильтр (не дубль),P2,/kuda-postupat-posle-11-klassa/#devushke,Гендер-срез после 11
куда поступать с историей и иностранным,76,C,info,top,c11_s_istoriej,main,Создана посадочная,P3,/kuda-postupat-s-istoriej/,Перечень Минобрнауки → направления (готово)
тест на профориентацию для школьников 7,76,D,info,top,d01_test_na_proforientaciyu,main,Создать новый контент-хаб,P1,/testy-na-proforientaciyu/,Хаб о тестах → /test/ (SERP: формат-статья достижим)
тест на профориентацию для школьников 7 класс,76,D,info,top,d01_test_na_proforientaciyu,main,Создать новый контент-хаб,P1,/testy-na-proforientaciyu/,Хаб о тестах → /test/ (SERP: формат-статья достижим)
где пройти тест на профориентацию,76,D,commercial,top,d01_test_na_proforientaciyu,main,Создать новый контент-хаб,P1,/testy-na-proforientaciyu/,Хаб о тестах → /test/ (SERP: формат-статья достижим)
где проходят тест на профориентацию,76,D,info,top,d01_test_na_proforientaciyu,main,Создать новый контент-хаб,P1,/testy-na-proforientaciyu/,Хаб о тестах → /test/ (SERP: формат-статья достижим)
тест на профориентацию йовайши,76,D,info,top,d01_test_na_proforientaciyu,main,Создать новый контент-хаб,P1,/testy-na-proforientaciyu/,Хаб о тестах → /test/ (SERP: формат-статья достижим)
профориентация онлайн для 11 класса,76,0,commercial,top,p04_prof_online,main,Расширить (раздел хаба),P1,/proforientaciya/,«Онлайн» → /test/
московский центр профориентации,76,0,commercial,top,p07_centr_proforientacii,aggregator,Расширить (раздел хаба),P1,/proforientaciya/,«Центр профориентации» → хаб/онлайн
какую профессию выбрать стардью,75,B,info,top,b01_kakuyu_professiyu_vybrat,main,Создать новый контент-хаб,P1,/kak-vybrat-professiyu/,Инфо-хаб выбора профессии → /test/
какую профессию юриста выбрать,75,B,info,top,b01_kakuyu_professiyu_vybrat,main,Создать новый контент-хаб,P1,/kak-vybrat-professiyu/,Инфо-хаб выбора профессии → /test/
на кого можно пойти учиться медсестре,75,B,info,top,b04_na_kogo_pojti_uchitsya,main,Создать новый контент-хаб,P1,/kak-vybrat-professiyu/,ВЧ-инфо → хаб выбора + каталоги + /test/
куда поступить на мчс после 11 класса,75,C,info,top,c02_kuda_postupat_posle_11,main,Создать новый контент-хаб,P2,/kuda-postupat-posle-11-klassa/,После 11 → вузы/направления (данные есть)
куда поступить после 11 класса во владимире,75,C,info,top,c02_kuda_postupat_posle_11,aggregator,Создать новый контент-хаб,P2,/kuda-postupat-posle-11-klassa/,После 11 → вузы/направления (данные есть)
тест по модели голланда,75,D,info,top,d07_test_gollanda,main,Создать статью в хабе,P1,/testy-na-proforientaciyu/test-gollanda/,Именованная методика (RIASEC — рабочее название)
какую профессию выбрать школьнику,74,B,info,top,b01_kakuyu_professiyu_vybrat,main,Создать новый контент-хаб,P1,/kak-vybrat-professiyu/,Инфо-хаб выбора профессии → /test/
самые высокооплачиваемые инженерные профессии,74,E,info,top,e03_vysokooplachivaemye,main,Создать новую посадочную (рейтинг),P0,/professii-vysokooplachivaemye/,Рейтинг по зарплатам Росстата окт-2025 — данные есть
профориентация для детей проект,73,0,info,top,a04_prof_dlya_rebenka,main,Расширить (раздел хаба),P1,/roditelyam/,Профессии для ребёнка (контент)
как выбрать профессию по душе девушке,73,B,info,top,b02_kak_vybrat_professiyu,main,Создать новый контент-хаб,P1,/kak-vybrat-professiyu/,Инфо-хаб → /test/
как выбрать профессию онлайн,73,B,info,top,b02_kak_vybrat_professiyu,main,Создать новый контент-хаб,P1,/kak-vybrat-professiyu/,Инфо-хаб → /test/
как выбрать профессию девушке 11 класса,73,C,info,top,b02_kak_vybrat_professiyu,main,Создать новый контент-хаб,P1,/kak-vybrat-professiyu/,Инфо-хаб → /test/
гражданский пилот куда поступать после 11 класса,73,C,info,top,c02_kuda_postupat_posle_11,main,Создать новый контент-хаб,P2,/kuda-postupat-posle-11-klassa/,После 11 → вузы/направления (данные есть)
куда поступить после 11 класса дистанционно,73,C,info,top,c02_kuda_postupat_posle_11,main,Создать новый контент-хаб,P2,/kuda-postupat-posle-11-klassa/,После 11 → вузы/направления (данные есть)
куда поступить с географией и проф математикой,73,C,info,top,c16_s_geografiej,main,Создана посадочная,P3,/kuda-postupat-s-geografiej/,Перечень Минобрнауки → направления (готово)
тест голланда профессия,73,D,info,top,d07_test_gollanda,main,Создать статью в хабе,P1,/testy-na-proforientaciyu/test-gollanda/,Именованная методика (RIASEC — рабочее название)
онлайн школа профориентации,73,0,commercial,top,p04_prof_online,main,Расширить (раздел хаба),P1,/proforientaciya/,«Онлайн» → /test/
профориентация 5 9 классы,73,0,info,top,p05_prof_9_klass,main,Расширить (раздел хаба),P1,/proforientaciya/,"Профориентация 9 класс (контент, не листинг СПО)"
какую профессию можно выбрать девочкам,72,B,info,top,b01_kakuyu_professiyu_vybrat,main,Создать новый контент-хаб,P1,/kak-vybrat-professiyu/,Инфо-хаб выбора профессии → /test/
как родители выбирали профессию,72,B,info,top,b02_kak_vybrat_professiyu,main,Создать новый контент-хаб,P1,/kak-vybrat-professiyu/,Инфо-хаб → /test/
полиция на кого пойти учиться,72,B,info,top,b04_na_kogo_pojti_uchitsya,main,Создать новый контент-хаб,P1,/kak-vybrat-professiyu/,ВЧ-инфо → хаб выбора + каталоги + /test/
полиция куда поступать после 11 класса,72,C,info,top,c02_kuda_postupat_posle_11,main,Создать новый контент-хаб,P2,/kuda-postupat-posle-11-klassa/,После 11 → вузы/направления (данные есть)
куда лучше поступить после 9 класса парню,72,C,info,top,c09_kuda_postupat_parnyu,main,Контент/фильтр (не дубль),P2,/kuda-postupat-posle-11-klassa/#parnyu,Гендер-срез после 11
тест на профориентацию для школьников 11 класс,72,D,info,top,d01_test_na_proforientaciyu,main,Создать новый контент-хаб,P1,/testy-na-proforientaciyu/,Хаб о тестах → /test/ (SERP: формат-статья достижим)
профориентация 8 9 классы,72,0,info,top,p05_prof_9_klass,main,Расширить (раздел хаба),P1,/proforientaciya/,"Профориентация 9 класс (контент, не листинг СПО)"
центр образования центр профориентации,72,0,commercial,top,p07_centr_proforientacii,main,Расширить (раздел хаба),P1,/proforientaciya/,«Центр профориентации» → хаб/онлайн
какую профессию выбрать по предметам,71,B,info,top,b01_kakuyu_professiyu_vybrat,main,Создать новый контент-хаб,P1,/kak-vybrat-professiyu/,Инфо-хаб выбора профессии → /test/
как выбрать ребенку профессию после 9,71,C,info,top,b02_kak_vybrat_professiyu,main,Создать новый контент-хаб,P1,/kak-vybrat-professiyu/,Инфо-хаб → /test/
государственное и муниципальное управление кем можно стать,71,B,info,top,b03_kem_mozhno_stat,main,Расширить существующую,P0,/professiya/,«Кем можно стать» = список профессий → каталог
самые высокооплачиваемые профессии в екатеринбурге,71,E,info,top,e03_vysokooplachivaemye,aggregator,Создать новую посадочную (рейтинг),P0,/professii-vysokooplachivaemye/,Рейтинг по зарплатам Росстата окт-2025 — данные есть
рейтинг самых высокооплачиваемых профессий,71,E,info,top,e03_vysokooplachivaemye,main,Создать новую посадочную (рейтинг),P0,/professii-vysokooplachivaemye/,Рейтинг по зарплатам Росстата окт-2025 — данные есть
20 самых высокооплачиваемых профессий,71,E,info,top,e03_vysokooplachivaemye,main,Создать новую посадочную (рейтинг),P0,/professii-vysokooplachivaemye/,Рейтинг по зарплатам Росстата окт-2025 — данные есть
профориентация для школьников 6,71,0,info,top,p03_prof_dlya_shkolnikov,main,Расширить (раздел хаба),P1,/proforientaciya/,Срез «для школьников»
профориентация онлайн тест бесплатно для 11,71,D,commercial,top,p04_prof_online,main,Расширить (раздел хаба),P1,/proforientaciya/,«Онлайн» → /test/
план профориентации на 2025 2026 учебный,71,0,info,top,p08_proforientaciya_2026,main,Расширить (раздел хаба),P1,/proforientaciya/,Year-stamp → хаб
профориентация россия мои горизонты 2025 2026,71,0,info,top,p08_proforientaciya_2026,main,Расширить (раздел хаба),P1,/proforientaciya/,Year-stamp → хаб
смена профессии какую выбрать профессию,70,B,info,top,b01_kakuyu_professiyu_vybrat,main,Создать новый контент-хаб,P1,/kak-vybrat-professiyu/,Инфо-хаб выбора профессии → /test/
на кого пойти учиться с информатикой,70,B,info,top,b04_na_kogo_pojti_uchitsya,main,Создать новый контент-хаб,P1,/kak-vybrat-professiyu/,ВЧ-инфо → хаб выбора + каталоги + /test/
куда поступать тест на профориентацию,70,D,info,top,d01_test_na_proforientaciyu,main,Создать новый контент-хаб,P1,/testy-na-proforientaciyu/,Хаб о тестах → /test/ (SERP: формат-статья достижим)
топ 3 самых высокооплачиваемых профессий,70,E,info,top,e03_vysokooplachivaemye,main,Создать новую посадочную (рейтинг),P0,/professii-vysokooplachivaemye/,Рейтинг по зарплатам Росстата окт-2025 — данные есть
какую профессию выбрать по душе,69,B,info,top,b01_kakuyu_professiyu_vybrat,main,Создать новый контент-хаб,P1,/kak-vybrat-professiyu/,Инфо-хаб выбора профессии → /test/
как выбрать профессию учителя,69,B,info,top,b02_kak_vybrat_professiyu,main,Создать новый контент-хаб,P1,/kak-vybrat-professiyu/,Инфо-хаб → /test/
как выбрать профессию и вуз,69,C,info,top,b02_kak_vybrat_professiyu,main,Создать новый контент-хаб,P1,/kak-vybrat-professiyu/,Инфо-хаб → /test/
кем можно стать в 14,69,B,info,top,b03_kem_mozhno_stat,main,Расширить существующую,P0,/professiya/,«Кем можно стать» = список профессий → каталог
самые высокооплачиваемые профессии в мире 2026,69,E,info,top,e03_vysokooplachivaemye,main,Создать новую посадочную (рейтинг),P0,/professii-vysokooplachivaemye/,Рейтинг по зарплатам Росстата окт-2025 — данные есть
книга как выбрать профессию,68,B,info,top,b02_kak_vybrat_professiyu,main,Создать новый контент-хаб,P1,/kak-vybrat-professiyu/,Инфо-хаб → /test/
как выбрать профессию студенту,68,B,info,top,b02_kak_vybrat_professiyu,main,Создать новый контент-хаб,P1,/kak-vybrat-professiyu/,Инфо-хаб → /test/
на кого можно пойти учиться после школы,68,B,info,top,b04_na_kogo_pojti_uchitsya,main,Создать новый контент-хаб,P1,/kak-vybrat-professiyu/,ВЧ-инфо → хаб выбора + каталоги + /test/
профориентация для подростков в спб,68,0,info,top,p02_prof_dlya_podrostkov,aggregator,Расширить (раздел хаба),P1,/proforientaciya/,Срез «для подростков»
профориентация 9 класс темы,68,0,info,top,p05_prof_9_klass,main,Расширить (раздел хаба),P1,/proforientaciya/,"Профориентация 9 класс (контент, не листинг СПО)"
психологический центр профориентация,68,0,commercial,top,p07_centr_proforientacii,main,Расширить (раздел хаба),P1,/proforientaciya/,«Центр профориентации» → хаб/онлайн
какую интересную профессию выбрать,67,B,info,top,b01_kakuyu_professiyu_vybrat,main,Создать новый контент-хаб,P1,/kak-vybrat-professiyu/,Инфо-хаб выбора профессии → /test/
раскин как папа выбирал профессию,67,B,info,top,b02_kak_vybrat_professiyu,main,Создать новый контент-хаб,P1,/kak-vybrat-professiyu/,Инфо-хаб → /test/
критерии как выбрать профессию,67,B,info,top,b02_kak_vybrat_professiyu,main,Создать новый контент-хаб,P1,/kak-vybrat-professiyu/,Инфо-хаб → /test/
е климов как выбирать профессию,67,D,info,top,b02_kak_vybrat_professiyu,main,Создать новый контент-хаб,P1,/kak-vybrat-professiyu/,Инфо-хаб → /test/
узнать кем можно стать,67,B,info,top,b03_kem_mozhno_stat,main,Расширить существующую,P0,/professiya/,«Кем можно стать» = список профессий → каталог
юридический колледж кем можно стать,67,C,info,top,b03_kem_mozhno_stat,main,Расширить существующую,P0,/professiya/,«Кем можно стать» = список профессий → каталог
на кого пойти учиться после спо,67,C,info,top,b04_na_kogo_pojti_uchitsya,main,Создать новый контент-хаб,P1,/kak-vybrat-professiyu/,ВЧ-инфо → хаб выбора + каталоги + /test/
форум куда поступать после 11 класса,67,C,info,top,c02_kuda_postupat_posle_11,main,Создать новый контент-хаб,P2,/kuda-postupat-posle-11-klassa/,После 11 → вузы/направления (данные есть)
куда можно поступить с историей профессии,67,C,info,top,c11_s_istoriej,main,Создана посадочная,P3,/kuda-postupat-s-istoriej/,Перечень Минобрнауки → направления (готово)
расшифровка теста климова на профориентацию,67,D,info,top,d01_test_na_proforientaciyu,main,Создать новый контент-хаб,P1,/testy-na-proforientaciyu/,Хаб о тестах → /test/ (SERP: формат-статья достижим)
профессиональный тест дж голланда,67,D,info,top,d07_test_gollanda,main,Создать статью в хабе,P1,/testy-na-proforientaciyu/test-gollanda/,Именованная методика (RIASEC — рабочее название)
самые высокооплачиваемые профессии с физикой,67,E,info,top,e03_vysokooplachivaemye,main,Создать новую посадочную (рейтинг),P0,/professii-vysokooplachivaemye/,Рейтинг по зарплатам Росстата окт-2025 — данные есть
центр профориентации карьера,67,0,commercial,top,p07_centr_proforientacii,main,Расширить (раздел хаба),P1,/proforientaciya/,«Центр профориентации» → хаб/онлайн
центр профориентации и развития квалификаций,67,0,commercial,top,p07_centr_proforientacii,main,Расширить (раздел хаба),P1,/proforientaciya/,«Центр профориентации» → хаб/онлайн
государственный центр профориентации,67,0,commercial,top,p07_centr_proforientacii,main,Расширить (раздел хаба),P1,/proforientaciya/,«Центр профориентации» → хаб/онлайн
как выбрать интересную профессию,66,B,info,top,b02_kak_vybrat_professiyu,main,Создать новый контент-хаб,P1,/kak-vybrat-professiyu/,Инфо-хаб → /test/
кем можно стать сдавая биологию и химию,66,B,info,top,b03_kem_mozhno_stat,main,Расширить существующую,P0,/professiya/,«Кем можно стать» = список профессий → каталог
кем можно стать и почему,66,B,info,top,b03_kem_mozhno_stat,main,Расширить существующую,P0,/professiya/,«Кем можно стать» = список профессий → каталог
туризм и гостеприимство кем можно стать,66,B,info,top,b03_kem_mozhno_stat,main,Расширить существующую,P0,/professiya/,«Кем можно стать» = список профессий → каталог
как понять какая профессия мне подходит тест,66,D,info,top,b05_kakaya_professiya_podhodit,main,Создать новый контент-хаб,P1,/kak-vybrat-professiyu/,Подбор профессии → /test/
куда поступать на автомеханика после 11 класса,66,C,info,top,c02_kuda_postupat_posle_11,main,Создать новый контент-хаб,P2,/kuda-postupat-posle-11-klassa/,После 11 → вузы/направления (данные есть)
куда девушке поступать после школы,66,C,info,top,c08_kuda_postupat_devushke,main,Контент/фильтр (не дубль),P2,/kuda-postupat-posle-11-klassa/#devushke,Гендер-срез после 11
самые высокооплачиваемые профессии для мальчиков,66,E,info,top,e03_vysokooplachivaemye,main,Создать новую посадочную (рейтинг),P0,/professii-vysokooplachivaemye/,Рейтинг по зарплатам Росстата окт-2025 — данные есть
курсы профориентации для подростков,66,0,info,top,p02_prof_dlya_podrostkov,main,Расширить (раздел хаба),P1,/proforientaciya/,Срез «для подростков»
профориентация для школьников в екатеринбурге,66,0,info,top,p03_prof_dlya_shkolnikov,aggregator,Расширить (раздел хаба),P1,/proforientaciya/,Срез «для школьников»
профориентации для школьников 6 классов,66,0,info,top,p03_prof_dlya_shkolnikov,main,Расширить (раздел хаба),P1,/proforientaciya/,Срез «для школьников»
какую удаленную профессию выбрать,65,B,info,top,b01_kakuyu_professiyu_vybrat,main,Создать новый контент-хаб,P1,/kak-vybrat-professiyu/,Инфо-хаб выбора профессии → /test/
как выбрать профессию врача,65,B,info,top,b02_kak_vybrat_professiyu,main,Создать новый контент-хаб,P1,/kak-vybrat-professiyu/,Инфо-хаб → /test/
на кого пойти учиться в новосибирске,65,B,info,top,b04_na_kogo_pojti_uchitsya,aggregator,Создать новый контент-хаб,P1,/kak-vybrat-professiyu/,ВЧ-инфо → хаб выбора + каталоги + /test/
айтишник куда поступать после 11 класса,65,C,info,top,c02_kuda_postupat_posle_11,main,Создать новый контент-хаб,P2,/kuda-postupat-posle-11-klassa/,После 11 → вузы/направления (данные есть)
куда поступить после 11 класса в сыктывкаре,65,C,info,top,c02_kuda_postupat_posle_11,main,Создать новый контент-хаб,P2,/kuda-postupat-posle-11-klassa/,После 11 → вузы/направления (данные есть)
куда поступить после 11 класса в благовещенске,65,C,info,top,c02_kuda_postupat_posle_11,main,Создать новый контент-хаб,P2,/kuda-postupat-posle-11-klassa/,После 11 → вузы/направления (данные есть)
куда поступать на полицейского девушке,65,C,info,top,c08_kuda_postupat_devushke,main,Контент/фильтр (не дубль),P2,/kuda-postupat-posle-11-klassa/#devushke,Гендер-срез после 11
куда поступать с историей и англ,65,C,info,top,c11_s_istoriej,main,Создана посадочная,P3,/kuda-postupat-s-istoriej/,Перечень Минобрнауки → направления (готово)
самый точный тест на профориентацию,65,D,info,top,d01_test_na_proforientaciyu,main,Создать новый контент-хаб,P1,/testy-na-proforientaciyu/,Хаб о тестах → /test/ (SERP: формат-статья достижим)
самые высокооплачиваемые творческие профессии,65,E,info,top,e03_vysokooplachivaemye,main,Создать новую посадочную (рейтинг),P0,/professii-vysokooplachivaemye/,Рейтинг по зарплатам Росстата окт-2025 — данные есть
пройти тест профориентации 9 класс бесплатно,65,D,commercial,top,p05_prof_9_klass,main,Расширить (раздел хаба),P1,/proforientaciya/,"Профориентация 9 класс (контент, не листинг СПО)"
областной центр профориентации,65,0,commercial,top,p07_centr_proforientacii,main,Расширить (раздел хаба),P1,/proforientaciya/,«Центр профориентации» → хаб/онлайн
кем можно стать если не знаешь,64,B,info,top,b03_kem_mozhno_stat,main,Расширить существующую,P0,/professiya/,«Кем можно стать» = список профессий → каталог
куда поступить после 9 девушке заочно,64,C,info,top,c08_kuda_postupat_devushke,main,Контент/фильтр (не дубль),P2,/kuda-postupat-posle-11-klassa/#devushke,Гендер-срез после 11
тест климова дифференциально диагностический опросник ддо,64,D,info,top,d09_ddo_klimova,main,Создать статью в хабе,P1,/testy-na-proforientaciyu/test-klimova/,ДДО Климова (та же методика)
самые высокооплачиваемые профессии в it сфере,64,E,info,top,e03_vysokooplachivaemye,main,Создать новую посадочную (рейтинг),P0,/professii-vysokooplachivaemye/,Рейтинг по зарплатам Росстата окт-2025 — данные есть
торговое дело кем можно стать,63,B,info,top,b03_kem_mozhno_stat,main,Расширить существующую,P0,/professiya/,«Кем можно стать» = список профессий → каталог
повар на кого пойти учиться,63,B,info,top,b04_na_kogo_pojti_uchitsya,main,Создать новый контент-хаб,P1,/kak-vybrat-professiyu/,ВЧ-инфо → хаб выбора + каталоги + /test/
тест какая профессия мне больше всего подходит,63,D,info,top,b05_kakaya_professiya_podhodit,main,Создать новый контент-хаб,P1,/kak-vybrat-professiyu/,Подбор профессии → /test/
татарстан куда поступить после 11 класса,63,C,info,top,c02_kuda_postupat_posle_11,main,Создать новый контент-хаб,P2,/kuda-postupat-posle-11-klassa/,После 11 → вузы/направления (данные есть)
фсб куда поступать девушке,63,C,info,top,c08_kuda_postupat_devushke,main,Контент/фильтр (не дубль),P2,/kuda-postupat-posle-11-klassa/#devushke,Гендер-срез после 11
ддо климова тест пройти,63,D,commercial,top,d09_ddo_klimova,main,Создать статью в хабе,P1,/testy-na-proforientaciyu/test-klimova/,ДДО Климова (та же методика)
профориентация онлайн тест бесплатно для 11 класса,63,D,commercial,top,p04_prof_online,main,Расширить (раздел хаба),P1,/proforientaciya/,«Онлайн» → /test/
классный 9 класс профориентация,63,0,info,top,p05_prof_9_klass,main,Расширить (раздел хаба),P1,/proforientaciya/,"Профориентация 9 класс (контент, не листинг СПО)"
какие профессии можно выбрать в колледже,62,C,info,top,b01_kakuyu_professiyu_vybrat,both,Создать новый контент-хаб,P1,/kak-vybrat-professiyu/,Инфо-хаб выбора профессии → /test/
как выбрать профессию ребенку после 9 класса,62,C,info,top,b02_kak_vybrat_professiyu,main,Создать новый контент-хаб,P1,/kak-vybrat-professiyu/,Инфо-хаб → /test/
лечебное дело колледж кем можно стать,62,C,info,top,b03_kem_mozhno_stat,main,Расширить существующую,P0,/professiya/,«Кем можно стать» = список профессий → каталог
кем можно стать в школе,62,B,info,top,b03_kem_mozhno_stat,main,Расширить существующую,P0,/professiya/,«Кем можно стать» = список профессий → каталог
на кого пойти учиться воронеж,62,B,info,top,b04_na_kogo_pojti_uchitsya,aggregator,Создать новый контент-хаб,P1,/kak-vybrat-professiyu/,ВЧ-инфо → хаб выбора + каталоги + /test/
какая творческая профессия мне подходит,62,B,info,top,b05_kakaya_professiya_podhodit,main,Создать новый контент-хаб,P1,/kak-vybrat-professiyu/,Подбор профессии → /test/
куда поступить на бухгалтера после 11 класса,62,C,info,top,c02_kuda_postupat_posle_11,main,Создать новый контент-хаб,P2,/kuda-postupat-posle-11-klassa/,После 11 → вузы/направления (данные есть)
икигай тест на профориентацию,62,D,info,top,d01_test_na_proforientaciyu,main,Создать новый контент-хаб,P1,/testy-na-proforientaciyu/,Хаб о тестах → /test/ (SERP: формат-статья достижим)
центры профориентации в россии,62,0,info,top,p07_centr_proforientacii,main,Расширить (раздел хаба),P1,/proforientaciya/,«Центр профориентации» → хаб/онлайн
какую юридическую профессию выбрать,61,B,info,top,b01_kakuyu_professiyu_vybrat,main,Создать новый контент-хаб,P1,/kak-vybrat-professiyu/,Инфо-хаб выбора профессии → /test/
ддо климов пройти онлайн,61,D,commercial,top,d09_ddo_klimova,main,Создать статью в хабе,P1,/testy-na-proforientaciyu/test-klimova/,ДДО Климова (та же методика)
какую профессию выбрать в университете,60,B,info,top,b01_kakuyu_professiyu_vybrat,main,Создать новый контент-хаб,P1,/kak-vybrat-professiyu/,Инфо-хаб выбора профессии → /test/
кем можно стать в армии,60,B,info,top,b03_kem_mozhno_stat,main,Расширить существующую,P0,/professiya/,«Кем можно стать» = список профессий → каталог
кем можно стать с химией,60,B,info,top,b03_kem_mozhno_stat,main,Расширить существующую,P0,/professiya/,«Кем можно стать» = список профессий → каталог
кем можно стать после педиатрии,60,B,info,top,b03_kem_mozhno_stat,main,Расширить существующую,P0,/professiya/,«Кем можно стать» = список профессий → каталог
куда стоит поступать после 11 класса,60,C,info,top,c02_kuda_postupat_posle_11,main,Создать новый контент-хаб,P2,/kuda-postupat-posle-11-klassa/,После 11 → вузы/направления (данные есть)
куда люди поступают после 11 класса,60,C,info,top,c02_kuda_postupat_posle_11,main,Создать новый контент-хаб,P2,/kuda-postupat-posle-11-klassa/,После 11 → вузы/направления (данные есть)
профессиональный тест на выбор профессии,60,D,info,top,d06_test_na_vybor_professii,main,Использовать существующую,P1,/test/,Прямой интент квиза
самые высокооплачиваемые профессии с биологией,60,E,info,top,e03_vysokooplachivaemye,main,Создать новую посадочную (рейтинг),P0,/professii-vysokooplachivaemye/,Рейтинг по зарплатам Росстата окт-2025 — данные есть
самые высокооплачиваемые профессии в строительстве,60,E,info,top,e03_vysokooplachivaemye,main,Создать новую посадочную (рейтинг),P0,/professii-vysokooplachivaemye/,Рейтинг по зарплатам Росстата окт-2025 — данные есть
день профориентации 2026,60,0,info,top,p08_proforientaciya_2026,main,Расширить (раздел хаба),P1,/proforientaciya/,Year-stamp → хаб
какую профессию выбрать высокооплачиваемую,59,B,info,top,b01_kakuyu_professiyu_vybrat,main,Создать новый контент-хаб,P1,/kak-vybrat-professiyu/,Инфо-хаб выбора профессии → /test/
gothic remake кем можно стать,59,B,info,top,b03_kem_mozhno_stat,main,Расширить существующую,P0,/professiya/,«Кем можно стать» = список профессий → каталог
куда можно поступить после 11 класса физмат,59,C,info,top,c02_kuda_postupat_posle_11,main,Создать новый контент-хаб,P2,/kuda-postupat-posle-11-klassa/,После 11 → вузы/направления (данные есть)
куда поступать девушке с информатикой,59,C,info,top,c08_kuda_postupat_devushke,main,Контент/фильтр (не дубль),P2,/kuda-postupat-posle-11-klassa/#devushke,Гендер-срез после 11
какая самая высокооплачиваемая профессия в мире,59,E,info,top,e03_vysokooplachivaemye,main,Создать новую посадочную (рейтинг),P0,/professii-vysokooplachivaemye/,Рейтинг по зарплатам Росстата окт-2025 — данные есть
профессиональная профориентация для школьников,59,0,info,top,p03_prof_dlya_shkolnikov,main,Расширить (раздел хаба),P1,/proforientaciya/,Срез «для школьников»
как надо выбирать профессию,58,B,info,top,b02_kak_vybrat_professiyu,main,Создать новый контент-хаб,P1,/kak-vybrat-professiyu/,Инфо-хаб → /test/
как выбирать профессию сочинение,58,B,info,top,b02_kak_vybrat_professiyu,aggregator,Создать новый контент-хаб,P1,/kak-vybrat-professiyu/,Инфо-хаб → /test/
кем можно стать в 2026,58,B,info,top,b03_kem_mozhno_stat,main,Расширить существующую,P0,/professiya/,«Кем можно стать» = список профессий → каталог
кем можно стать с хорошей зарплатой,58,B,info,top,b03_kem_mozhno_stat,main,Расширить существующую,P0,/professiya/,«Кем можно стать» = список профессий → каталог
кем можно стать сдавая русский математика,58,B,info,top,b03_kem_mozhno_stat,main,Расширить существующую,P0,/professiya/,«Кем можно стать» = список профессий → каталог
куда поступить после 11 класса таганрог,58,C,info,top,c02_kuda_postupat_posle_11,main,Создать новый контент-хаб,P2,/kuda-postupat-posle-11-klassa/,После 11 → вузы/направления (данные есть)
куда поступить после 11 класса в пскове,58,C,info,top,c02_kuda_postupat_posle_11,main,Создать новый контент-хаб,P2,/kuda-postupat-posle-11-klassa/,После 11 → вузы/направления (данные есть)
как выбрать куда поступать после 11 класса,58,C,info,top,c02_kuda_postupat_posle_11,main,Создать новый контент-хаб,P2,/kuda-postupat-posle-11-klassa/,После 11 → вузы/направления (данные есть)
куда поступить на прокурора после 11 класса,58,C,info,top,c02_kuda_postupat_posle_11,main,Создать новый контент-хаб,P2,/kuda-postupat-posle-11-klassa/,После 11 → вузы/направления (данные есть)
тестирование ддо климова,58,D,info,top,d09_ddo_klimova,main,Создать статью в хабе,P1,/testy-na-proforientaciyu/test-klimova/,ДДО Климова (та же методика)
кем можно стать в медицине,57,B,info,top,b03_kem_mozhno_stat,main,Расширить существующую,P0,/professiya/,«Кем можно стать» = список профессий → каталог
куда поступить на актера после 11 класса,57,C,info,top,c02_kuda_postupat_posle_11,main,Создать новый контент-хаб,P2,/kuda-postupat-posle-11-klassa/,После 11 → вузы/направления (данные есть)
куда поступить в сочи после 11 класса,57,C,info,top,c02_kuda_postupat_posle_11,aggregator,Создать новый контент-хаб,P2,/kuda-postupat-posle-11-klassa/,После 11 → вузы/направления (данные есть)
тест на профориентацию 6 класс,57,D,info,top,d01_test_na_proforientaciyu,main,Создать новый контент-хаб,P1,/testy-na-proforientaciyu/,Хаб о тестах → /test/ (SERP: формат-статья достижим)
тест на профориентацию е а климова,57,D,info,top,d01_test_na_proforientaciyu,main,Создать новый контент-хаб,P1,/testy-na-proforientaciyu/,Хаб о тестах → /test/ (SERP: формат-статья достижим)
профгид тест на профориентацию,57,D,nav,top,d01_test_na_proforientaciyu,main,Создать новый контент-хаб,P1,/testy-na-proforientaciyu/,Хаб о тестах → /test/ (SERP: формат-статья достижим)
тест на профориентацию 14 лет,57,D,info,top,d01_test_na_proforientaciyu,main,Создать новый контент-хаб,P1,/testy-na-proforientaciyu/,Хаб о тестах → /test/ (SERP: формат-статья достижим)
самые высокооплачиваемые профессии в корее,57,E,info,top,e03_vysokooplachivaemye,main,Создать новую посадочную (рейтинг),P0,/professii-vysokooplachivaemye/,Рейтинг по зарплатам Росстата окт-2025 — данные есть
топ 5 самых высокооплачиваемых профессий,57,E,info,top,e03_vysokooplachivaemye,main,Создать новую посадочную (рейтинг),P0,/professii-vysokooplachivaemye/,Рейтинг по зарплатам Росстата окт-2025 — данные есть
профориентация ростов на дону для школьников,57,0,info,top,p03_prof_dlya_shkolnikov,aggregator,Расширить (раздел хаба),P1,/proforientaciya/,Срез «для школьников»
краевой центр профориентации,57,0,commercial,top,p07_centr_proforientacii,main,Расширить (раздел хаба),P1,/proforientaciya/,«Центр профориентации» → хаб/онлайн
как выбрать любимую профессию,56,B,info,top,b02_kak_vybrat_professiyu,main,Создать новый контент-хаб,P1,/kak-vybrat-professiyu/,Инфо-хаб → /test/
как узнать как выбрать профессию,56,B,info,top,b02_kak_vybrat_professiyu,main,Создать новый контент-хаб,P1,/kak-vybrat-professiyu/,Инфо-хаб → /test/
пройти тест онлайн на выбор профессии,56,D,commercial,top,d06_test_na_vybor_professii,main,Использовать существующую,P1,/test/,Прямой интент квиза
д голланд тесты,56,D,info,top,d07_test_gollanda,main,Создать статью в хабе,P1,/testy-na-proforientaciyu/test-gollanda/,Именованная методика (RIASEC — рабочее название)
самые высокооплачиваемые профессии в новосибирске,56,E,info,top,e03_vysokooplachivaemye,aggregator,Создать новую посадочную (рейтинг),P0,/professii-vysokooplachivaemye/,Рейтинг по зарплатам Росстата окт-2025 — данные есть
самые высокооплачиваемые профессии без образования,56,E,info,top,e03_vysokooplachivaemye,main,Создать новую посадочную (рейтинг),P0,/professii-vysokooplachivaemye/,Рейтинг по зарплатам Росстата окт-2025 — данные есть
самые высокооплачиваемые профессии физмат,56,E,info,top,e03_vysokooplachivaemye,main,Создать новую посадочную (рейтинг),P0,/professii-vysokooplachivaemye/,Рейтинг по зарплатам Росстата окт-2025 — данные есть
профориентация для школьников 10 класс,56,0,info,top,p03_prof_dlya_shkolnikov,main,Расширить (раздел хаба),P1,/proforientaciya/,Срез «для школьников»
красноярский центр профориентации,56,0,commercial,top,p07_centr_proforientacii,aggregator,Расширить (раздел хаба),P1,/proforientaciya/,«Центр профориентации» → хаб/онлайн
направление профориентация для детей,55,0,info,top,a04_prof_dlya_rebenka,main,Расширить (раздел хаба),P1,/roditelyam/,Профессии для ребёнка (контент)
как выбрать дополнительную профессию,55,B,info,top,b02_kak_vybrat_professiyu,main,Создать новый контент-хаб,P1,/kak-vybrat-professiyu/,Инфо-хаб → /test/
как выбрать профессию в школе,55,B,info,top,b02_kak_vybrat_professiyu,main,Создать новый контент-хаб,P1,/kak-vybrat-professiyu/,Инфо-хаб → /test/
кем можно стать с биологией,55,B,info,top,b03_kem_mozhno_stat,main,Расширить существующую,P0,/professiya/,«Кем можно стать» = список профессий → каталог
куда поступать после 11 класса отзывы,55,C,info,top,c02_kuda_postupat_posle_11,main,Создать новый контент-хаб,P2,/kuda-postupat-posle-11-klassa/,После 11 → вузы/направления (данные есть)
куда можно поступить заграницу после 11 класса,55,C,info,top,c02_kuda_postupat_posle_11,main,Создать новый контент-хаб,P2,/kuda-postupat-posle-11-klassa/,После 11 → вузы/направления (данные есть)
куда поступать на туризм после 11 класса,55,C,info,top,c02_kuda_postupat_posle_11,main,Создать новый контент-хаб,P2,/kuda-postupat-posle-11-klassa/,После 11 → вузы/направления (данные есть)
пройти онлайн ддо климовой,55,D,commercial,top,d09_ddo_klimova,main,Создать статью в хабе,P1,/testy-na-proforientaciyu/test-klimova/,ДДО Климова (та же методика)
самые высокооплачиваемые профессии в рф,55,E,info,top,e03_vysokooplachivaemye,main,Создать новую посадочную (рейтинг),P0,/professii-vysokooplachivaemye/,Рейтинг по зарплатам Росстата окт-2025 — данные есть
самые высокооплачиваемые профессии в москве 2026,55,E,info,top,e03_vysokooplachivaemye,aggregator,Создать новую посадочную (рейтинг),P0,/professii-vysokooplachivaemye/,Рейтинг по зарплатам Росстата окт-2025 — данные есть
план профориентации в школе 2025 2026,55,0,info,top,p08_proforientaciya_2026,main,Расширить (раздел хаба),P1,/proforientaciya/,Year-stamp → хаб
проект профессии как выбрать,54,B,info,top,b02_kak_vybrat_professiyu,main,Создать новый контент-хаб,P1,/kak-vybrat-professiyu/,Инфо-хаб → /test/
как выбрать профессию цель,54,B,info,top,b02_kak_vybrat_professiyu,main,Создать новый контент-хаб,P1,/kak-vybrat-professiyu/,Инфо-хаб → /test/
кем можно стать рисуя,54,B,info,top,b03_kem_mozhno_stat,main,Расширить существующую,P0,/professiya/,«Кем можно стать» = список профессий → каталог
куда поступить парню в колледж,54,C,info,top,c09_kuda_postupat_parnyu,main,Контент/фильтр (не дубль),P2,/kuda-postupat-posle-11-klassa/#parnyu,Гендер-срез после 11
5 тестов на профориентацию,54,D,info,top,d01_test_na_proforientaciyu,main,Создать новый контент-хаб,P1,/testy-na-proforientaciyu/,Хаб о тестах → /test/ (SERP: формат-статья достижим)
тест на профориентацию поступи онлайн,54,D,nav,top,d01_test_na_proforientaciyu,main,Создать новый контент-хаб,P1,/testy-na-proforientaciyu/,Хаб о тестах → /test/ (SERP: формат-статья достижим)
тест дж голланда дж холланда,54,D,info,top,d07_test_gollanda,main,Создать статью в хабе,P1,/testy-na-proforientaciyu/test-gollanda/,Именованная методика (RIASEC — рабочее название)
10 самых высокооплачиваемых профессий для девушек,54,E,info,top,e03_vysokooplachivaemye,main,Создать новую посадочную (рейтинг),P0,/professii-vysokooplachivaemye/,Рейтинг по зарплатам Росстата окт-2025 — данные есть
провести профориентацию для школьников,54,0,info,top,p03_prof_dlya_shkolnikov,main,Расширить (раздел хаба),P1,/proforientaciya/,Срез «для школьников»
как выбирать профессию речь,53,B,info,top,b02_kak_vybrat_professiyu,main,Создать новый контент-хаб,P1,/kak-vybrat-professiyu/,Инфо-хаб → /test/
техникум кем можно стать,53,C,info,top,b03_kem_mozhno_stat,main,Расширить существующую,P0,/professiya/,«Кем можно стать» = список профессий → каталог
тест на определение профориентации,53,D,info,top,d01_test_na_proforientaciyu,main,Создать новый контент-хаб,P1,/testy-na-proforientaciyu/,Хаб о тестах → /test/ (SERP: формат-статья достижим)
сколько самая высокооплачиваемая профессия,53,E,info,top,e03_vysokooplachivaemye,main,Создать новую посадочную (рейтинг),P0,/professii-vysokooplachivaemye/,Рейтинг по зарплатам Росстата окт-2025 — данные есть
медицинская профориентация для школьников,53,0,info,top,p03_prof_dlya_shkolnikov,main,Расширить (раздел хаба),P1,/proforientaciya/,Срез «для школьников»
центр профориентации в школе,53,0,commercial,top,p07_centr_proforientacii,main,Расширить (раздел хаба),P1,/proforientaciya/,«Центр профориентации» → хаб/онлайн
красноярский краевой центр профориентации,53,0,commercial,top,p07_centr_proforientacii,aggregator,Расширить (раздел хаба),P1,/proforientaciya/,«Центр профориентации» → хаб/онлайн
как не ошибиться выбирая профессию,52,B,info,top,b02_kak_vybrat_professiyu,main,Создать новый контент-хаб,P1,/kak-vybrat-professiyu/,Инфо-хаб → /test/
вид занятий или профессия госуслуги как выбрать,52,B,commercial,top,b02_kak_vybrat_professiyu,main,Создать новый контент-хаб,P1,/kak-vybrat-professiyu/,Инфо-хаб → /test/
как выбрать первую профессию,52,B,info,top,b02_kak_vybrat_professiyu,main,Создать новый контент-хаб,P1,/kak-vybrat-professiyu/,Инфо-хаб → /test/
как выбрать медицинскую профессию,52,B,info,top,b02_kak_vybrat_professiyu,main,Создать новый контент-хаб,P1,/kak-vybrat-professiyu/,Инфо-хаб → /test/
куда поступить учиться парню,52,C,info,top,c09_kuda_postupat_parnyu,main,Контент/фильтр (не дубль),P2,/kuda-postupat-posle-11-klassa/#parnyu,Гендер-срез после 11
тест на профориентацию бесплатно 7 класс,52,D,commercial,top,d01_test_na_proforientaciyu,main,Создать новый контент-хаб,P1,/testy-na-proforientaciyu/,Хаб о тестах → /test/ (SERP: формат-статья достижим)
профориентация на психолога тест,52,D,info,top,d01_test_na_proforientaciyu,main,Создать новый контент-хаб,P1,/testy-na-proforientaciyu/,Хаб о тестах → /test/ (SERP: формат-статья достижим)
тест на выбор будущей профессии,52,D,info,top,d06_test_na_vybor_professii,main,Использовать существующую,P1,/test/,Прямой интент квиза
ддо климова результаты,52,D,info,top,d09_ddo_klimova,main,Создать статью в хабе,P1,/testy-na-proforientaciyu/test-klimova/,ДДО Климова (та же методика)
самые легкие и высокооплачиваемые профессии,52,E,info,top,e03_vysokooplachivaemye,main,Создать новую посадочную (рейтинг),P0,/professii-vysokooplachivaemye/,Рейтинг по зарплатам Росстата окт-2025 — данные есть
какую профессию выбрать чтобы много зарабатывать,51,B,info,top,b01_kakuyu_professiyu_vybrat,main,Создать новый контент-хаб,P1,/kak-vybrat-professiyu/,Инфо-хаб выбора профессии → /test/
выбор профессии как правильно выбрать профессию,51,B,info,top,b02_kak_vybrat_professiyu,main,Создать новый контент-хаб,P1,/kak-vybrat-professiyu/,Инфо-хаб → /test/
самые высокооплачиваемые профессии 2025,51,E,info,top,e03_vysokooplachivaemye,main,Создать новую посадочную (рейтинг),P0,/professii-vysokooplachivaemye/,Рейтинг по зарплатам Росстата окт-2025 — данные есть
сайт профориентации для школьников,51,0,info,top,p03_prof_dlya_shkolnikov,main,Расширить (раздел хаба),P1,/proforientaciya/,Срез «для школьников»
профориентация для детей и подростков,50,0,info,top,a04_prof_dlya_rebenka,main,Расширить (раздел хаба),P1,/roditelyam/,Профессии для ребёнка (контент)
как понять какую профессию выбрать по душе,50,B,info,top,b01_kakuyu_professiyu_vybrat,main,Создать новый контент-хаб,P1,/kak-vybrat-professiyu/,Инфо-хаб выбора профессии → /test/
профориентация какая профессия мне подходит,50,0,info,top,b05_kakaya_professiya_podhodit,main,Создать новый контент-хаб,P1,/kak-vybrat-professiyu/,Подбор профессии → /test/
куда поступать на режиссера после 11 класса,50,C,info,top,c02_kuda_postupat_posle_11,main,Создать новый контент-хаб,P2,/kuda-postupat-posle-11-klassa/,После 11 → вузы/направления (данные есть)
кем можно стать после 9 класса мальчику,50,C,info,top,c07_kem_stat_posle_9,main,Gated — нужны данные,P3,—,Нет данных СПО
методика голланда тест на профориентацию,50,D,info,top,d01_test_na_proforientaciyu,main,Создать новый контент-хаб,P1,/testy-na-proforientaciyu/,Хаб о тестах → /test/ (SERP: формат-статья достижим)
пройти тест на выбор профессии бесплатно,50,D,commercial,top,d06_test_na_vybor_professii,main,Использовать существующую,P1,/test/,Прямой интент квиза
климов ддо профессии,50,D,info,top,d09_ddo_klimova,main,Создать статью в хабе,P1,/testy-na-proforientaciyu/test-klimova/,ДДО Климова (та же методика)
тест профориентация бесплатно для школьников 11 класс,50,D,commercial,top,p03_prof_dlya_shkolnikov,main,Расширить (раздел хаба),P1,/proforientaciya/,Срез «для школьников»
центр профориентации санкт петербург,50,0,commercial,top,p07_centr_proforientacii,main,Расширить (раздел хаба),P1,/proforientaciya/,«Центр профориентации» → хаб/онлайн
как помочь ребенку выбрать профессию после 9,49,A,info,top,b02_kak_vybrat_professiyu,main,Создать новый контент-хаб,P1,/kak-vybrat-professiyu/,Инфо-хаб → /test/
какая профессия мне подходит по дате,49,B,info,top,b05_kakaya_professiya_podhodit,main,Создать новый контент-хаб,P1,/kak-vybrat-professiyu/,Подбор профессии → /test/
куда поступить на маркетолога после 11 класса,49,C,info,top,c02_kuda_postupat_posle_11,main,Создать новый контент-хаб,P2,/kuda-postupat-posle-11-klassa/,После 11 → вузы/направления (данные есть)
профориентация для учеников 9 класса,49,0,info,top,p05_prof_9_klass,main,Расширить (раздел хаба),P1,/proforientaciya/,"Профориентация 9 класс (контент, не листинг СПО)"
краевой центр профориентации и развития квалификаций,49,0,commercial,top,p07_centr_proforientacii,main,Расширить (раздел хаба),P1,/proforientaciya/,«Центр профориентации» → хаб/онлайн
красноярский краевой центр профориентации и развития квалификаций,49,0,commercial,top,p07_centr_proforientacii,aggregator,Расширить (раздел хаба),P1,/proforientaciya/,«Центр профориентации» → хаб/онлайн
красноярский центр профориентации и развития,49,0,commercial,top,p07_centr_proforientacii,aggregator,Расширить (раздел хаба),P1,/proforientaciya/,«Центр профориентации» → хаб/онлайн
красноярский центр профориентации и развития квалификаций,49,0,commercial,top,p07_centr_proforientacii,aggregator,Расширить (раздел хаба),P1,/proforientaciya/,«Центр профориентации» → хаб/онлайн
центр профориентации московского метрополитена,49,0,commercial,top,p07_centr_proforientacii,aggregator,Расширить (раздел хаба),P1,/proforientaciya/,«Центр профориентации» → хаб/онлайн
куда поступить после 11 класса калькулятор егэ,48,C,info,top,c02_kuda_postupat_posle_11,main,Создать новый контент-хаб,P2,/kuda-postupat-posle-11-klassa/,После 11 → вузы/направления (данные есть)
мчс куда поступать после 9 девушке,48,C,info,top,c08_kuda_postupat_devushke,main,Контент/фильтр (не дубль),P2,/kuda-postupat-posle-11-klassa/#devushke,Гендер-срез после 11
пройти тест на выбор профессии онлайн бесплатно,48,D,commercial,top,d06_test_na_vybor_professii,main,Использовать существующую,P1,/test/,Прямой интент квиза
какую ребенку можно выбрать профессию,47,B,info,top,b01_kakuyu_professiyu_vybrat,main,Создать новый контент-хаб,P1,/kak-vybrat-professiyu/,Инфо-хаб выбора профессии → /test/
какая профессия подходит мне по дате рождения,47,B,info,top,b05_kakaya_professiya_podhodit,main,Создать новый контент-хаб,P1,/kak-vybrat-professiyu/,Подбор профессии → /test/
куда поступить на косметолога после 11 класса,47,C,info,top,c02_kuda_postupat_posle_11,main,Создать новый контент-хаб,P2,/kuda-postupat-posle-11-klassa/,После 11 → вузы/направления (данные есть)
менеджер куда поступать после 11 класса,47,C,info,top,c02_kuda_postupat_posle_11,main,Создать новый контент-хаб,P2,/kuda-postupat-posle-11-klassa/,После 11 → вузы/направления (данные есть)
тест на профориентацию для подростков бесплатно онлайн,47,D,commercial,top,d01_test_na_proforientaciyu,main,Создать новый контент-хаб,P1,/testy-na-proforientaciyu/,Хаб о тестах → /test/ (SERP: формат-статья достижим)
тест на профориентацию грейс,47,D,info,top,d01_test_na_proforientaciyu,main,Создать новый контент-хаб,P1,/testy-na-proforientaciyu/,Хаб о тестах → /test/ (SERP: формат-статья достижим)
профориентация для подростков обучение,47,0,info,top,p02_prof_dlya_podrostkov,main,Расширить (раздел хаба),P1,/proforientaciya/,Срез «для подростков»
экскурсии профориентации для школьников,47,0,info,top,p03_prof_dlya_shkolnikov,main,Расширить (раздел хаба),P1,/proforientaciya/,Срез «для школьников»
центр профориентации метро,47,0,commercial,top,p07_centr_proforientacii,main,Расширить (раздел хаба),P1,/proforientaciya/,«Центр профориентации» → хаб/онлайн
какую профессию выбрать физмату,46,B,info,top,b01_kakuyu_professiyu_vybrat,main,Создать новый контент-хаб,P1,/kak-vybrat-professiyu/,Инфо-хаб выбора профессии → /test/
какую профессию выбрать парню после 11,46,C,info,top,b01_kakuyu_professiyu_vybrat,main,Создать новый контент-хаб,P1,/kak-vybrat-professiyu/,Инфо-хаб выбора профессии → /test/
какую профессию выбрать после 11 класса парню,46,C,info,top,b01_kakuyu_professiyu_vybrat,main,Создать новый контент-хаб,P1,/kak-vybrat-professiyu/,Инфо-хаб выбора профессии → /test/
как узнать какую профессию выбрать,46,B,info,top,b01_kakuyu_professiyu_vybrat,main,Создать новый контент-хаб,P1,/kak-vybrat-professiyu/,Инфо-хаб выбора профессии → /test/
как выбрать творческую профессию,46,B,info,top,b02_kak_vybrat_professiyu,main,Создать новый контент-хаб,P1,/kak-vybrat-professiyu/,Инфо-хаб → /test/
как заставить жителя выбрать профессию,46,B,info,top,b02_kak_vybrat_professiyu,main,Создать новый контент-хаб,P1,/kak-vybrat-professiyu/,Инфо-хаб → /test/
куда поступить в мурманске после 11 класса,46,C,info,top,c02_kuda_postupat_posle_11,aggregator,Создать новый контент-хаб,P2,/kuda-postupat-posle-11-klassa/,После 11 → вузы/направления (данные есть)
куда поступать после 11 класса в беларуси,46,C,info,top,c02_kuda_postupat_posle_11,main,Создать новый контент-хаб,P2,/kuda-postupat-posle-11-klassa/,После 11 → вузы/направления (данные есть)
куда поступать девушкам в военные училища,46,C,info,top,c08_kuda_postupat_devushke,main,Контент/фильтр (не дубль),P2,/kuda-postupat-posle-11-klassa/#devushke,Гендер-срез после 11
центр профориентации тест,46,D,commercial,top,p07_centr_proforientacii,main,Расширить (раздел хаба),P1,/proforientaciya/,«Центр профориентации» → хаб/онлайн
профориентация для ребенка онлайн,45,A,commercial,top,a04_prof_dlya_rebenka,main,Расширить (раздел хаба),P1,/roditelyam/,Профессии для ребёнка (контент)
профориентация для детей раннего возраста,45,0,info,top,a04_prof_dlya_rebenka,main,Расширить (раздел хаба),P1,/roditelyam/,Профессии для ребёнка (контент)
форум какую профессию выбрать,45,B,info,top,b01_kakuyu_professiyu_vybrat,main,Создать новый контент-хаб,P1,/kak-vybrat-professiyu/,Инфо-хаб выбора профессии → /test/
какую выбрать профессию рыбе,45,B,info,top,b01_kakuyu_professiyu_vybrat,main,Создать новый контент-хаб,P1,/kak-vybrat-professiyu/,Инфо-хаб выбора профессии → /test/
совет как выбрать профессию,45,B,info,top,b02_kak_vybrat_professiyu,main,Создать новый контент-хаб,P1,/kak-vybrat-professiyu/,Инфо-хаб → /test/
как выбрать будущую профессию подростку,45,B,info,top,b02_kak_vybrat_professiyu,main,Создать новый контент-хаб,P1,/kak-vybrat-professiyu/,Инфо-хаб → /test/
как выбрать свое дело профессия,45,B,info,top,b02_kak_vybrat_professiyu,main,Создать новый контент-хаб,P1,/kak-vybrat-professiyu/,Инфо-хаб → /test/
какая творческая профессия мне подходит тест,45,D,info,top,b05_kakaya_professiya_podhodit,main,Создать новый контент-хаб,P1,/kak-vybrat-professiyu/,Подбор профессии → /test/
кем стать после 9 класса парню,45,C,info,top,c07_kem_stat_posle_9,main,Gated — нужны данные,P3,—,Нет данных СПО
куда можно поступить после 11 парню,45,C,info,top,c09_kuda_postupat_parnyu,main,Контент/фильтр (не дубль),P2,/kuda-postupat-posle-11-klassa/#parnyu,Гендер-срез после 11
выбор профессии тест на профессиональную ориентацию,45,D,info,top,d06_test_na_vybor_professii,main,Использовать существующую,P1,/test/,Прямой интент квиза
как помочь выбрать профессию подростку,44,A,info,top,a02_kak_pomoch_podrostku,main,Расширить (раздел хаба),P1,/roditelyam/,Родителям подростка
какую гуманитарную профессию выбрать,44,B,info,top,b01_kakuyu_professiyu_vybrat,main,Создать новый контент-хаб,P1,/kak-vybrat-professiyu/,Инфо-хаб выбора профессии → /test/
какую профессию выбрать 40,44,B,info,top,b01_kakuyu_professiyu_vybrat,main,Создать новый контент-хаб,P1,/kak-vybrat-professiyu/,Инфо-хаб выбора профессии → /test/
ддо опросник климова онлайн,44,D,info,top,d09_ddo_klimova,main,Создать статью в хабе,P1,/testy-na-proforientaciyu/test-klimova/,ДДО Климова (та же методика)
диагностика профориентации 9 класс,44,0,info,top,p05_prof_9_klass,main,Расширить (раздел хаба),P1,/proforientaciya/,"Профориентация 9 класс (контент, не листинг СПО)"
проект какую профессию выбрать,43,B,info,top,b01_kakuyu_professiyu_vybrat,main,Создать новый контент-хаб,P1,/kak-vybrat-professiyu/,Инфо-хаб выбора профессии → /test/
яндекс какую профессию выбрать,43,B,info,top,b01_kakuyu_professiyu_vybrat,main,Создать новый контент-хаб,P1,/kak-vybrat-professiyu/,Инфо-хаб выбора профессии → /test/
какую профессию выбрать по дате рождения,43,B,info,top,b01_kakuyu_professiyu_vybrat,main,Создать новый контент-хаб,P1,/kak-vybrat-professiyu/,Инфо-хаб выбора профессии → /test/
как определить какая профессия мне подходит,43,B,info,top,b05_kakaya_professiya_podhodit,main,Создать новый контент-хаб,P1,/kak-vybrat-professiyu/,Подбор профессии → /test/
куда поступить после 11 класса в майкопе,43,C,info,top,c02_kuda_postupat_posle_11,main,Создать новый контент-хаб,P2,/kuda-postupat-posle-11-klassa/,После 11 → вузы/направления (данные есть)
наталья грейс тест на профориентацию,43,D,info,top,d01_test_na_proforientaciyu,main,Создать новый контент-хаб,P1,/testy-na-proforientaciyu/,Хаб о тестах → /test/ (SERP: формат-статья достижим)
тест на профориентацию для школьников 6,43,D,info,top,d01_test_na_proforientaciyu,main,Создать новый контент-хаб,P1,/testy-na-proforientaciyu/,Хаб о тестах → /test/ (SERP: формат-статья достижим)
тест на профориентацию для школьников 6 класс,43,D,info,top,d01_test_na_proforientaciyu,main,Создать новый контент-хаб,P1,/testy-na-proforientaciyu/,Хаб о тестах → /test/ (SERP: формат-статья достижим)
тест на профориентацию точный бесплатно,43,D,commercial,top,d01_test_na_proforientaciyu,main,Создать новый контент-хаб,P1,/testy-na-proforientaciyu/,Хаб о тестах → /test/ (SERP: формат-статья достижим)
адукар тест на профориентацию,43,D,nav,top,d01_test_na_proforientaciyu,main,Создать новый контент-хаб,P1,/testy-na-proforientaciyu/,Хаб о тестах → /test/ (SERP: формат-статья достижим)
тест онлайн профориентация ддо климов,43,D,commercial,top,d09_ddo_klimova,main,Создать статью в хабе,P1,/testy-na-proforientaciyu/test-klimova/,ДДО Климова (та же методика)
тест климова ддо пройти онлайн,43,D,commercial,top,d09_ddo_klimova,main,Создать статью в хабе,P1,/testy-na-proforientaciyu/test-klimova/,ДДО Климова (та же методика)
диагностика ддо климова,43,D,info,top,d09_ddo_klimova,main,Создать статью в хабе,P1,/testy-na-proforientaciyu/test-klimova/,ДДО Климова (та же методика)
какую профессию выбрать в вов,42,B,info,top,b01_kakuyu_professiyu_vybrat,main,Создать новый контент-хаб,P1,/kak-vybrat-professiyu/,Инфо-хаб выбора профессии → /test/
какую профессию выбрать люблю рисовать,42,B,info,top,b01_kakuyu_professiyu_vybrat,main,Создать новый контент-хаб,P1,/kak-vybrat-professiyu/,Инфо-хаб выбора профессии → /test/
самый лучший тест на профориентацию,42,D,info,top,d01_test_na_proforientaciyu,main,Создать новый контент-хаб,P1,/testy-na-proforientaciyu/,Хаб о тестах → /test/ (SERP: формат-статья достижим)
тест на профориентацию человек техника,42,D,info,top,d01_test_na_proforientaciyu,main,Создать новый контент-хаб,P1,/testy-na-proforientaciyu/,Хаб о тестах → /test/ (SERP: формат-статья достижим)
профориентация для школьников и подростков,42,0,info,top,p02_prof_dlya_podrostkov,main,Расширить (раздел хаба),P1,/proforientaciya/,Срез «для подростков»
план по профориентации на 2025 2026,42,0,info,top,p08_proforientaciya_2026,main,Расширить (раздел хаба),P1,/proforientaciya/,Year-stamp → хаб
профориентация ребенка тест онлайн,41,D,commercial,top,a04_prof_dlya_rebenka,main,Расширить (раздел хаба),P1,/roditelyam/,Профессии для ребёнка (контент)
какая сфера профессий мне подходит,41,B,info,top,b05_kakaya_professiya_podhodit,main,Создать новый контент-хаб,P1,/kak-vybrat-professiyu/,Подбор профессии → /test/
куда выгодно поступать после 11 класса,41,C,info,top,c02_kuda_postupat_posle_11,main,Создать новый контент-хаб,P2,/kuda-postupat-posle-11-klassa/,После 11 → вузы/направления (данные есть)
подробный тест на профориентацию,41,D,info,top,d01_test_na_proforientaciyu,main,Создать новый контент-хаб,P1,/testy-na-proforientaciyu/,Хаб о тестах → /test/ (SERP: формат-статья достижим)
тест на профориентацию для подростков 14 лет,41,D,info,top,d01_test_na_proforientaciyu,main,Создать новый контент-хаб,P1,/testy-na-proforientaciyu/,Хаб о тестах → /test/ (SERP: формат-статья достижим)
тест на тип профориентации,41,D,info,top,d01_test_na_proforientaciyu,main,Создать новый контент-хаб,P1,/testy-na-proforientaciyu/,Хаб о тестах → /test/ (SERP: формат-статья достижим)
тест профессиональный тип личности дж голланда,41,D,info,top,d07_test_gollanda,main,Создать статью в хабе,P1,/testy-na-proforientaciyu/test-gollanda/,Именованная методика (RIASEC — рабочее название)
тест дж голланда на определение профессионального,41,D,info,top,d07_test_gollanda,main,Создать статью в хабе,P1,/testy-na-proforientaciyu/test-gollanda/,Именованная методика (RIASEC — рабочее название)
ддо климова вопросы,41,D,info,top,d09_ddo_klimova,main,Создать статью в хабе,P1,/testy-na-proforientaciyu/test-klimova/,ДДО Климова (та же методика)
ранняя профориентации для школьников,41,0,info,top,p03_prof_dlya_shkolnikov,main,Расширить (раздел хаба),P1,/proforientaciya/,Срез «для школьников»
алиса какую профессию выбрать,40,B,info,top,b01_kakuyu_professiyu_vybrat,main,Создать новый контент-хаб,P1,/kak-vybrat-professiyu/,Инфо-хаб выбора профессии → /test/
какую профессию выбрать с биологией,40,B,info,top,b01_kakuyu_professiyu_vybrat,main,Создать новый контент-хаб,P1,/kak-vybrat-professiyu/,Инфо-хаб выбора профессии → /test/
какая айти профессия мне подходит,40,B,info,top,b05_kakaya_professiya_podhodit,main,Создать новый контент-хаб,P1,/kak-vybrat-professiyu/,Подбор профессии → /test/
тест на профориентацию школа,40,D,info,top,d01_test_na_proforientaciyu,main,Создать новый контент-хаб,P1,/testy-na-proforientaciyu/,Хаб о тестах → /test/ (SERP: формат-статья достижим)
тест на профориентацию в колледж,40,D,info,top,d01_test_na_proforientaciyu,main,Создать новый контент-хаб,P1,/testy-na-proforientaciyu/,Хаб о тестах → /test/ (SERP: формат-статья достижим)
тесты на профориентацию сайт,40,D,info,top,d01_test_na_proforientaciyu,main,Создать новый контент-хаб,P1,/testy-na-proforientaciyu/,Хаб о тестах → /test/ (SERP: формат-статья достижим)
тест джона голланда,40,D,info,top,d07_test_gollanda,main,Создать статью в хабе,P1,/testy-na-proforientaciyu/test-gollanda/,Именованная методика (RIASEC — рабочее название)
вопросы для профориентации школьников,40,0,info,top,p03_prof_dlya_shkolnikov,main,Расширить (раздел хаба),P1,/proforientaciya/,Срез «для школьников»
тестирование на профориентацию для учеников 9 класса,40,D,info,top,p05_prof_9_klass,main,Расширить (раздел хаба),P1,/proforientaciya/,"Профориентация 9 класс (контент, не листинг СПО)"
профориентация для детей 10 лет,39,0,info,top,a04_prof_dlya_rebenka,main,Расширить (раздел хаба),P1,/roditelyam/,Профессии для ребёнка (контент)
профориентация для детей 12 лет,39,0,info,top,a04_prof_dlya_rebenka,main,Расширить (раздел хаба),P1,/roditelyam/,Профессии для ребёнка (контент)
стардью валлей какие профессии выбирать,39,B,info,top,b01_kakuyu_professiyu_vybrat,main,Создать новый контент-хаб,P1,/kak-vybrat-professiyu/,Инфо-хаб выбора профессии → /test/
стардью валли какие профессии выбирать,39,B,info,top,b01_kakuyu_professiyu_vybrat,main,Создать новый контент-хаб,P1,/kak-vybrat-professiyu/,Инфо-хаб выбора профессии → /test/
какую профессию программирования выбрать,39,B,info,top,b01_kakuyu_professiyu_vybrat,main,Создать новый контент-хаб,P1,/kak-vybrat-professiyu/,Инфо-хаб выбора профессии → /test/
как проходит тест на профориентацию,39,D,info,top,d01_test_na_proforientaciyu,main,Создать новый контент-хаб,P1,/testy-na-proforientaciyu/,Хаб о тестах → /test/ (SERP: формат-статья достижим)
тест резапкина на профориентацию,39,D,info,top,d01_test_na_proforientaciyu,main,Создать новый контент-хаб,P1,/testy-na-proforientaciyu/,Хаб о тестах → /test/ (SERP: формат-статья достижим)
тест потемкиной на профориентацию,39,D,info,top,d01_test_na_proforientaciyu,main,Создать новый контент-хаб,P1,/testy-na-proforientaciyu/,Хаб о тестах → /test/ (SERP: формат-статья достижим)
тест профориентации онлайн 7 класс,39,D,commercial,top,d03_test_online,main,Расширить (раздел хаба),P1,/testy-na-proforientaciyu/,«Онлайн» → квиз
вопросы для профориентации подростков,39,0,info,top,p02_prof_dlya_podrostkov,main,Расширить (раздел хаба),P1,/proforientaciya/,Срез «для подростков»
курсы по профориентации для школьников,39,0,info,top,p03_prof_dlya_shkolnikov,main,Расширить (раздел хаба),P1,/proforientaciya/,Срез «для школьников»
профориентация в школе 9 класс,39,0,info,top,p05_prof_9_klass,main,Расширить (раздел хаба),P1,/proforientaciya/,"Профориентация 9 класс (контент, не листинг СПО)"
какую профессию выбрать художнику,38,B,info,top,b01_kakuyu_professiyu_vybrat,main,Создать новый контент-хаб,P1,/kak-vybrat-professiyu/,Инфо-хаб выбора профессии → /test/
какую профессию выбрать видео,38,B,info,top,b01_kakuyu_professiyu_vybrat,main,Создать новый контент-хаб,P1,/kak-vybrat-professiyu/,Инфо-хаб выбора профессии → /test/
куда легче всего поступить после 11 класса,38,C,info,top,c02_kuda_postupat_posle_11,main,Создать новый контент-хаб,P2,/kuda-postupat-posle-11-klassa/,После 11 → вузы/направления (данные есть)
куда поступать на полицейского после 11 класса,38,C,info,top,c02_kuda_postupat_posle_11,main,Создать новый контент-хаб,P2,/kuda-postupat-posle-11-klassa/,После 11 → вузы/направления (данные есть)
куда можно поступить девушке на военную специальность,38,C,info,top,c08_kuda_postupat_devushke,main,Контент/фильтр (не дубль),P2,/kuda-postupat-posle-11-klassa/#devushke,Гендер-срез после 11
тест на профориентацию человек природа,38,D,info,top,d01_test_na_proforientaciyu,main,Создать новый контент-хаб,P1,/testy-na-proforientaciyu/,Хаб о тестах → /test/ (SERP: формат-статья достижим)
расшифровка теста голланда,38,D,info,top,d07_test_gollanda,main,Создать статью в хабе,P1,/testy-na-proforientaciyu/test-gollanda/,Именованная методика (RIASEC — рабочее название)
план профориентации 2026 2027 учебный год,38,0,info,top,p08_proforientaciya_2026,main,Расширить (раздел хаба),P1,/proforientaciya/,Year-stamp → хаб
какую профессию выбрать после школы,37,B,info,top,b01_kakuyu_professiyu_vybrat,main,Создать новый контент-хаб,P1,/kak-vybrat-professiyu/,Инфо-хаб выбора профессии → /test/
какую профессию выбрать мальчику после 11 класса,37,C,info,top,b01_kakuyu_professiyu_vybrat,main,Создать новый контент-хаб,P1,/kak-vybrat-professiyu/,Инфо-хаб выбора профессии → /test/
какую профессию выбрать для удаленной работы,37,B,info,top,b01_kakuyu_professiyu_vybrat,main,Создать новый контент-хаб,P1,/kak-vybrat-professiyu/,Инфо-хаб выбора профессии → /test/
тест на профориентацию отзывы,37,D,info,top,d01_test_na_proforientaciyu,main,Создать новый контент-хаб,P1,/testy-na-proforientaciyu/,Хаб о тестах → /test/ (SERP: формат-статья достижим)
быстрый тест на профориентацию,37,D,info,top,d01_test_na_proforientaciyu,main,Создать новый контент-хаб,P1,/testy-na-proforientaciyu/,Хаб о тестах → /test/ (SERP: формат-статья достижим)
тест ддо климова по профориентации пройти,37,D,commercial,top,d09_ddo_klimova,main,Создать статью в хабе,P1,/testy-na-proforientaciyu/test-klimova/,ДДО Климова (та же методика)
онлайн тестирование на профориентацию,37,D,commercial,top,p04_prof_online,main,Расширить (раздел хаба),P1,/proforientaciya/,«Онлайн» → /test/
профориентация тест онлайн бесплатно 7 класс,37,D,commercial,top,p04_prof_online,main,Расширить (раздел хаба),P1,/proforientaciya/,«Онлайн» → /test/
какую профессию выбрать раку,36,B,info,top,b01_kakuyu_professiyu_vybrat,main,Создать новый контент-хаб,P1,/kak-vybrat-professiyu/,Инфо-хаб выбора профессии → /test/
натальная карта какую профессию выбрать,36,B,info,top,b01_kakuyu_professiyu_vybrat,main,Создать новый контент-хаб,P1,/kak-vybrat-professiyu/,Инфо-хаб выбора профессии → /test/
какие профессии выбирает молодежь,36,B,info,top,b01_kakuyu_professiyu_vybrat,main,Создать новый контент-хаб,P1,/kak-vybrat-professiyu/,Инфо-хаб выбора профессии → /test/
тест дж голланда определение профессионального типа,36,D,info,top,d07_test_gollanda,main,Создать статью в хабе,P1,/testy-na-proforientaciyu/test-gollanda/,Именованная методика (RIASEC — рабочее название)
профориентация для детей обучение,35,0,info,top,a04_prof_dlya_rebenka,main,Расширить (раздел хаба),P1,/roditelyam/,Профессии для ребёнка (контент)
какую ит профессию выбрать,35,B,info,top,b01_kakuyu_professiyu_vybrat,main,Создать новый контент-хаб,P1,/kak-vybrat-professiyu/,Инфо-хаб выбора профессии → /test/
работа россии тест на профориентацию,35,D,info,top,d01_test_na_proforientaciyu,main,Создать новый контент-хаб,P1,/testy-na-proforientaciyu/,Хаб о тестах → /test/ (SERP: формат-статья достижим)
тест на профориентацию в москве,35,D,info,top,d01_test_na_proforientaciyu,aggregator,Создать новый контент-хаб,P1,/testy-na-proforientaciyu/,Хаб о тестах → /test/ (SERP: формат-статья достижим)
тест на профориентацию на специальность,35,D,info,top,d01_test_na_proforientaciyu,main,Создать новый контент-хаб,P1,/testy-na-proforientaciyu/,Хаб о тестах → /test/ (SERP: формат-статья достижим)
короткий тест на профориентацию,35,D,info,top,d01_test_na_proforientaciyu,main,Создать новый контент-хаб,P1,/testy-na-proforientaciyu/,Хаб о тестах → /test/ (SERP: формат-статья достижим)
тест подростку на выбор профессии,35,D,info,top,d06_test_na_vybor_professii,main,Использовать существующую,P1,/test/,Прямой интент квиза
профориентация для школьников тестирование бесплатно,35,D,commercial,top,p03_prof_dlya_shkolnikov,main,Расширить (раздел хаба),P1,/proforientaciya/,Срез «для школьников»
отзывы какую профессию выбрать,34,B,info,top,b01_kakuyu_professiyu_vybrat,main,Создать новый контент-хаб,P1,/kak-vybrat-professiyu/,Инфо-хаб выбора профессии → /test/
какую профессию выбрать таро,34,B,info,top,b01_kakuyu_professiyu_vybrat,main,Создать новый контент-хаб,P1,/kak-vybrat-professiyu/,Инфо-хаб выбора профессии → /test/
какая профессия мне подходит uquiz,34,B,info,top,b05_kakaya_professiya_podhodit,main,Создать новый контент-хаб,P1,/kak-vybrat-professiyu/,Подбор профессии → /test/
какая профессия мне подходит тест uquiz,34,D,info,top,b05_kakaya_professiya_podhodit,main,Создать новый контент-хаб,P1,/kak-vybrat-professiyu/,Подбор профессии → /test/
кем стать девочке после 9 класса,34,C,info,top,c07_kem_stat_posle_9,main,Gated — нужны данные,P3,—,Нет данных СПО
куда поступить девушке в военный вуз,34,C,info,top,c08_kuda_postupat_devushke,main,Контент/фильтр (не дубль),P2,/kuda-postupat-posle-11-klassa/#devushke,Гендер-срез после 11
тест ддо климова по профориентации пройти онлайн,34,D,commercial,top,d09_ddo_klimova,main,Создать статью в хабе,P1,/testy-na-proforientaciyu/test-klimova/,ДДО Климова (та же методика)
профориентация ярославль для школьников,34,0,info,top,p03_prof_dlya_shkolnikov,aggregator,Расширить (раздел хаба),P1,/proforientaciya/,Срез «для школьников»
программа профориентации в школе 2025 2026,34,0,info,top,p08_proforientaciya_2026,main,Расширить (раздел хаба),P1,/proforientaciya/,Year-stamp → хаб
козерог какую профессию выбрать,33,B,info,top,b01_kakuyu_professiyu_vybrat,main,Создать новый контент-хаб,P1,/kak-vybrat-professiyu/,Инфо-хаб выбора профессии → /test/
какие профессии выбрать девушке после колледжа,33,C,info,top,b01_kakuyu_professiyu_vybrat,both,Создать новый контент-хаб,P1,/kak-vybrat-professiyu/,Инфо-хаб выбора профессии → /test/
какую профессию выбрать 2025,33,B,info,top,b01_kakuyu_professiyu_vybrat,main,Создать новый контент-хаб,P1,/kak-vybrat-professiyu/,Инфо-хаб выбора профессии → /test/
карьер тест на профориентацию,33,D,info,top,d01_test_na_proforientaciyu,main,Создать новый контент-хаб,P1,/testy-na-proforientaciyu/,Хаб о тестах → /test/ (SERP: формат-статья достижим)
тест на профориентацию учащихся,33,D,info,top,d01_test_na_proforientaciyu,main,Создать новый контент-хаб,P1,/testy-na-proforientaciyu/,Хаб о тестах → /test/ (SERP: формат-статья достижим)
голомшток тест на профориентацию,33,D,info,top,d01_test_na_proforientaciyu,main,Создать новый контент-хаб,P1,/testy-na-proforientaciyu/,Хаб о тестах → /test/ (SERP: формат-статья достижим)
тест на профориентацию для 10 класса,33,D,info,top,d01_test_na_proforientaciyu,main,Создать новый контент-хаб,P1,/testy-na-proforientaciyu/,Хаб о тестах → /test/ (SERP: формат-статья достижим)
профориентация для школьников пройти тест,33,D,commercial,top,p03_prof_dlya_shkolnikov,main,Расширить (раздел хаба),P1,/proforientaciya/,Срез «для школьников»
тестирование на профориентацию для школьников 9,33,D,info,top,p03_prof_dlya_shkolnikov,main,Расширить (раздел хаба),P1,/proforientaciya/,Срез «для школьников»
классные часы профориентация 9 класс,33,0,info,top,p05_prof_9_klass,main,Расширить (раздел хаба),P1,/proforientaciya/,"Профориентация 9 класс (контент, не листинг СПО)"
беседа профориентация 9 класс,33,0,info,top,p05_prof_9_klass,main,Расширить (раздел хаба),P1,/proforientaciya/,"Профориентация 9 класс (контент, не листинг СПО)"
тест какую профессию выбрать после 11,32,D,info,top,b01_kakuyu_professiyu_vybrat,main,Создать новый контент-хаб,P1,/kak-vybrat-professiyu/,Инфо-хаб выбора профессии → /test/
какую it профессию выбрать с нуля,32,B,info,top,b01_kakuyu_professiyu_vybrat,main,Создать новый контент-хаб,P1,/kak-vybrat-professiyu/,Инфо-хаб выбора профессии → /test/
какую военную профессию выбрать,32,B,info,top,b01_kakuyu_professiyu_vybrat,main,Создать новый контент-хаб,P1,/kak-vybrat-professiyu/,Инфо-хаб выбора профессии → /test/
стрелец какую профессию выбрать,32,B,info,top,b01_kakuyu_professiyu_vybrat,main,Создать новый контент-хаб,P1,/kak-vybrat-professiyu/,Инфо-хаб выбора профессии → /test/
бесплатный тест на профориентацию ребенка,32,D,commercial,top,d01_test_na_proforientaciyu,main,Создать новый контент-хаб,P1,/testy-na-proforientaciyu/,Хаб о тестах → /test/ (SERP: формат-статья достижим)
тест на профориентацию дж,32,D,info,top,d01_test_na_proforientaciyu,main,Создать новый контент-хаб,P1,/testy-na-proforientaciyu/,Хаб о тестах → /test/ (SERP: формат-статья достижим)
тест на профориентацию личности,32,D,info,top,d01_test_na_proforientaciyu,main,Создать новый контент-хаб,P1,/testy-na-proforientaciyu/,Хаб о тестах → /test/ (SERP: формат-статья достижим)
профориентация для подростков мероприятие,32,0,info,top,p02_prof_dlya_podrostkov,main,Расширить (раздел хаба),P1,/proforientaciya/,Срез «для подростков»
профориентация методики для подростков,32,0,info,top,p02_prof_dlya_podrostkov,main,Расширить (раздел хаба),P1,/proforientaciya/,Срез «для подростков»
профориентация новосибирск для школьников,32,0,info,top,p03_prof_dlya_shkolnikov,aggregator,Расширить (раздел хаба),P1,/proforientaciya/,Срез «для школьников»
какую профессию выбрать если сдаешь физику,31,B,info,top,b01_kakuyu_professiyu_vybrat,main,Создать новый контент-хаб,P1,/kak-vybrat-professiyu/,Инфо-хаб выбора профессии → /test/
как понять какую профессию выбрать тест,31,D,info,top,b01_kakuyu_professiyu_vybrat,main,Создать новый контент-хаб,P1,/kak-vybrat-professiyu/,Инфо-хаб выбора профессии → /test/
какую профессию выбрать тельцам,31,B,info,top,b01_kakuyu_professiyu_vybrat,main,Создать новый контент-хаб,P1,/kak-vybrat-professiyu/,Инфо-хаб выбора профессии → /test/
какая профессия мне подходит для мужчин,31,B,info,top,b05_kakaya_professiya_podhodit,main,Создать новый контент-хаб,P1,/kak-vybrat-professiyu/,Подбор профессии → /test/
тест какая профессия мне подходит для мужчин,31,D,info,top,b05_kakaya_professiya_podhodit,main,Создать новый контент-хаб,P1,/kak-vybrat-professiyu/,Подбор профессии → /test/
сделать тест на профориентацию,31,D,info,top,d01_test_na_proforientaciyu,main,Создать новый контент-хаб,P1,/testy-na-proforientaciyu/,Хаб о тестах → /test/ (SERP: формат-статья достижим)
skypro тест на профориентацию,31,D,nav,top,d01_test_na_proforientaciyu,main,Создать новый контент-хаб,P1,/testy-na-proforientaciyu/,Хаб о тестах → /test/ (SERP: формат-статья достижим)
тест на профориентацию бесплатно 6 класс,31,D,commercial,top,d02_test_besplatno,main,Расширить (раздел хаба),P1,/testy-na-proforientaciyu/,«Бесплатно» → хаб/квиз
психологический тест на выбор профессии,31,D,info,top,d06_test_na_vybor_professii,main,Использовать существующую,P1,/test/,Прямой интент квиза
профориентация 9 класс москва,31,0,info,top,p05_prof_9_klass,aggregator,Расширить (раздел хаба),P1,/proforientaciya/,"Профориентация 9 класс (контент, не листинг СПО)"
какую выбрать профессию в медицине,30,B,info,top,b01_kakuyu_professiyu_vybrat,main,Создать новый контент-хаб,P1,/kak-vybrat-professiyu/,Инфо-хаб выбора профессии → /test/
какую профессию выбрать магу,30,B,info,top,b01_kakuyu_professiyu_vybrat,main,Создать новый контент-хаб,P1,/kak-vybrat-professiyu/,Инфо-хаб выбора профессии → /test/
гороскоп какую профессию выбрать,30,B,info,top,b01_kakuyu_professiyu_vybrat,main,Создать новый контент-хаб,P1,/kak-vybrat-professiyu/,Инфо-хаб выбора профессии → /test/
какую выбрать интернет профессию,30,B,info,top,b01_kakuyu_professiyu_vybrat,main,Создать новый контент-хаб,P1,/kak-vybrat-professiyu/,Инфо-хаб выбора профессии → /test/
тест профориентация какая профессия мне подходит,30,D,info,top,b05_kakaya_professiya_podhodit,main,Создать новый контент-хаб,P1,/kak-vybrat-professiyu/,Подбор профессии → /test/
мвд куда поступать после 11 девушке,30,C,info,top,c08_kuda_postupat_devushke,main,Контент/фильтр (не дубль),P2,/kuda-postupat-posle-11-klassa/#devushke,Гендер-срез после 11
куда поступать на следователя девушке,30,C,info,top,c08_kuda_postupat_devushke,main,Контент/фильтр (не дубль),P2,/kuda-postupat-posle-11-klassa/#devushke,Гендер-срез после 11
куда можно поступить после школы девушке,30,C,info,top,c08_kuda_postupat_devushke,main,Контент/фильтр (не дубль),P2,/kuda-postupat-posle-11-klassa/#devushke,Гендер-срез после 11
темы по профориентации для детей,29,0,info,top,a04_prof_dlya_rebenka,main,Расширить (раздел хаба),P1,/roditelyam/,Профессии для ребёнка (контент)
wow какие профессии выбрать,29,B,info,top,b01_kakuyu_professiyu_vybrat,main,Создать новый контент-хаб,P1,/kak-vybrat-professiyu/,Инфо-хаб выбора профессии → /test/
текст какая профессия мне подходит,29,B,info,top,b05_kakaya_professiya_podhodit,main,Создать новый контент-хаб,P1,/kak-vybrat-professiyu/,Подбор профессии → /test/
тест голланда holland code,29,D,info,top,d07_test_gollanda,main,Создать статью в хабе,P1,/testy-na-proforientaciyu/test-gollanda/,Именованная методика (RIASEC — рабочее название)
ддо климов азбель,29,D,info,top,d09_ddo_klimova,main,Создать статью в хабе,P1,/testy-na-proforientaciyu/test-klimova/,ДДО Климова (та же методика)
профориентация темы для школьников,29,0,info,top,p03_prof_dlya_shkolnikov,main,Расширить (раздел хаба),P1,/proforientaciya/,Срез «для школьников»
профориентация для школьников отзывы,29,0,info,top,p03_prof_dlya_shkolnikov,main,Расширить (раздел хаба),P1,/proforientaciya/,Срез «для школьников»
профориентация мгу онлайн,29,0,commercial,top,p04_prof_online,main,Расширить (раздел хаба),P1,/proforientaciya/,«Онлайн» → /test/
какую профессию выбрать тест на профессию бесплатно,28,D,commercial,top,b01_kakuyu_professiyu_vybrat,main,Создать новый контент-хаб,P1,/kak-vybrat-professiyu/,Инфо-хаб выбора профессии → /test/
какую профессию выбирать знакам зодиака,28,B,info,top,b01_kakuyu_professiyu_vybrat,main,Создать новый контент-хаб,P1,/kak-vybrat-professiyu/,Инфо-хаб выбора профессии → /test/
какие профессии выбирают психопаты,28,B,info,top,b01_kakuyu_professiyu_vybrat,main,Создать новый контент-хаб,P1,/kak-vybrat-professiyu/,Инфо-хаб выбора профессии → /test/
какую профессию выбрать весам,28,B,info,top,b01_kakuyu_professiyu_vybrat,main,Создать новый контент-хаб,P1,/kak-vybrat-professiyu/,Инфо-хаб выбора профессии → /test/
какую профессию выбрать если любишь математику,28,B,info,top,b01_kakuyu_professiyu_vybrat,main,Создать новый контент-хаб,P1,/kak-vybrat-professiyu/,Инфо-хаб выбора профессии → /test/
водолей какую профессию выбрать,28,B,info,top,b01_kakuyu_professiyu_vybrat,main,Создать новый контент-хаб,P1,/kak-vybrat-professiyu/,Инфо-хаб выбора профессии → /test/
тест какую профессию выбрать после 11 класса,28,D,info,top,b01_kakuyu_professiyu_vybrat,main,Создать новый контент-хаб,P1,/kak-vybrat-professiyu/,Инфо-хаб выбора профессии → /test/
куда лучше всего поступить парню,28,C,info,top,c09_kuda_postupat_parnyu,main,Контент/фильтр (не дубль),P2,/kuda-postupat-posle-11-klassa/#parnyu,Гендер-срез после 11
тест на профориентацию бесплатно 14 лет,28,D,commercial,top,d02_test_besplatno,main,Расширить (раздел хаба),P1,/testy-na-proforientaciyu/,«Бесплатно» → хаб/квиз
лучший тест на профориентацию бесплатно,28,D,commercial,top,d02_test_besplatno,main,Расширить (раздел хаба),P1,/testy-na-proforientaciyu/,«Бесплатно» → хаб/квиз
икигай тест на профориентацию и выбор профессии,28,D,info,top,d06_test_na_vybor_professii,main,Использовать существующую,P1,/test/,Прямой интент квиза
профориентация программа для подростков,28,0,info,top,p02_prof_dlya_podrostkov,main,Расширить (раздел хаба),P1,/proforientaciya/,Срез «для подростков»
профориентация для школьников билет в будущее,28,0,nav,top,p03_prof_dlya_shkolnikov,main,Расширить (раздел хаба),P1,/proforientaciya/,Срез «для школьников»
профориентация иркутск для школьников,28,0,info,top,p03_prof_dlya_shkolnikov,aggregator,Расширить (раздел хаба),P1,/proforientaciya/,Срез «для школьников»
платформа профориентации для школьников,28,0,info,top,p03_prof_dlya_shkolnikov,main,Расширить (раздел хаба),P1,/proforientaciya/,Срез «для школьников»
родительское собрание 9 класс профориентация,28,A,info,top,p05_prof_9_klass,main,Расширить (раздел хаба),P1,/proforientaciya/,"Профориентация 9 класс (контент, не листинг СПО)"
профориентация мероприятия 9 класс,28,0,info,top,p05_prof_9_klass,main,Расширить (раздел хаба),P1,/proforientaciya/,"Профориентация 9 класс (контент, не листинг СПО)"
профориентация темы 2025 2026,28,0,info,top,p08_proforientaciya_2026,main,Расширить (раздел хаба),P1,/proforientaciya/,Year-stamp → хаб
какую айти профессию выбрать в 2026,27,B,info,top,b01_kakuyu_professiyu_vybrat,main,Создать новый контент-хаб,P1,/kak-vybrat-professiyu/,Инфо-хаб выбора профессии → /test/
яндекс практикум какую профессию выбрать,27,B,nav,top,b01_kakuyu_professiyu_vybrat,main,Создать новый контент-хаб,P1,/kak-vybrat-professiyu/,Инфо-хаб выбора профессии → /test/
какую профессию выбрать сочинение,27,B,info,top,b01_kakuyu_professiyu_vybrat,aggregator,Создать новый контент-хаб,P1,/kak-vybrat-professiyu/,Инфо-хаб выбора профессии → /test/
бесплатный тест на профориентацию самый точный,27,D,commercial,top,d02_test_besplatno,main,Расширить (раздел хаба),P1,/testy-na-proforientaciyu/,«Бесплатно» → хаб/квиз
skillbox тест на профориентацию бесплатно,27,D,nav,top,d02_test_besplatno,main,Расширить (раздел хаба),P1,/testy-na-proforientaciyu/,«Бесплатно» → хаб/квиз
тест на профориентацию дж голланда,27,D,info,top,d07_test_gollanda,main,Создать статью в хабе,P1,/testy-na-proforientaciyu/test-gollanda/,Именованная методика (RIASEC — рабочее название)
диагностика ддо е а климова,27,D,info,top,d09_ddo_klimova,main,Создать статью в хабе,P1,/testy-na-proforientaciyu/test-klimova/,ДДО Климова (та же методика)
мероприятия по профориентации для школьников,27,0,info,top,p03_prof_dlya_shkolnikov,main,Расширить (раздел хаба),P1,/proforientaciya/,Срез «для школьников»
центр профориентации для школьников в москве,27,0,commercial,top,p03_prof_dlya_shkolnikov,aggregator,Расширить (раздел хаба),P1,/proforientaciya/,Срез «для школьников»
тестирование на профориентацию для школьников 9 класс,27,D,info,top,p03_prof_dlya_shkolnikov,main,Расширить (раздел хаба),P1,/proforientaciya/,Срез «для школьников»
тестирование по профориентации 9 класс,27,D,info,top,p05_prof_9_klass,main,Расширить (раздел хаба),P1,/proforientaciya/,"Профориентация 9 класс (контент, не листинг СПО)"
профориентация для детей 7 лет,26,0,info,top,a04_prof_dlya_rebenka,main,Расширить (раздел хаба),P1,/roditelyam/,Профессии для ребёнка (контент)
тест на профориентацию для ребенка бесплатно,26,D,commercial,top,a04_prof_dlya_rebenka,main,Расширить (раздел хаба),P1,/roditelyam/,Профессии для ребёнка (контент)
какую профессию выбрать творческому человеку,26,B,info,top,b01_kakuyu_professiyu_vybrat,main,Создать новый контент-хаб,P1,/kak-vybrat-professiyu/,Инфо-хаб выбора профессии → /test/
тестирование какая профессия мне подходит,26,D,info,top,b05_kakaya_professiya_podhodit,main,Создать новый контент-хаб,P1,/kak-vybrat-professiyu/,Подбор профессии → /test/
тест йовайши на профориентацию пройти,26,D,commercial,top,d04_projti_test,main,Использовать существующую,P1,/test/,Транзакционный «пройти тест» → квиз
тест на выбор будущей профессии для школьников,26,D,info,top,d06_test_na_vybor_professii,main,Использовать существующую,P1,/test/,Прямой интент квиза
модификация теста голланда,26,D,info,top,d07_test_gollanda,main,Создать статью в хабе,P1,/testy-na-proforientaciyu/test-gollanda/,Именованная методика (RIASEC — рабочее название)
профориентация для школьников официальный сайт,26,0,info,top,p03_prof_dlya_shkolnikov,main,Расширить (раздел хаба),P1,/proforientaciya/,Срез «для школьников»
профориентация для школьников краснодар,26,0,info,top,p03_prof_dlya_shkolnikov,aggregator,Расширить (раздел хаба),P1,/proforientaciya/,Срез «для школьников»
тест на профориентацию для школьников 10,26,D,info,top,p03_prof_dlya_shkolnikov,main,Расширить (раздел хаба),P1,/proforientaciya/,Срез «для школьников»
тест на профориентацию для школьников 10 класс,26,D,info,top,p03_prof_dlya_shkolnikov,main,Расширить (раздел хаба),P1,/proforientaciya/,Срез «для школьников»
онлайн проект профориентация,26,0,commercial,top,p04_prof_online,main,Расширить (раздел хаба),P1,/proforientaciya/,«Онлайн» → /test/
профориентация для детей 14 лет,25,0,info,top,a04_prof_dlya_rebenka,main,Расширить (раздел хаба),P1,/roditelyam/,Профессии для ребёнка (контент)
пройти тест какую профессию выбрать,25,D,commercial,top,b01_kakuyu_professiyu_vybrat,main,Создать новый контент-хаб,P1,/kak-vybrat-professiyu/,Инфо-хаб выбора профессии → /test/
какие профессии выбрать охотнику,25,B,info,top,b01_kakuyu_professiyu_vybrat,main,Создать новый контент-хаб,P1,/kak-vybrat-professiyu/,Инфо-хаб выбора профессии → /test/
куда можно поступить девушке в военное училище,25,C,info,top,c08_kuda_postupat_devushke,main,Контент/фильтр (не дубль),P2,/kuda-postupat-posle-11-klassa/#devushke,Гендер-срез после 11
методика ддо климова онлайн,25,D,info,top,d09_ddo_klimova,main,Создать статью в хабе,P1,/testy-na-proforientaciyu/test-klimova/,ДДО Климова (та же методика)
цель профориентации для подростков,25,0,info,top,p02_prof_dlya_podrostkov,main,Расширить (раздел хаба),P1,/proforientaciya/,Срез «для подростков»
профориентация для подростков в медицине,25,0,info,top,p02_prof_dlya_podrostkov,main,Расширить (раздел хаба),P1,/proforientaciya/,Срез «для подростков»
диагностика профориентация онлайн,25,0,commercial,top,p04_prof_online,main,Расширить (раздел хаба),P1,/proforientaciya/,«Онлайн» → /test/
тестирование профориентация онлайн бесплатно,25,D,commercial,top,p04_prof_online,main,Расширить (раздел хаба),P1,/proforientaciya/,«Онлайн» → /test/
лучшая профориентация онлайн,25,0,commercial,top,p04_prof_online,main,Расширить (раздел хаба),P1,/proforientaciya/,«Онлайн» → /test/
профориентация для детей 9 класс,24,0,info,top,a04_prof_dlya_rebenka,main,Расширить (раздел хаба),P1,/roditelyam/,Профессии для ребёнка (контент)
какие профессии выбирают психопаты чаще всего,24,B,info,top,b01_kakuyu_professiyu_vybrat,main,Создать новый контент-хаб,P1,/kak-vybrat-professiyu/,Инфо-хаб выбора профессии → /test/
опрос какая подходит мне профессия,24,B,info,top,b05_kakaya_professiya_podhodit,main,Создать новый контент-хаб,P1,/kak-vybrat-professiyu/,Подбор профессии → /test/
какая удаленная профессия мне подходит тест,24,D,info,top,b05_kakaya_professiya_podhodit,main,Создать новый контент-хаб,P1,/kak-vybrat-professiyu/,Подбор профессии → /test/
мвд куда поступать после 9 девушке,24,C,info,top,c08_kuda_postupat_devushke,main,Контент/фильтр (не дубль),P2,/kuda-postupat-posle-11-klassa/#devushke,Гендер-срез после 11
какой пройти тест на профориентацию,24,D,commercial,top,d04_projti_test,main,Использовать существующую,P1,/test/,Транзакционный «пройти тест» → квиз
профориентационный тест голланда,24,D,info,top,d07_test_gollanda,main,Создать статью в хабе,P1,/testy-na-proforientaciyu/test-gollanda/,Именованная методика (RIASEC — рабочее название)
ддо климова модификация азбель,24,D,info,top,d09_ddo_klimova,main,Создать статью в хабе,P1,/testy-na-proforientaciyu/test-klimova/,ДДО Климова (та же методика)
ддо климов бланк,24,D,info,top,d09_ddo_klimova,main,Создать статью в хабе,P1,/testy-na-proforientaciyu/test-klimova/,ДДО Климова (та же методика)
профориентация психологический тест для подростков москва,24,D,info,top,p02_prof_dlya_podrostkov,aggregator,Расширить (раздел хаба),P1,/proforientaciya/,Срез «для подростков»
психолог по профориентации для подростка,24,0,info,top,p02_prof_dlya_podrostkov,main,Расширить (раздел хаба),P1,/proforientaciya/,Срез «для подростков»
профориентация 6 9 класс,24,0,info,top,p05_prof_9_klass,main,Расширить (раздел хаба),P1,/proforientaciya/,"Профориентация 9 класс (контент, не листинг СПО)"
профориентация для детей доу,23,0,info,top,a04_prof_dlya_rebenka,main,Расширить (раздел хаба),P1,/roditelyam/,Профессии для ребёнка (контент)
как решить какую профессию выбрать,23,B,info,top,b01_kakuyu_professiyu_vybrat,main,Создать новый контент-хаб,P1,/kak-vybrat-professiyu/,Инфо-хаб выбора профессии → /test/
какого выбрать мужа по профессии,23,B,info,top,b01_kakuyu_professiyu_vybrat,main,Создать новый контент-хаб,P1,/kak-vybrat-professiyu/,Инфо-хаб выбора профессии → /test/
тест какую профессию выбрать ребенку,23,D,info,top,b01_kakuyu_professiyu_vybrat,main,Создать новый контент-хаб,P1,/kak-vybrat-professiyu/,Инфо-хаб выбора профессии → /test/
узнать какая профессия мне подходит онлайн,23,B,info,top,b05_kakaya_professiya_podhodit,main,Создать новый контент-хаб,P1,/kak-vybrat-professiyu/,Подбор профессии → /test/
спецназ куда поступать девушке,23,C,info,top,c08_kuda_postupat_devushke,main,Контент/фильтр (не дубль),P2,/kuda-postupat-posle-11-klassa/#devushke,Гендер-срез после 11
как пройти профориентацию для школьников,23,0,commercial,top,p03_prof_dlya_shkolnikov,main,Расширить (раздел хаба),P1,/proforientaciya/,Срез «для школьников»
профориентация для школьников как проходит,23,0,info,top,p03_prof_dlya_shkolnikov,main,Расширить (раздел хаба),P1,/proforientaciya/,Срез «для школьников»
тест на профориентацию для школьников 5,23,D,info,top,p03_prof_dlya_shkolnikov,main,Расширить (раздел хаба),P1,/proforientaciya/,Срез «для школьников»
профориентация йовайши онлайн,23,0,commercial,top,p04_prof_online,main,Расширить (раздел хаба),P1,/proforientaciya/,«Онлайн» → /test/
опросник холланда профориентация онлайн,23,D,commercial,top,p04_prof_online,main,Расширить (раздел хаба),P1,/proforientaciya/,«Онлайн» → /test/
профориентация билет в будущее 2025 2026,23,0,nav,top,p08_proforientaciya_2026,main,Расширить (раздел хаба),P1,/proforientaciya/,Year-stamp → хаб
профориентация для детей инвалидов,22,0,info,top,a04_prof_dlya_rebenka,main,Расширить (раздел хаба),P1,/roditelyam/,Профессии для ребёнка (контент)
какую профессию выбрать троечнику,22,B,info,top,b01_kakuyu_professiyu_vybrat,main,Создать новый контент-хаб,P1,/kak-vybrat-professiyu/,Инфо-хаб выбора профессии → /test/
если нравится математика какую профессию выбрать,22,B,info,top,b01_kakuyu_professiyu_vybrat,main,Создать новый контент-хаб,P1,/kak-vybrat-professiyu/,Инфо-хаб выбора профессии → /test/
какая профессия будущего подойдет мне,22,E,info,top,b05_kakaya_professiya_podhodit,main,Создать новый контент-хаб,P1,/kak-vybrat-professiyu/,Подбор профессии → /test/
кем стать если ничего не знаешь,22,B,info,top,b07_ne_znayu_kem_stat,main,Создать новый контент-хаб,P1,/kak-vybrat-professiyu/,Боль «не знаю кем стать» → /test/
где можно пройти тест на профориентацию,22,D,commercial,top,d04_projti_test,main,Использовать существующую,P1,/test/,Транзакционный «пройти тест» → квиз
тест личностный тип голланда,22,D,info,top,d07_test_gollanda,main,Создать статью в хабе,P1,/testy-na-proforientaciyu/test-gollanda/,Именованная методика (RIASEC — рабочее название)
код голланда тест,22,D,info,top,d07_test_gollanda,main,Создать статью в хабе,P1,/testy-na-proforientaciyu/test-gollanda/,Именованная методика (RIASEC — рабочее название)
тест голланда резапкиной,22,D,info,top,d07_test_gollanda,main,Создать статью в хабе,P1,/testy-na-proforientaciyu/test-gollanda/,Именованная методика (RIASEC — рабочее название)
профориентация уфа для школьников,22,0,info,top,p03_prof_dlya_shkolnikov,aggregator,Расширить (раздел хаба),P1,/proforientaciya/,Срез «для школьников»
проведение профориентации для школьников,22,0,info,top,p03_prof_dlya_shkolnikov,main,Расширить (раздел хаба),P1,/proforientaciya/,Срез «для школьников»
конкурс по профориентации для школьников,22,0,info,top,p03_prof_dlya_shkolnikov,main,Расширить (раздел хаба),P1,/proforientaciya/,Срез «для школьников»
профориентация для школьников казань,22,0,info,top,p03_prof_dlya_shkolnikov,aggregator,Расширить (раздел хаба),P1,/proforientaciya/,Срез «для школьников»
яндекс практикум профориентация тест онлайн,22,D,nav,top,p04_prof_online,main,Расширить (раздел хаба),P1,/proforientaciya/,«Онлайн» → /test/
профориентация 2025 2026 учебный год рабочая,22,0,info,top,p08_proforientaciya_2026,main,Расширить (раздел хаба),P1,/proforientaciya/,Year-stamp → хаб
какую профессию выбрать деве,21,B,info,top,b01_kakuyu_professiyu_vybrat,main,Создать новый контент-хаб,P1,/kak-vybrat-professiyu/,Инфо-хаб выбора профессии → /test/
маркетинг какую профессию выбрать,21,B,info,top,b01_kakuyu_professiyu_vybrat,main,Создать новый контент-хаб,P1,/kak-vybrat-professiyu/,Инфо-хаб выбора профессии → /test/
какую профессию выбрать в дизайне,21,B,info,top,b01_kakuyu_professiyu_vybrat,main,Создать новый контент-хаб,P1,/kak-vybrat-professiyu/,Инфо-хаб выбора профессии → /test/
какую профессию выбрать чтобы хорошо зарабатывать,21,B,info,top,b01_kakuyu_professiyu_vybrat,main,Создать новый контент-хаб,P1,/kak-vybrat-professiyu/,Инфо-хаб выбора профессии → /test/
какую профессию выбрать нумерология,21,B,info,top,b01_kakuyu_professiyu_vybrat,main,Создать новый контент-хаб,P1,/kak-vybrat-professiyu/,Инфо-хаб выбора профессии → /test/
как определить какая профессия мне подойдет тест,21,D,info,top,b05_kakaya_professiya_podhodit,main,Создать новый контент-хаб,P1,/kak-vybrat-professiyu/,Подбор профессии → /test/
выбор профессии тест на профессиональную ориентацию бесплатно,21,D,commercial,top,d06_test_na_vybor_professii,main,Использовать существующую,P1,/test/,Прямой интент квиза
профориентация для подростков отзывы,21,0,info,top,p02_prof_dlya_podrostkov,main,Расширить (раздел хаба),P1,/proforientaciya/,Срез «для подростков»
профориентация пермь для школьников,21,0,info,top,p03_prof_dlya_shkolnikov,aggregator,Расширить (раздел хаба),P1,/proforientaciya/,Срез «для школьников»
квест по профориентации для школьников,21,0,info,top,p03_prof_dlya_shkolnikov,main,Расширить (раздел хаба),P1,/proforientaciya/,Срез «для школьников»
какую выбрать инженерную профессию,20,B,info,top,b01_kakuyu_professiyu_vybrat,main,Создать новый контент-хаб,P1,/kak-vybrat-professiyu/,Инфо-хаб выбора профессии → /test/
какую профессию выбрать в анализе данных,20,B,info,top,b01_kakuyu_professiyu_vybrat,main,Создать новый контент-хаб,P1,/kak-vybrat-professiyu/,Инфо-хаб выбора профессии → /test/
какая профессия мне подойдет тест для подростков,20,D,info,top,b05_kakaya_professiya_podhodit,main,Создать новый контент-хаб,P1,/kak-vybrat-professiyu/,Подбор профессии → /test/
тест йовайши на профориентацию онлайн,20,D,commercial,top,d03_test_online,main,Расширить (раздел хаба),P1,/testy-na-proforientaciyu/,«Онлайн» → квиз
тест голланда по определению личности,20,D,info,top,d07_test_gollanda,main,Создать статью в хабе,P1,/testy-na-proforientaciyu/test-gollanda/,Именованная методика (RIASEC — рабочее название)
тест профессионального личностного типа голланда,20,D,info,top,d07_test_gollanda,main,Создать статью в хабе,P1,/testy-na-proforientaciyu/test-gollanda/,Именованная методика (RIASEC — рабочее название)
цели профориентации для школьников,20,0,info,top,p03_prof_dlya_shkolnikov,main,Расширить (раздел хаба),P1,/proforientaciya/,Срез «для школьников»
лучшие тесты на профориентацию для школьников,20,D,info,top,p03_prof_dlya_shkolnikov,main,Расширить (раздел хаба),P1,/proforientaciya/,Срез «для школьников»
курсы профориентации онлайн,20,0,commercial,top,p04_prof_online,main,Расширить (раздел хаба),P1,/proforientaciya/,«Онлайн» → /test/
профориентация онлайн фоксфорд,20,0,nav,top,p04_prof_online,main,Расширить (раздел хаба),P1,/proforientaciya/,«Онлайн» → /test/
кем стать какую профессию выбрать,19,B,info,top,b01_kakuyu_professiyu_vybrat,main,Создать новый контент-хаб,P1,/kak-vybrat-professiyu/,Инфо-хаб выбора профессии → /test/
какую профессию выбрать дочери,19,B,info,top,b01_kakuyu_professiyu_vybrat,main,Создать новый контент-хаб,P1,/kak-vybrat-professiyu/,Инфо-хаб выбора профессии → /test/
какую профессию выбрать девочке после 11 класса,19,C,info,top,b01_kakuyu_professiyu_vybrat,main,Создать новый контент-хаб,P1,/kak-vybrat-professiyu/,Инфо-хаб выбора профессии → /test/
какая профессия мне подходит по матрице судьбы,19,B,info,top,b05_kakaya_professiya_podhodit,main,Создать новый контент-хаб,P1,/kak-vybrat-professiyu/,Подбор профессии → /test/
какая айти профессия мне подойдет тест,19,D,info,top,b05_kakaya_professiya_podhodit,main,Создать новый контент-хаб,P1,/kak-vybrat-professiyu/,Подбор профессии → /test/
куда поступать после 11 класса девушке пермь,19,C,info,top,c08_kuda_postupat_devushke,aggregator,Контент/фильтр (не дубль),P2,/kuda-postupat-posle-11-klassa/#devushke,Гендер-срез после 11
тест мгу на профориентацию онлайн,19,D,commercial,top,d03_test_online,main,Расширить (раздел хаба),P1,/testy-na-proforientaciyu/,«Онлайн» → квиз
результаты теста голланда,19,D,info,top,d07_test_gollanda,main,Создать статью в хабе,P1,/testy-na-proforientaciyu/test-gollanda/,Именованная методика (RIASEC — рабочее название)
голланд тест профессиональных предпочтений,19,D,info,top,d07_test_gollanda,main,Создать статью в хабе,P1,/testy-na-proforientaciyu/test-gollanda/,Именованная методика (RIASEC — рабочее название)
ддо климова цель,19,D,info,top,d09_ddo_klimova,main,Создать статью в хабе,P1,/testy-na-proforientaciyu/test-klimova/,ДДО Климова (та же методика)
профориентация для подростков мгу,19,0,info,top,p02_prof_dlya_podrostkov,main,Расширить (раздел хаба),P1,/proforientaciya/,Срез «для подростков»
профориентация для подростков темы,19,0,info,top,p02_prof_dlya_podrostkov,main,Расширить (раздел хаба),P1,/proforientaciya/,Срез «для подростков»
темы профориентации на 2025 2026 учебный,19,0,info,top,p08_proforientaciya_2026,main,Расширить (раздел хаба),P1,/proforientaciya/,Year-stamp → хаб
профориентация для детей в москве,18,0,info,top,a04_prof_dlya_rebenka,aggregator,Расширить (раздел хаба),P1,/roditelyam/,Профессии для ребёнка (контент)
какую профессию выбрал чехов,18,B,info,top,b01_kakuyu_professiyu_vybrat,main,Создать новый контент-хаб,P1,/kak-vybrat-professiyu/,Инфо-хаб выбора профессии → /test/
какие темпераменты выбирают какие профессии,18,B,info,top,b01_kakuyu_professiyu_vybrat,main,Создать новый контент-хаб,P1,/kak-vybrat-professiyu/,Инфо-хаб выбора профессии → /test/
картинка какую профессию выбрать,18,B,info,top,b01_kakuyu_professiyu_vybrat,main,Создать новый контент-хаб,P1,/kak-vybrat-professiyu/,Инфо-хаб выбора профессии → /test/
как понять какую профессию выбрать ребенку,18,B,info,top,b01_kakuyu_professiyu_vybrat,main,Создать новый контент-хаб,P1,/kak-vybrat-professiyu/,Инфо-хаб выбора профессии → /test/
мчс куда поступать после 11 девушке,18,C,info,top,c08_kuda_postupat_devushke,main,Контент/фильтр (не дубль),P2,/kuda-postupat-posle-11-klassa/#devushke,Гендер-срез после 11
тест на профориентацию бесплатно фоксфорд,18,D,nav,top,d02_test_besplatno,main,Расширить (раздел хаба),P1,/testy-na-proforientaciyu/,«Бесплатно» → хаб/квиз
тест на профориентацию бесплатно 10 класс,18,D,commercial,top,d02_test_besplatno,main,Расширить (раздел хаба),P1,/testy-na-proforientaciyu/,«Бесплатно» → хаб/квиз
лучший тест на профориентацию онлайн,18,D,commercial,top,d03_test_online,main,Расширить (раздел хаба),P1,/testy-na-proforientaciyu/,«Онлайн» → квиз
тест на выбор профессии человек человек,18,D,info,top,d06_test_na_vybor_professii,main,Использовать существующую,P1,/test/,Прямой интент квиза
ддо е а климова тест онлайн,18,D,commercial,top,d09_ddo_klimova,main,Создать статью в хабе,P1,/testy-na-proforientaciyu/test-klimova/,ДДО Климова (та же методика)
тест для ребенка на профориентацию онлайн бесплатно,17,D,commercial,top,a04_prof_dlya_rebenka,main,Расширить (раздел хаба),P1,/roditelyam/,Профессии для ребёнка (контент)
анкета какую профессию выбрать,17,B,info,top,b01_kakuyu_professiyu_vybrat,main,Создать новый контент-хаб,P1,/kak-vybrat-professiyu/,Инфо-хаб выбора профессии → /test/
какую бьюти профессию выбрать,17,B,info,top,b01_kakuyu_professiyu_vybrat,main,Создать новый контент-хаб,P1,/kak-vybrat-professiyu/,Инфо-хаб выбора профессии → /test/
нравится биология какую профессию выбрать,17,B,info,top,b01_kakuyu_professiyu_vybrat,main,Создать новый контент-хаб,P1,/kak-vybrat-professiyu/,Инфо-хаб выбора профессии → /test/
какую профессию выбрать на развитие,17,B,info,top,b01_kakuyu_professiyu_vybrat,main,Создать новый контент-хаб,P1,/kak-vybrat-professiyu/,Инфо-хаб выбора профессии → /test/
какую профессию выбрать если сдаешь английский,17,B,info,top,b01_kakuyu_professiyu_vybrat,main,Создать новый контент-хаб,P1,/kak-vybrat-professiyu/,Инфо-хаб выбора профессии → /test/
тест йовайши на профориентацию пройти онлайн,17,D,commercial,top,d03_test_online,main,Расширить (раздел хаба),P1,/testy-na-proforientaciyu/,«Онлайн» → квиз
д голланд тип личности тест,17,D,info,top,d07_test_gollanda,main,Создать статью в хабе,P1,/testy-na-proforientaciyu/test-gollanda/,Именованная методика (RIASEC — рабочее название)
зачем нужна профориентация для подростков,17,0,info,top,p02_prof_dlya_podrostkov,main,Расширить (раздел хаба),P1,/proforientaciya/,Срез «для подростков»
модуль профориентация в программе воспитания 2025 2026,17,0,info,top,p08_proforientaciya_2026,main,Расширить (раздел хаба),P1,/proforientaciya/,Year-stamp → хаб
какую профессию выбирает близнец,16,B,info,top,b01_kakuyu_professiyu_vybrat,main,Создать новый контент-хаб,P1,/kak-vybrat-professiyu/,Инфо-хаб выбора профессии → /test/
по каким критериям выбирают профессию,16,B,info,top,b01_kakuyu_professiyu_vybrat,main,Создать новый контент-хаб,P1,/kak-vybrat-professiyu/,Инфо-хаб выбора профессии → /test/
humanitz какую профессию выбрать,16,B,info,top,b01_kakuyu_professiyu_vybrat,main,Создать новый контент-хаб,P1,/kak-vybrat-professiyu/,Инфо-хаб выбора профессии → /test/
тест для детей какая профессия мне подходит,16,D,info,top,b05_kakaya_professiya_podhodit,main,Создать новый контент-хаб,P1,/kak-vybrat-professiyu/,Подбор профессии → /test/
тест какая профессия мне подходит психологический,16,D,info,top,b05_kakaya_professiya_podhodit,main,Создать новый контент-хаб,P1,/kak-vybrat-professiyu/,Подбор профессии → /test/
тест на профориентацию в it сфере бесплатно,16,D,commercial,top,d02_test_besplatno,main,Расширить (раздел хаба),P1,/testy-na-proforientaciyu/,«Бесплатно» → хаб/квиз
тест на выбор профессии 8 класс,16,D,info,top,d06_test_na_vybor_professii,main,Использовать существующую,P1,/test/,Прямой интент квиза
тест на профориентацию голланда и климова,16,D,info,top,d07_test_gollanda,main,Создать статью в хабе,P1,/testy-na-proforientaciyu/test-gollanda/,Именованная методика (RIASEC — рабочее название)
тест на профориентацию для подростков 15 лет,16,D,info,top,p02_prof_dlya_podrostkov,main,Расширить (раздел хаба),P1,/proforientaciya/,Срез «для подростков»
профориентация для подростков где пройти,16,0,commercial,top,p02_prof_dlya_podrostkov,main,Расширить (раздел хаба),P1,/proforientaciya/,Срез «для подростков»
единый день профориентации 2026,16,0,info,top,p08_proforientaciya_2026,main,Расширить (раздел хаба),P1,/proforientaciya/,Year-stamp → хаб
темы профориентации на 2025 2026 учебный год,16,0,info,top,p08_proforientaciya_2026,main,Расширить (раздел хаба),P1,/proforientaciya/,Year-stamp → хаб
профориентация для детей курс,15,0,info,top,a04_prof_dlya_rebenka,main,Расширить (раздел хаба),P1,/roditelyam/,Профессии для ребёнка (контент)
какую профессию выбрать после 9 класса парню,15,C,info,top,b01_kakuyu_professiyu_vybrat,main,Создать новый контент-хаб,P1,/kak-vybrat-professiyu/,Инфо-хаб выбора профессии → /test/
какую выбрать профессию тесты онлайн,15,D,commercial,top,b01_kakuyu_professiyu_vybrat,main,Создать новый контент-хаб,P1,/kak-vybrat-professiyu/,Инфо-хаб выбора профессии → /test/
тест какую выбрать профессию какая подходит,15,D,info,top,b01_kakuyu_professiyu_vybrat,main,Создать новый контент-хаб,P1,/kak-vybrat-professiyu/,Инфо-хаб выбора профессии → /test/
тест гарднера на профориентацию онлайн бесплатно,15,D,commercial,top,d02_test_besplatno,main,Расширить (раздел хаба),P1,/testy-na-proforientaciyu/,«Бесплатно» → хаб/квиз
большой тест на профориентацию бесплатно,15,D,commercial,top,d02_test_besplatno,main,Расширить (раздел хаба),P1,/testy-na-proforientaciyu/,«Бесплатно» → хаб/квиз
профориентация тест на выбор профессии пройти,15,D,commercial,top,d04_projti_test,main,Использовать существующую,P1,/test/,Транзакционный «пройти тест» → квиз
тест голланда вопросы,15,D,info,top,d07_test_gollanda,main,Создать статью в хабе,P1,/testy-na-proforientaciyu/test-gollanda/,Именованная методика (RIASEC — рабочее название)
профориентация для детей психолог,14,0,info,top,a04_prof_dlya_rebenka,main,Расширить (раздел хаба),P1,/roditelyam/,Профессии для ребёнка (контент)
тест какая профессия мне подходит quiz,14,D,info,top,b05_kakaya_professiya_podhodit,main,Создать новый контент-хаб,P1,/kak-vybrat-professiyu/,Подбор профессии → /test/
тест какая профессия мне подходит для девочек,14,D,info,top,b05_kakaya_professiya_podhodit,main,Создать новый контент-хаб,P1,/kak-vybrat-professiyu/,Подбор профессии → /test/
куда можно поступить девушке в мвд,14,C,info,top,c08_kuda_postupat_devushke,main,Контент/фильтр (не дубль),P2,/kuda-postupat-posle-11-klassa/#devushke,Гендер-срез после 11
фоксфорд тест на профориентацию бесплатно онлайн,14,D,nav,top,d02_test_besplatno,main,Расширить (раздел хаба),P1,/testy-na-proforientaciyu/,«Бесплатно» → хаб/квиз
тесты на определение выбора профессии,14,D,info,top,d06_test_na_vybor_professii,main,Использовать существующую,P1,/test/,Прямой интент квиза
тест джона голланда на определение профессионального,14,D,info,top,d07_test_gollanda,main,Создать статью в хабе,P1,/testy-na-proforientaciyu/test-gollanda/,Именованная методика (RIASEC — рабочее название)
тест на определение профессионального типа джона голланда,14,D,info,top,d07_test_gollanda,main,Создать статью в хабе,P1,/testy-na-proforientaciyu/test-gollanda/,Именованная методика (RIASEC — рабочее название)
пройти тест по модели голланда,14,D,commercial,top,d07_test_gollanda,main,Создать статью в хабе,P1,/testy-na-proforientaciyu/test-gollanda/,Именованная методика (RIASEC — рабочее название)
карта интересов ддо климова,14,D,info,top,d09_ddo_klimova,main,Создать статью в хабе,P1,/testy-na-proforientaciyu/test-klimova/,ДДО Климова (та же методика)
профориентация для подростков задачи,14,0,info,top,p02_prof_dlya_podrostkov,main,Расширить (раздел хаба),P1,/proforientaciya/,Срез «для подростков»
какая профессия мне подходит врач,13,B,info,top,b05_kakaya_professiya_podhodit,main,Создать новый контент-хаб,P1,/kak-vybrat-professiyu/,Подбор профессии → /test/
тест какая гуманитарная профессия мне подходит,13,D,info,top,b05_kakaya_professiya_podhodit,main,Создать новый контент-хаб,P1,/kak-vybrat-professiyu/,Подбор профессии → /test/
куда поступила девушка с 500 баллами,13,C,info,top,c08_kuda_postupat_devushke,main,Контент/фильтр (не дубль),P2,/kuda-postupat-posle-11-klassa/#devushke,Гендер-срез после 11
яндекс практикум тест на профориентацию бесплатно,13,D,nav,top,d02_test_besplatno,main,Расширить (раздел хаба),P1,/testy-na-proforientaciyu/,«Бесплатно» → хаб/квиз
тест на выбор профессии в медицинском,13,D,info,top,d06_test_na_vybor_professii,main,Использовать существующую,P1,/test/,Прямой интент квиза
профориентация тест на выбор профессии 8 класс,13,D,info,top,d06_test_na_vybor_professii,main,Использовать существующую,P1,/test/,Прямой интент квиза
тест д голланда по определению типа личности,13,D,info,top,d07_test_gollanda,main,Создать статью в хабе,P1,/testy-na-proforientaciyu/test-gollanda/,Именованная методика (RIASEC — рабочее название)
лагерь профориентации для подростков,13,0,info,top,p02_prof_dlya_podrostkov,main,Расширить (раздел хаба),P1,/proforientaciya/,Срез «для подростков»
тест на профориентацию для детей 10 лет,12,D,info,top,a04_prof_dlya_rebenka,main,Расширить (раздел хаба),P1,/roditelyam/,Профессии для ребёнка (контент)
профориентация для детей овз программа,12,0,info,top,a04_prof_dlya_rebenka,main,Расширить (раздел хаба),P1,/roditelyam/,Профессии для ребёнка (контент)
задания для детей по профориентации,12,0,info,top,a04_prof_dlya_rebenka,main,Расширить (раздел хаба),P1,/roditelyam/,Профессии для ребёнка (контент)
профориентация картинки для детей,12,0,info,top,a04_prof_dlya_rebenka,main,Расширить (раздел хаба),P1,/roditelyam/,Профессии для ребёнка (контент)
какой тип профессии мне подходит,12,B,info,top,b05_kakaya_professiya_podhodit,main,Создать новый контент-хаб,P1,/kak-vybrat-professiyu/,Подбор профессии → /test/
куда поступить после 9 класса девушке сызрань,12,C,info,top,c08_kuda_postupat_devushke,main,Контент/фильтр (не дубль),P2,/kuda-postupat-posle-11-klassa/#devushke,Гендер-срез после 11
быстрый тест на профориентацию бесплатно,12,D,commercial,top,d02_test_besplatno,main,Расширить (раздел хаба),P1,/testy-na-proforientaciyu/,«Бесплатно» → хаб/квиз
тест потемкиной на профориентацию онлайн,12,D,commercial,top,d03_test_online,main,Расширить (раздел хаба),P1,/testy-na-proforientaciyu/,«Онлайн» → квиз
профориентационный тест на выбор профессии,12,D,info,top,d06_test_na_vybor_professii,main,Использовать существующую,P1,/test/,Прямой интент квиза
тренинг по профориентации для подростков,12,0,info,top,p02_prof_dlya_podrostkov,main,Расширить (раздел хаба),P1,/proforientaciya/,Срез «для подростков»
услуги профориентации для подростков,12,0,commercial,top,p02_prof_dlya_podrostkov,main,Расширить (раздел хаба),P1,/proforientaciya/,Срез «для подростков»
профориентация 8 класс 2025 2026,12,0,info,top,p08_proforientaciya_2026,main,Расширить (раздел хаба),P1,/proforientaciya/,Year-stamp → хаб
дополнительная программа для детей по профориентации,11,0,info,top,a04_prof_dlya_rebenka,main,Расширить (раздел хаба),P1,/roditelyam/,Профессии для ребёнка (контент)
тест какая профессия мне подходит по характеру,11,D,info,top,b05_kakaya_professiya_podhodit,main,Создать новый контент-хаб,P1,/kak-vybrat-professiyu/,Подбор профессии → /test/
какая профессия мне подходит по натальной карте,11,B,info,top,b05_kakaya_professiya_podhodit,main,Создать новый контент-хаб,P1,/kak-vybrat-professiyu/,Подбор профессии → /test/
тест куда поступать после 11 класса девушке,11,D,info,top,c08_kuda_postupat_devushke,main,Контент/фильтр (не дубль),P2,/kuda-postupat-posle-11-klassa/#devushke,Гендер-срез после 11
тест на профориентацию бесплатно отзывы,11,D,commercial,top,d02_test_besplatno,main,Расширить (раздел хаба),P1,/testy-na-proforientaciyu/,«Бесплатно» → хаб/квиз
тест для детей на выбор профессии,11,D,info,top,d06_test_na_vybor_professii,main,Использовать существующую,P1,/test/,Прямой интент квиза
интерпретация ддо климова,11,D,info,top,d09_ddo_klimova,main,Создать статью в хабе,P1,/testy-na-proforientaciyu/test-klimova/,ДДО Климова (та же методика)
профориентация для подростков екатеринбург,11,0,info,top,p02_prof_dlya_podrostkov,aggregator,Расширить (раздел хаба),P1,/proforientaciya/,Срез «для подростков»
профориентация беседа для подростков,11,0,info,top,p02_prof_dlya_podrostkov,main,Расширить (раздел хаба),P1,/proforientaciya/,Срез «для подростков»
профориентация для подростков омск,11,0,info,top,p02_prof_dlya_podrostkov,aggregator,Расширить (раздел хаба),P1,/proforientaciya/,Срез «для подростков»
тестирование для подростков по профориентации,11,D,info,top,p02_prof_dlya_podrostkov,main,Расширить (раздел хаба),P1,/proforientaciya/,Срез «для подростков»
профориентация для подростков в москве отзывы,11,0,info,top,p02_prof_dlya_podrostkov,aggregator,Расширить (раздел хаба),P1,/proforientaciya/,Срез «для подростков»
неделя профориентации 2026,11,0,info,top,p08_proforientaciya_2026,main,Расширить (раздел хаба),P1,/proforientaciya/,Year-stamp → хаб
методики для профориентации детей,10,0,info,top,a04_prof_dlya_rebenka,main,Расширить (раздел хаба),P1,/roditelyam/,Профессии для ребёнка (контент)
тест какая профессия мне подходит трикки,10,D,info,top,b05_kakaya_professiya_podhodit,main,Создать новый контент-хаб,P1,/kak-vybrat-professiyu/,Подбор профессии → /test/
какая профессия врача мне подходит тест,10,D,info,top,b05_kakaya_professiya_podhodit,main,Создать новый контент-хаб,P1,/kak-vybrat-professiyu/,Подбор профессии → /test/
куда может поступить девушка после армии,10,C,info,top,c08_kuda_postupat_devushke,main,Контент/фильтр (не дубль),P2,/kuda-postupat-posle-11-klassa/#devushke,Гендер-срез после 11
скай про тест на профориентацию бесплатно,10,D,commercial,top,d02_test_besplatno,main,Расширить (раздел хаба),P1,/testy-na-proforientaciyu/,«Бесплатно» → хаб/квиз
тесты климова голланда mbti,10,D,info,top,d07_test_gollanda,main,Создать статью в хабе,P1,/testy-na-proforientaciyu/test-gollanda/,Именованная методика (RIASEC — рабочее название)
тест голланда бланк,10,D,info,top,d07_test_gollanda,main,Создать статью в хабе,P1,/testy-na-proforientaciyu/test-gollanda/,Именованная методика (RIASEC — рабочее название)
ддо е а климова карта интересов,10,D,info,top,d09_ddo_klimova,main,Создать статью в хабе,P1,/testy-na-proforientaciyu/test-klimova/,ДДО Климова (та же методика)
ддо климова расшифровка,10,D,info,top,d09_ddo_klimova,main,Создать статью в хабе,P1,/testy-na-proforientaciyu/test-klimova/,ДДО Климова (та же методика)
гргу специальности,10,E,info,assoc,e04_professii_buduschego,main,Контент-хаб без рейтинга,P1,/professiya/ (раздел),Нет данных прогноза — контент без рейтинга
профориентация для подростков рейтинг,10,0,info,top,p02_prof_dlya_podrostkov,main,Расширить (раздел хаба),P1,/proforientaciya/,Срез «для подростков»
профориентация для подростков 11 класс,10,0,info,top,p02_prof_dlya_podrostkov,main,Расширить (раздел хаба),P1,/proforientaciya/,Срез «для подростков»
профориентация для подростков в калуге,10,0,info,top,p02_prof_dlya_podrostkov,aggregator,Расширить (раздел хаба),P1,/proforientaciya/,Срез «для подростков»
профориентация 2025 2026 уч год,10,0,info,top,p08_proforientaciya_2026,main,Расширить (раздел хаба),P1,/proforientaciya/,Year-stamp → хаб
как помочь подростку выбрать будущую профессию,9,A,info,top,a02_kak_pomoch_podrostku,main,Расширить (раздел хаба),P1,/roditelyam/,Родителям подростка
тесты по профориентации для выбора профессии ребенку,9,D,info,top,a04_prof_dlya_rebenka,main,Расширить (раздел хаба),P1,/roditelyam/,Профессии для ребёнка (контент)
профориентация для детей с умственной отсталостью,9,0,info,top,a04_prof_dlya_rebenka,main,Расширить (раздел хаба),P1,/roditelyam/,Профессии для ребёнка (контент)
анкета для детей по профориентации,9,0,info,top,a04_prof_dlya_rebenka,main,Расширить (раздел хаба),P1,/roditelyam/,Профессии для ребёнка (контент)
профориентация для детей в детском саду,9,0,info,top,a04_prof_dlya_rebenka,main,Расширить (раздел хаба),P1,/roditelyam/,Профессии для ребёнка (контент)
профориентация для детей долгосрочная,9,0,info,top,a04_prof_dlya_rebenka,main,Расширить (раздел хаба),P1,/roditelyam/,Профессии для ребёнка (контент)
тест какая профессия мне подходит для парней,9,D,info,top,b05_kakaya_professiya_podhodit,main,Создать новый контент-хаб,P1,/kak-vybrat-professiyu/,Подбор профессии → /test/
куда можно поступить девушке на пожарного,9,C,info,top,c08_kuda_postupat_devushke,main,Контент/фильтр (не дубль),P2,/kuda-postupat-posle-11-klassa/#devushke,Гендер-срез после 11
профессии какие бывают и куда поступить девушке,9,C,info,top,c08_kuda_postupat_devushke,main,Контент/фильтр (не дубль),P2,/kuda-postupat-posle-11-klassa/#devushke,Гендер-срез после 11
адукар тест на профориентацию бесплатно,9,D,nav,top,d02_test_besplatno,main,Расширить (раздел хаба),P1,/testy-na-proforientaciyu/,«Бесплатно» → хаб/квиз
бесплатный тест на профориентацию скиллбокс,9,D,commercial,top,d02_test_besplatno,main,Расширить (раздел хаба),P1,/testy-na-proforientaciyu/,«Бесплатно» → хаб/квиз
яндекс практикум пройти тест на профориентацию,9,D,nav,top,d04_projti_test,main,Использовать существующую,P1,/test/,Транзакционный «пройти тест» → квиз
тест riasec код голланда,9,D,info,top,d07_test_gollanda,main,Создать статью в хабе,P1,/testy-na-proforientaciyu/test-gollanda/,Именованная методика (RIASEC — рабочее название)
тест на профориентацию дж холланда голланда,9,D,info,top,d07_test_gollanda,main,Создать статью в хабе,P1,/testy-na-proforientaciyu/test-gollanda/,Именованная методика (RIASEC — рабочее название)
профориентация 6 класс 2025 2026,9,0,info,top,p08_proforientaciya_2026,main,Расширить (раздел хаба),P1,/proforientaciya/,Year-stamp → хаб
конкурсы для детей по профориентации,8,0,info,top,a04_prof_dlya_rebenka,main,Расширить (раздел хаба),P1,/roditelyam/,Профессии для ребёнка (контент)
профориентация для детей 12 лет примеры,8,0,info,top,a04_prof_dlya_rebenka,main,Расширить (раздел хаба),P1,/roditelyam/,Профессии для ребёнка (контент)
тест какая юридическая профессия мне подходит,8,D,info,top,b05_kakaya_professiya_podhodit,main,Создать новый контент-хаб,P1,/kak-vybrat-professiyu/,Подбор профессии → /test/
тест какая профессия в медицине мне подходит,8,D,info,top,b05_kakaya_professiya_podhodit,main,Создать новый контент-хаб,P1,/kak-vybrat-professiyu/,Подбор профессии → /test/
профориентация тест на выбор профессии бесплатно подросткам,8,D,commercial,top,d02_test_besplatno,main,Расширить (раздел хаба),P1,/testy-na-proforientaciyu/,«Бесплатно» → хаб/квиз
точный тест на профориентацию онлайн бесплатно,8,D,commercial,top,d02_test_besplatno,main,Расширить (раздел хаба),P1,/testy-na-proforientaciyu/,«Бесплатно» → хаб/квиз
тест на профориентацию бесплатно тестометрика,8,D,nav,top,d02_test_besplatno,main,Расширить (раздел хаба),P1,/testy-na-proforientaciyu/,«Бесплатно» → хаб/квиз
тест гарднера на профориентацию онлайн бесплатно пройти,8,D,commercial,top,d02_test_besplatno,main,Расширить (раздел хаба),P1,/testy-na-proforientaciyu/,«Бесплатно» → хаб/квиз
ддо тест климова онлайн на профориентацию,8,D,commercial,top,d03_test_online,main,Расширить (раздел хаба),P1,/testy-na-proforientaciyu/,«Онлайн» → квиз
тест ддо онлайн на профориентацию,8,D,commercial,top,d03_test_online,main,Расширить (раздел хаба),P1,/testy-na-proforientaciyu/,«Онлайн» → квиз
тест голланда выбор профессии,8,D,info,top,d07_test_gollanda,main,Создать статью в хабе,P1,/testy-na-proforientaciyu/test-gollanda/,Именованная методика (RIASEC — рабочее название)
тест по модели голланда пройти онлайн,8,D,commercial,top,d07_test_gollanda,main,Создать статью в хабе,P1,/testy-na-proforientaciyu/test-gollanda/,Именованная методика (RIASEC — рабочее название)
опросник ддо климова профориентационное тестирование,8,D,info,top,d09_ddo_klimova,main,Создать статью в хабе,P1,/testy-na-proforientaciyu/test-klimova/,ДДО Климова (та же методика)
профориентации выставка 2026,8,0,info,top,p08_proforientaciya_2026,main,Расширить (раздел хаба),P1,/proforientaciya/,Year-stamp → хаб
тестирование какая профессия мне больше подходит,7,D,info,top,b05_kakaya_professiya_podhodit,main,Создать новый контент-хаб,P1,/kak-vybrat-professiyu/,Подбор профессии → /test/
тест какая профессия мне подходит для поступления,7,D,info,top,b05_kakaya_professiya_podhodit,main,Создать новый контент-хаб,P1,/kak-vybrat-professiyu/,Подбор профессии → /test/
тесты на выбор профессии 7 класс,7,D,info,top,d06_test_na_vybor_professii,main,Использовать существующую,P1,/test/,Прямой интент квиза
тесты на кого поступать и выбор профессий,7,D,info,top,d06_test_na_vybor_professii,main,Использовать существующую,P1,/test/,Прямой интент квиза
тест голланда на профориентацию бумажный вариант,7,D,info,top,d07_test_gollanda,main,Создать статью в хабе,P1,/testy-na-proforientaciyu/test-gollanda/,Именованная методика (RIASEC — рабочее название)
ддо климов бланк ответов,7,D,info,top,d09_ddo_klimova,main,Создать статью в хабе,P1,/testy-na-proforientaciyu/test-klimova/,ДДО Климова (та же методика)
книги по профориентации для подростков,7,0,info,top,p02_prof_dlya_podrostkov,main,Расширить (раздел хаба),P1,/proforientaciya/,Срез «для подростков»
центр профориентации для подростков москва,7,0,commercial,top,p02_prof_dlya_podrostkov,aggregator,Расширить (раздел хаба),P1,/proforientaciya/,Срез «для подростков»
ктп профориентация 2025 2026,7,0,info,top,p08_proforientaciya_2026,main,Расширить (раздел хаба),P1,/proforientaciya/,Year-stamp → хаб
я эмпат какие профессии мне подходят тест,6,D,info,top,b05_kakaya_professiya_podhodit,main,Создать новый контент-хаб,P1,/kak-vybrat-professiyu/,Подбор профессии → /test/
куда поступать в беларуси девушке,6,C,info,top,c08_kuda_postupat_devushke,main,Контент/фильтр (не дубль),P2,/kuda-postupat-posle-11-klassa/#devushke,Гендер-срез после 11
профгид тест на профориентацию бесплатно,6,D,nav,top,d02_test_besplatno,main,Расширить (раздел хаба),P1,/testy-na-proforientaciyu/,«Бесплатно» → хаб/квиз
тест на профориентацию бесплатно skypro,6,D,nav,top,d02_test_besplatno,main,Расширить (раздел хаба),P1,/testy-na-proforientaciyu/,«Бесплатно» → хаб/квиз
профориентация для подростков нижний новгород,6,0,info,top,p02_prof_dlya_podrostkov,aggregator,Расширить (раздел хаба),P1,/proforientaciya/,Срез «для подростков»
сколково профориентация для подростков,6,0,info,top,p02_prof_dlya_podrostkov,main,Расширить (раздел хаба),P1,/proforientaciya/,Срез «для подростков»
профориентация для подростков в москве мгу,6,0,info,top,p02_prof_dlya_podrostkov,aggregator,Расширить (раздел хаба),P1,/proforientaciya/,Срез «для подростков»
тест какая профессия мне подходит квиз,5,D,info,top,b05_kakaya_professiya_podhodit,main,Создать новый контент-хаб,P1,/kak-vybrat-professiyu/,Подбор профессии → /test/
куда поступать после кадетской школы девушке,5,C,info,top,c08_kuda_postupat_devushke,main,Контент/фильтр (не дубль),P2,/kuda-postupat-posle-11-klassa/#devushke,Гендер-срез после 11
куда поступать девушке после 9 не социальное,5,C,info,top,c08_kuda_postupat_devushke,main,Контент/фильтр (не дубль),P2,/kuda-postupat-posle-11-klassa/#devushke,Гендер-срез после 11
куда поступить после колледжа высшее военное девушке,5,C,info,top,c08_kuda_postupat_devushke,main,Контент/фильтр (не дубль),P2,/kuda-postupat-posle-11-klassa/#devushke,Гендер-срез после 11
skillfactory тест на профориентацию бесплатно,5,D,commercial,top,d02_test_besplatno,main,Расширить (раздел хаба),P1,/testy-na-proforientaciyu/,«Бесплатно» → хаб/квиз
бесплатный тест на профориентацию методика голланда,5,D,commercial,top,d02_test_besplatno,main,Расширить (раздел хаба),P1,/testy-na-proforientaciyu/,«Бесплатно» → хаб/квиз
самый лучший тест на выбор профессии,5,D,info,top,d06_test_na_vybor_professii,main,Использовать существующую,P1,/test/,Прямой интент квиза
методика голланда тест а артистичный расшифровка,5,D,info,top,d07_test_gollanda,main,Создать статью в хабе,P1,/testy-na-proforientaciyu/test-gollanda/,Именованная методика (RIASEC — рабочее название)
ддо климова обработка,5,D,info,top,d09_ddo_klimova,main,Создать статью в хабе,P1,/testy-na-proforientaciyu/test-klimova/,ДДО Климова (та же методика)
ддо климова интерпретация результатов,4,D,info,top,d09_ddo_klimova,main,Создать статью в хабе,P1,/testy-na-proforientaciyu/test-klimova/,ДДО Климова (та же методика)
голланд интерпретация теста,3,D,info,top,d07_test_gollanda,main,Создать статью в хабе,P1,/testy-na-proforientaciyu/test-gollanda/,Именованная методика (RIASEC — рабочее название)
тест для профориентации подростка мальчика,1,D,info,top,p02_prof_dlya_podrostkov,main,Расширить (раздел хаба),P1,/proforientaciya/,Срез «для подростков»
я хочу,3073451,—,—,—,—,—,Не использовать,—,—,noise: нет тематического якоря
специальность,3016980,—,—,—,—,—,Не использовать,—,—,"noise: однословный ВЧ-корень (категория, не фраза)"
что больше,2729123,—,—,—,—,—,Не использовать,—,—,noise: нет тематического якоря
физик,2679909,—,—,—,—,—,Не использовать,—,—,"noise: однословный ВЧ-корень (категория, не фраза)"
образовательная,1926370,—,—,—,—,—,Не использовать,—,—,"noise: однословный ВЧ-корень (категория, не фраза)"
свежие вакансии,1721798,—,—,—,—,—,Не использовать,—,—,noise: вакансии
химических,1558528,—,—,—,—,—,Не использовать,—,—,"noise: однословный ВЧ-корень (категория, не фраза)"
перечень,1549247,—,—,—,—,—,Не использовать,—,—,"noise: однословный ВЧ-корень (категория, не фраза)"
должность,1525685,—,—,—,—,—,Не использовать,—,—,"noise: однословный ВЧ-корень (категория, не фраза)"
училище,1215019,—,—,—,—,—,Не использовать,—,—,"noise: однословный ВЧ-корень (категория, не фраза)"
абитуриент,912096,—,—,—,—,—,Не использовать,—,—,"noise: однословный ВЧ-корень (категория, не фраза)"
работа это,794765,—,—,—,—,—,Не использовать,—,—,noise: словарный
из чего состоит,594655,—,—,—,—,—,Не использовать,—,—,noise: нет тематического якоря
образование это,558815,—,—,—,—,—,Не использовать,—,—,noise: нет тематического якоря
отдел кадров,526964,—,—,—,—,—,Не использовать,—,—,noise: нет тематического якоря
я начал,469041,—,—,—,—,—,Не использовать,—,—,noise: нет тематического якоря
это пройдет,461790,—,—,—,—,—,Не использовать,—,—,noise: нет тематического якоря
об образовании,426086,—,—,—,—,—,Не использовать,—,—,noise: нет тематического якоря
общее образование,383517,—,—,—,—,—,Не использовать,—,—,noise: нет тематического якоря
после школы,306592,—,—,—,—,—,Не использовать,—,—,noise: нет тематического якоря
отучилась,278463,—,—,—,—,—,Не использовать,—,—,"noise: однословный ВЧ-корень (категория, не фраза)"
job,243201,—,—,—,—,—,Не использовать,—,—,"noise: однословный ВЧ-корень (категория, не фраза)"
обучение это,237951,—,—,—,—,—,Не использовать,—,—,noise: нет тематического якоря
такая работа,235731,—,—,—,—,—,Не использовать,—,—,noise: нет тематического якоря
как это работает,197146,—,—,—,—,—,Не использовать,—,—,noise: нет тематического якоря
обучающаяся,192543,—,—,—,—,—,Не использовать,—,—,"noise: однословный ВЧ-корень (категория, не фраза)"
все получится,171923,—,—,—,—,—,Не использовать,—,—,noise: нет тематического якоря
труд это,171739,—,—,—,—,—,Не использовать,—,—,noise: нет тематического якоря
я хочу так хочу,169892,—,—,—,—,—,Не использовать,—,—,noise: нет тематического якоря
моя работа,167046,—,—,—,—,—,Не использовать,—,—,noise: нет тематического якоря
работник это,166786,—,—,—,—,—,Не использовать,—,—,noise: нет тематического якоря
поиск работы,161779,—,—,—,—,—,Не использовать,—,—,noise: нет тематического якоря
общество это,159811,—,—,—,—,—,Не использовать,—,—,noise: нет тематического якоря
сфера деятельности,156369,—,—,—,—,—,Не использовать,—,—,noise: нет тематического якоря
химические вещества,143906,—,—,—,—,—,Не использовать,—,—,noise: нет тематического якоря
отдел образования,143308,—,—,—,—,—,Не использовать,—,—,noise: нет тематического якоря
выбор это,132999,—,—,—,—,—,Не использовать,—,—,noise: нет тематического якоря
что такое работа,127991,—,—,—,—,—,Не использовать,—,—,noise: нет тематического якоря
специализация,120690,—,—,—,—,—,Не использовать,—,—,"noise: однословный ВЧ-корень (категория, не фраза)"
сфера это,113096,—,—,—,—,—,Не использовать,—,—,noise: нет тематического якоря
education,110467,—,—,—,—,—,Не использовать,—,—,"noise: однословный ВЧ-корень (категория, не фраза)"
работа просто,103956,—,—,—,—,—,Не использовать,—,—,noise: нет тематического якоря
специалист это,95466,—,—,—,—,—,Не использовать,—,—,noise: нет тематического якоря
чего хотят мужчины,94907,—,—,—,—,—,Не использовать,—,—,noise: нет тематического якоря
college,90173,—,—,—,—,—,Не использовать,—,—,"noise: однословный ВЧ-корень (категория, не фраза)"
кто куда,88221,—,—,—,—,—,Не использовать,—,—,noise: нет тематического якоря
зарплата это,87200,—,—,—,—,—,Не использовать,—,—,noise: нет тематического якоря
биолог,81462,—,—,—,—,—,Не использовать,—,—,"noise: однословный ВЧ-корень (категория, не фраза)"
работа в красноярске,75189,—,—,—,—,—,Не использовать,—,—,noise: нет тематического якоря
проверочная работа,74667,—,—,—,—,—,Не использовать,—,—,noise: нет тематического якоря
ищу мужчину,70408,—,—,—,—,—,Не использовать,—,—,noise: нет тематического якоря
виды образования,69456,—,—,—,—,—,Не использовать,—,—,noise: нет тематического якоря
что такое образование,68929,—,—,—,—,—,Не использовать,—,—,noise: нет тематического якоря
институт это,66932,—,—,—,—,—,Не использовать,—,—,noise: нет тематического якоря
подбор сайт,64919,—,—,—,—,—,Не использовать,—,—,noise: нет тематического якоря
школьная жизнь,64860,—,—,—,—,—,Не использовать,—,—,noise: нет тематического якоря
не хочу работать,59338,—,—,—,—,—,Не использовать,—,—,noise: нет тематического якоря
химическая технология,57841,—,—,—,—,—,Не использовать,—,—,noise: нет тематического якоря
средне специальное образование,57477,—,—,—,—,—,Не использовать,—,—,noise: нет тематического якоря
сферы общества,55799,—,—,—,—,—,Не использовать,—,—,noise: нет тематического якоря
концерты воронеж,54314,—,—,—,—,—,Не использовать,—,—,noise: нет тематического якоря
сфу красноярск,53213,—,—,—,—,—,Не использовать,—,—,noise: нет тематического якоря
основа дети,52585,—,—,—,—,—,Не использовать,—,—,noise: нет тематического якоря
ты не пройдешь,50171,—,—,—,—,—,Не использовать,—,—,noise: нет тематического якоря
персонал это,49548,—,—,—,—,—,Не использовать,—,—,noise: нет тематического якоря
перечень это,49245,—,—,—,—,—,Не использовать,—,—,noise: нет тематического якоря
типы общества,47815,—,—,—,—,—,Не использовать,—,—,noise: нет тематического якоря
театр воронеж,47441,—,—,—,—,—,Не использовать,—,—,noise: нет тематического якоря
ну ка дети,42973,—,—,—,—,—,Не использовать,—,—,noise: нет тематического якоря
проведение специальной оценки условий труда,42915,—,—,—,—,—,Не использовать,—,—,noise: нет тематического якоря
детские вопросы,40650,—,—,—,—,—,Не использовать,—,—,noise: нет тематического якоря
иркутский университет,39675,—,—,—,—,—,Не использовать,—,—,noise: нет тематического якоря
хочу учиться,39132,—,—,—,—,—,Не использовать,—,—,noise: нет тематического якоря
классная работа,37925,—,—,—,—,—,Не использовать,—,—,noise: классная работа
иди ко мне,37332,—,—,—,—,—,Не использовать,—,—,noise: нет тематического якоря
пермские новости и пермского края,37156,—,—,—,—,—,Не использовать,—,—,noise: нет тематического якоря
тиу тюмень,36065,—,—,—,—,—,Не использовать,—,—,noise: нет тематического якоря
малыш это,35892,—,—,—,—,—,Не использовать,—,—,noise: нет тематического якоря
новости перми и пермского края,35847,—,—,—,—,—,Не использовать,—,—,noise: нет тематического якоря
для малышей развивающие,34020,—,—,—,—,—,Не использовать,—,—,noise: нет тематического якоря
вгу воронеж,32673,—,—,—,—,—,Не использовать,—,—,noise: нет тематического якоря
у меня все получится,32318,—,—,—,—,—,Не использовать,—,—,noise: нет тематического якоря
все работы хороши,31820,—,—,—,—,—,Не использовать,—,—,noise: нет тематического якоря
автовокзал иркутск,31335,—,—,—,—,—,Не использовать,—,—,noise: нет тематического якоря
целевое обучение это,31049,—,—,—,—,—,Не использовать,—,—,noise: нет тематического якоря
начни с себя,30532,—,—,—,—,—,Не использовать,—,—,noise: нет тематического якоря
детская консультация,30303,—,—,—,—,—,Не использовать,—,—,noise: нет тематического якоря
вгту воронеж,29544,—,—,—,—,—,Не использовать,—,—,noise: нет тематического якоря
где мои дети,29448,—,—,—,—,—,Не использовать,—,—,noise: нет тематического якоря
если хочешь идти иди,29301,—,—,—,—,—,Не использовать,—,—,noise: нет тематического якоря
дети 00,28099,—,—,—,—,—,Не использовать,—,—,noise: нет тематического якоря
что такое труд,27014,—,—,—,—,—,Не использовать,—,—,noise: нет тематического якоря
как хочет женщина,26689,—,—,—,—,—,Не использовать,—,—,noise: нет тематического якоря
иду на вы,26589,—,—,—,—,—,Не использовать,—,—,noise: нет тематического якоря
бгу иркутск,26000,—,—,—,—,—,Не использовать,—,—,noise: нет тематического якоря
химфак,25342,—,—,—,—,—,Не использовать,—,—,"noise: однословный ВЧ-корень (категория, не фраза)"
анализ воспитательной работы,24752,—,—,—,—,—,Не использовать,—,—,noise: нет тематического якоря
как заработать много денег,24199,—,—,—,—,—,Не использовать,—,—,noise: нет тематического якоря
как и ожидалась моя школьная жизнь,23462,—,—,—,—,—,Не использовать,—,—,noise: нет тематического якоря
учеба это,23401,—,—,—,—,—,Не использовать,—,—,noise: нет тематического якоря
chemistry,22954,—,—,—,—,—,Не использовать,—,—,"noise: однословный ВЧ-корень (категория, не фраза)"
физфак,22897,—,—,—,—,—,Не использовать,—,—,"noise: однословный ВЧ-корень (категория, не фраза)"
истфак,22290,—,—,—,—,—,Не использовать,—,—,"noise: однословный ВЧ-корень (категория, не фраза)"
что такое общество,22201,—,—,—,—,—,Не использовать,—,—,noise: нет тематического якоря
чп красноярск,21827,—,—,—,—,—,Не использовать,—,—,noise: нет тематического якоря
химбио,21565,—,—,—,—,—,Не использовать,—,—,"noise: однословный ВЧ-корень (категория, не фраза)"
обязанности после школы,21434,—,—,—,—,—,Не использовать,—,—,noise: нет тематического якоря
химическая промышленность,21303,—,—,—,—,—,Не использовать,—,—,noise: нет тематического якоря
триц тюмень,20914,—,—,—,—,—,Не использовать,—,—,noise: нет тематического якоря
карьер это,20631,—,—,—,—,—,Не использовать,—,—,noise: нет тематического якоря
вакансия это,20608,—,—,—,—,—,Не использовать,—,—,noise: вакансии
сфера деятельности это,20165,—,—,—,—,—,Не использовать,—,—,noise: нет тематического якоря
сектор это,20028,—,—,—,—,—,Не использовать,—,—,noise: нет тематического якоря
с какой стати,19405,—,—,—,—,—,Не использовать,—,—,noise: нет тематического якоря
опытная ты и неопытный я,18575,—,—,—,—,—,Не использовать,—,—,noise: нет тематического якоря
у тебя все получится,18297,—,—,—,—,—,Не использовать,—,—,noise: нет тематического якоря
химический факультет,18084,—,—,—,—,—,Не использовать,—,—,noise: нет тематического якоря
содействие занятости,17474,—,—,—,—,—,Не использовать,—,—,noise: нет тематического якоря
занятость это,17240,—,—,—,—,—,Не использовать,—,—,noise: нет тематического якоря
степени образования,16514,—,—,—,—,—,Не использовать,—,—,noise: нет тематического якоря
оставайся мальчик с нами будешь,16013,—,—,—,—,—,Не использовать,—,—,noise: нет тематического якоря
что такое зарплата,15952,—,—,—,—,—,Не использовать,—,—,noise: нет тематического якоря
что такое целевое обучение,15327,—,—,—,—,—,Не использовать,—,—,noise: нет тематического якоря
что такое выбор,15306,—,—,—,—,—,Не использовать,—,—,noise: нет тематического якоря
иркутский районный суд иркутской области,15174,—,—,—,—,—,Не использовать,—,—,noise: нет тематического якоря
младенец это,14309,—,—,—,—,—,Не использовать,—,—,noise: нет тематического якоря
оставайся мальчик с нами будешь нашим,14286,—,—,—,—,—,Не использовать,—,—,noise: нет тематического якоря
проф образование,14122,—,—,—,—,—,Не использовать,—,—,noise: нет тематического якоря
биологический факультет,13997,—,—,—,—,—,Не использовать,—,—,noise: нет тематического якоря
труд всем вакансии,13890,—,—,—,—,—,Не использовать,—,—,noise: вакансии
работа тут,13669,—,—,—,—,—,Не использовать,—,—,noise: нет тематического якоря
географические объекты,13134,—,—,—,—,—,Не использовать,—,—,noise: нет тематического якоря
детские задания,12747,—,—,—,—,—,Не использовать,—,—,noise: нет тематического якоря
профотбор,12564,—,—,—,—,—,Не использовать,—,—,"noise: однословный ВЧ-корень (категория, не фраза)"
абитуриент это,12520,—,—,—,—,—,Не использовать,—,—,noise: нет тематического якоря
пту это,12384,—,—,—,—,—,Не использовать,—,—,noise: нет тематического якоря
химическая опасность,12342,—,—,—,—,—,Не использовать,—,—,noise: нет тематического якоря
бабр иркутск,12257,—,—,—,—,—,Не использовать,—,—,noise: нет тематического якоря
вгау воронеж,11948,—,—,—,—,—,Не использовать,—,—,noise: нет тематического якоря
пнипу пермь,11601,—,—,—,—,—,Не использовать,—,—,noise: нет тематического якоря
средне специальное образование это,11597,—,—,—,—,—,Не использовать,—,—,noise: нет тематического якоря
ты возьми меня с собой,10240,—,—,—,—,—,Не использовать,—,—,noise: нет тематического якоря
фк тюмень,10160,—,—,—,—,—,Не использовать,—,—,noise: нет тематического якоря
ученик своего учителя,9784,—,—,—,—,—,Не использовать,—,—,noise: нет тематического якоря
ргуп воронеж,9664,—,—,—,—,—,Не использовать,—,—,noise: нет тематического якоря
бсмп воронеж,9655,—,—,—,—,—,Не использовать,—,—,noise: нет тематического якоря
тестировщик вакансии,9526,—,—,—,—,—,Не использовать,—,—,noise: вакансии
специализация это,9334,—,—,—,—,—,Не использовать,—,—,noise: нет тематического якоря
каро тюмень,9006,—,—,—,—,—,Не использовать,—,—,noise: нет тематического якоря
килпрайс24 красноярск,8800,—,—,—,—,—,Не использовать,—,—,noise: нет тематического якоря
бсмп красноярск,8435,—,—,—,—,—,Не использовать,—,—,noise: нет тематического якоря
профинанс ру,8320,—,—,—,—,—,Не использовать,—,—,noise: нет тематического якоря
ранхигс воронеж,8262,—,—,—,—,—,Не использовать,—,—,noise: нет тематического якоря
нмт воронеж,7091,—,—,—,—,—,Не использовать,—,—,noise: нет тематического якоря
idrlabs test,6817,—,—,—,—,—,Не использовать,—,—,noise: нет тематического якоря
мэр тюмени,6649,—,—,—,—,—,Не использовать,—,—,noise: нет тематического якоря
обязательные работы это,6509,—,—,—,—,—,Не использовать,—,—,noise: нет тематического якоря
цель исследования это,6186,—,—,—,—,—,Не использовать,—,—,noise: нет тематического якоря
буду иметь ввиду,5926,—,—,—,—,—,Не использовать,—,—,noise: нет тематического якоря
ткпст тюмень,5818,—,—,—,—,—,Не использовать,—,—,noise: нет тематического якоря
химические явления,5788,—,—,—,—,—,Не использовать,—,—,noise: нет тематического якоря
дала себя потрогать,5773,—,—,—,—,—,Не использовать,—,—,noise: нет тематического якоря
подростковый возраст это,5695,—,—,—,—,—,Не использовать,—,—,noise: нет тематического якоря
информационные технологии в образовании,5634,—,—,—,—,—,Не использовать,—,—,noise: нет тематического якоря
образование древнерусского государства,5544,—,—,—,—,—,Не использовать,—,—,noise: нет тематического якоря
а я пойду к пацанам,5502,—,—,—,—,—,Не использовать,—,—,noise: нет тематического якоря
пороховой завод пермь,5500,—,—,—,—,—,Не использовать,—,—,noise: нет тематического якоря
обществоведение,5441,—,—,—,—,—,Не использовать,—,—,"noise: однословный ВЧ-корень (категория, не фраза)"
дети 03,5409,—,—,—,—,—,Не использовать,—,—,noise: нет тематического якоря
профориентолог,5302,—,—,—,—,—,Не использовать,—,—,"noise: однословный ВЧ-корень (категория, не фраза)"
работа россии труд всем,5212,—,—,—,—,—,Не использовать,—,—,noise: нет тематического якоря
гортранс тюмень,5195,—,—,—,—,—,Не использовать,—,—,noise: нет тематического якоря
24ок красноярск,5137,—,—,—,—,—,Не использовать,—,—,noise: нет тематического якоря
занятия для малышей,5134,—,—,—,—,—,Не использовать,—,—,noise: нет тематического якоря
проверка на антиплагиат онлайн бесплатно,5109,—,—,—,—,—,Не использовать,—,—,noise: нет тематического якоря
пров портал,5036,—,—,—,—,—,Не использовать,—,—,noise: нет тематического якоря
а я иду такая вся,4984,—,—,—,—,—,Не использовать,—,—,noise: нет тематического якоря
podbor ru сайт,4974,—,—,—,—,—,Не использовать,—,—,noise: нет тематического якоря
что такое перечень,4849,—,—,—,—,—,Не использовать,—,—,noise: нет тематического якоря
какие работы относятся к работам повышенной опасности,4694,—,—,—,—,—,Не использовать,—,—,noise: нет тематического якоря
killprice24 красноярск,4684,—,—,—,—,—,Не использовать,—,—,noise: нет тематического якоря
вциом что это за организация,4619,—,—,—,—,—,Не использовать,—,—,noise: нет тематического якоря
у михалыча тюмень,4566,—,—,—,—,—,Не использовать,—,—,noise: нет тематического якоря
разбогатей или сдохни,4389,—,—,—,—,—,Не использовать,—,—,noise: нет тематического якоря
особенности подросткового возраста,4303,—,—,—,—,—,Не использовать,—,—,noise: нет тематического якоря
что учесть при выборе сиз для работников,4236,—,—,—,—,—,Не использовать,—,—,noise: нет тематического якоря
способный ученик,4214,—,—,—,—,—,Не использовать,—,—,noise: нет тематического якоря
пхтт пермь,4199,—,—,—,—,—,Не использовать,—,—,noise: нет тематического якоря
проф ру,4176,—,—,—,—,—,Не использовать,—,—,noise: нет тематического якоря
фк иркутск,4167,—,—,—,—,—,Не использовать,—,—,noise: нет тематического якоря
испытание при приеме на работу,4162,—,—,—,—,—,Не использовать,—,—,noise: нет тематического якоря
отдел кадров это,3940,—,—,—,—,—,Не использовать,—,—,noise: нет тематического якоря
жди меня официальный сайт поиск,3835,—,—,—,—,—,Не использовать,—,—,noise: нет тематического якоря
красбус красноярск,3778,—,—,—,—,—,Не использовать,—,—,noise: нет тематического якоря
если дети мои спросят зачем тебе,3745,—,—,—,—,—,Не использовать,—,—,noise: нет тематического якоря
работа тока это,3740,—,—,—,—,—,Не использовать,—,—,noise: нет тематического якоря
школа это какое образование,3706,—,—,—,—,—,Не использовать,—,—,noise: нет тематического якоря
что такое кафедра,3700,—,—,—,—,—,Не использовать,—,—,noise: нет тематического якоря
crash test,3644,—,—,—,—,—,Не использовать,—,—,noise: нет тематического якоря
герб иркутска,3612,—,—,—,—,—,Не использовать,—,—,noise: нет тематического якоря
биолог это,3502,—,—,—,—,—,Не использовать,—,—,noise: нет тематического якоря
вопросы для дошкольников,3485,—,—,—,—,—,Не использовать,—,—,noise: нет тематического якоря
если дети мои спросят зачем тебе мы,3416,—,—,—,—,—,Не использовать,—,—,noise: нет тематического якоря
подростковая преступность,3416,—,—,—,—,—,Не использовать,—,—,noise: нет тематического якоря
я никогда не буду работать,3368,—,—,—,—,—,Не использовать,—,—,noise: нет тематического якоря
информатизация образования,3306,—,—,—,—,—,Не использовать,—,—,noise: нет тематического якоря
юная показала себя,3259,—,—,—,—,—,Не использовать,—,—,noise: нет тематического якоря
тюз воронеж,3169,—,—,—,—,—,Не использовать,—,—,noise: нет тематического якоря
пэк воронеж,3117,—,—,—,—,—,Не использовать,—,—,noise: нет тематического якоря
агентство свои опрос что это,2987,—,—,—,—,—,Не использовать,—,—,noise: нет тематического якоря
клим ворошилов,2977,—,—,—,—,—,Не использовать,—,—,noise: нет тематического якоря
профи опрос,2970,—,—,—,—,—,Не использовать,—,—,noise: нет тематического якоря
килпрайс красноярск,2943,—,—,—,—,—,Не использовать,—,—,noise: нет тематического якоря
мфк тюмень,2900,—,—,—,—,—,Не использовать,—,—,noise: нет тематического якоря
интернет опрос личный кабинет,2875,—,—,—,—,—,Не использовать,—,—,noise: нет тематического якоря
ремобайл иркутск,2872,—,—,—,—,—,Не использовать,—,—,noise: нет тематического якоря
виды образования в рф,2740,—,—,—,—,—,Не использовать,—,—,noise: нет тематического якоря
ттсиигх тюмень,2726,—,—,—,—,—,Не использовать,—,—,noise: нет тематического якоря
магистратура это какое образование,2600,—,—,—,—,—,Не использовать,—,—,noise: нет тематического якоря
кто такой абитуриент,2572,—,—,—,—,—,Не использовать,—,—,noise: нет тематического якоря
младший школьный возраст это,2475,—,—,—,—,—,Не использовать,—,—,noise: нет тематического якоря
они идут за тобой,2373,—,—,—,—,—,Не использовать,—,—,noise: нет тематического якоря
мэр воронежа,2368,—,—,—,—,—,Не использовать,—,—,noise: нет тематического якоря
кампус кикидо 2026 года,2351,—,—,—,—,—,Не использовать,—,—,noise: нет тематического якоря
пппк пермь,2346,—,—,—,—,—,Не использовать,—,—,noise: нет тематического якоря
жди меня официальный сайт поиск людей,2318,—,—,—,—,—,Не использовать,—,—,noise: нет тематического якоря
пктс пермь,2309,—,—,—,—,—,Не использовать,—,—,noise: нет тематического якоря
кцпт тюмень,2286,—,—,—,—,—,Не использовать,—,—,noise: нет тематического якоря
сравни ру официальный сайт,2270,—,—,—,—,—,Не использовать,—,—,noise: нет тематического якоря
здравствуйте еще ищете специалиста,2261,—,—,—,—,—,Не использовать,—,—,noise: нет тематического якоря
психология подросткового возраста,2231,—,—,—,—,—,Не использовать,—,—,noise: нет тематического якоря
дети обр,2220,—,—,—,—,—,Не использовать,—,—,noise: нет тематического якоря
тинейджер это,2209,—,—,—,—,—,Не использовать,—,—,noise: нет тематического якоря
когда новорожденный начинает видеть,2207,—,—,—,—,—,Не использовать,—,—,noise: нет тематического якоря
историзмы это,2199,—,—,—,—,—,Не использовать,—,—,noise: нет тематического якоря
будущие летчики,2198,—,—,—,—,—,Не использовать,—,—,noise: нет тематического якоря
бпла в перми,2094,—,—,—,—,—,Не использовать,—,—,noise: нет тематического якоря
топтур72 тюмень,2076,—,—,—,—,—,Не использовать,—,—,noise: нет тематического якоря
я не знаю кем я стал,2075,—,—,—,—,—,Не использовать,—,—,noise: нет тематического якоря
подростковый психиатр,2040,—,—,—,—,—,Не использовать,—,—,noise: нет тематического якоря
получение образцов для сравнительного исследования,2037,—,—,—,—,—,Не использовать,—,—,noise: нет тематического якоря
кто мы откуда куда мы идем,1934,—,—,—,—,—,Не использовать,—,—,noise: нет тематического якоря
что такое специализация,1929,—,—,—,—,—,Не использовать,—,—,noise: нет тематического якоря
школа карьера,1922,—,—,—,—,—,Не использовать,—,—,noise: нет тематического якоря
красбилет красноярск,1904,—,—,—,—,—,Не использовать,—,—,noise: нет тематического якоря
человек против малыша,1898,—,—,—,—,—,Не использовать,—,—,noise: нет тематического якоря
буду jobs,1892,—,—,—,—,—,Не использовать,—,—,noise: нет тематического якоря
профориентатор,1859,—,—,—,—,—,Не использовать,—,—,"noise: однословный ВЧ-корень (категория, не фраза)"
сериал в имперский колледж поступает ученица,1848,—,—,—,—,—,Не использовать,—,—,noise: сериал
class of 09,1834,—,—,—,—,—,Не использовать,—,—,noise: нет тематического якоря
ваппостер иркутск,1831,—,—,—,—,—,Не использовать,—,—,noise: нет тематического якоря
в имперский колледж поступает ученица сериал 2021,1811,—,—,—,—,—,Не использовать,—,—,noise: сериал
к работе по проведению исследований допускаются специалисты,1800,—,—,—,—,—,Не использовать,—,—,noise: нет тематического якоря
как перейти в другую школу,1735,—,—,—,—,—,Не использовать,—,—,noise: нет тематического якоря
проверка работы сайта,1733,—,—,—,—,—,Не использовать,—,—,noise: нет тематического якоря
труд крут,1724,—,—,—,—,—,Не использовать,—,—,noise: нет тематического якоря
зоодисконт иркутск,1700,—,—,—,—,—,Не использовать,—,—,noise: нет тематического якоря
купивсп пермь,1693,—,—,—,—,—,Не использовать,—,—,noise: нет тематического якоря
проверить работу сайта,1664,—,—,—,—,—,Не использовать,—,—,noise: нет тематического якоря
сайт нсис проверка полиса,1627,—,—,—,—,—,Не использовать,—,—,noise: нет тематического якоря
проверить работу интернета,1617,—,—,—,—,—,Не использовать,—,—,noise: нет тематического якоря
чем является специальная оценка условий труда,1596,—,—,—,—,—,Не использовать,—,—,noise: нет тематического якоря
наше подростковое тело,1525,—,—,—,—,—,Не использовать,—,—,noise: нет тематического якоря
не знаю кем хочу стать,1412,—,—,—,—,—,Не использовать,—,—,noise: нет тематического якоря
сколько осталось до 18 00,1385,—,—,—,—,—,Не использовать,—,—,noise: нет тематического якоря
идти или ийти,1377,—,—,—,—,—,Не использовать,—,—,noise: нет тематического якоря
химическая промышленность это,1348,—,—,—,—,—,Не использовать,—,—,noise: нет тематического якоря
оне стате,1319,—,—,—,—,—,Не использовать,—,—,noise: нет тематического якоря
как заставить себя работать,1234,—,—,—,—,—,Не использовать,—,—,noise: нет тематического якоря
podbor ru сайт моя страница,1214,—,—,—,—,—,Не использовать,—,—,noise: нет тематического якоря
факел воронеж расписание,1207,—,—,—,—,—,Не использовать,—,—,noise: нет тематического якоря
ффпк пермь,1201,—,—,—,—,—,Не использовать,—,—,noise: нет тематического якоря
интернет опрос ру,1146,—,—,—,—,—,Не использовать,—,—,noise: нет тематического якоря
старший дошкольный возраст это,1106,—,—,—,—,—,Не использовать,—,—,noise: нет тематического якоря
профорг,1097,—,—,—,—,—,Не использовать,—,—,"noise: однословный ВЧ-корень (категория, не фраза)"
подбор сайт знакомств моя страница вход,1096,—,—,—,—,—,Не использовать,—,—,noise: нет тематического якоря
mock test,1070,—,—,—,—,—,Не использовать,—,—,noise: нет тематического якоря
что такое прибыль простыми словами,1039,—,—,—,—,—,Не использовать,—,—,noise: нет тематического якоря
проверка работы интернета,1030,—,—,—,—,—,Не использовать,—,—,noise: нет тематического якоря
сайт нсис проверка кбм,1029,—,—,—,—,—,Не использовать,—,—,noise: нет тематического якоря
подростковое право,961,—,—,—,—,—,Не использовать,—,—,noise: нет тематического якоря
нсис официальный сайт проверка кбм,937,—,—,—,—,—,Не использовать,—,—,noise: нет тематического якоря
камиль кикидо сколько лет в 2026 году,918,—,—,—,—,—,Не использовать,—,—,noise: нет тематического якоря
профотбор для пилотов,898,—,—,—,—,—,Не использовать,—,—,noise: нет тематического якоря
красшина красноярск,884,—,—,—,—,—,Не использовать,—,—,noise: нет тематического якоря
только непрочитанные,864,—,—,—,—,—,Не использовать,—,—,noise: нет тематического якоря
реестр организаций проводящих специальную оценку условий труда,863,—,—,—,—,—,Не использовать,—,—,noise: нет тематического якоря
подики 2026 года,798,—,—,—,—,—,Не использовать,—,—,noise: нет тематического якоря
профориентатор ру,774,—,—,—,—,—,Не использовать,—,—,noise: нет тематического якоря
они идут за тобой фильм,771,—,—,—,—,—,Не использовать,—,—,noise: фильм
опросник холланда,757,—,—,—,—,—,Не использовать,—,—,noise: нет тематического якоря
интересные задания для дошкольников,740,—,—,—,—,—,Не использовать,—,—,noise: нет тематического якоря
психологические особенности подросткового возраста,736,—,—,—,—,—,Не использовать,—,—,noise: нет тематического якоря
мы начинаем квн,727,—,—,—,—,—,Не использовать,—,—,noise: нет тематического якоря
иркутский автовокзал,633,—,—,—,—,—,Не использовать,—,—,noise: нет тематического якоря
школьное образование это какое образование,621,—,—,—,—,—,Не использовать,—,—,noise: нет тематического якоря
14 лет какой класс в школе,618,—,—,—,—,—,Не использовать,—,—,noise: нет тематического якоря
леонтьев валерий сколько лет 2026,606,—,—,—,—,—,Не использовать,—,—,noise: нет тематического якоря
антиплагиат ру бесплатная проверка,577,—,—,—,—,—,Не использовать,—,—,noise: нет тематического якоря
унифицированный прием в поликлинике что это,576,—,—,—,—,—,Не использовать,—,—,noise: нет тематического якоря
тебе так идет быть собой,571,—,—,—,—,—,Не использовать,—,—,noise: нет тематического якоря
проверка работы на ии,569,—,—,—,—,—,Не использовать,—,—,noise: нет тематического якоря
что из перечисленного относится к химическим факторам,559,—,—,—,—,—,Не использовать,—,—,noise: нет тематического якоря
бедная лиза анализ,559,—,—,—,—,—,Не использовать,—,—,noise: нет тематического якоря
что такое специальная оценка условий труда,530,—,—,—,—,—,Не использовать,—,—,noise: нет тематического якоря
когда мы начнем воевать по настоящему,529,—,—,—,—,—,Не использовать,—,—,noise: нет тематического якоря
подотрасли химической промышленности,523,—,—,—,—,—,Не использовать,—,—,noise: нет тематического якоря
как начать хорошо учиться,521,—,—,—,—,—,Не использовать,—,—,noise: нет тематического якоря
игра профессия будущего,520,—,—,—,—,—,Не использовать,—,—,noise: игра
engnovate test,515,—,—,—,—,—,Не использовать,—,—,noise: нет тематического якоря
зачем человеку нужна фантазия,512,—,—,—,—,—,Не использовать,—,—,noise: нет тематического якоря
кем лучше пойти работать,503,—,—,—,—,—,Не использовать,—,—,noise: нет тематического якоря
функции образования егэ,503,—,—,—,—,—,Не использовать,—,—,noise: нет тематического якоря
как узнать свой имей,489,—,—,—,—,—,Не использовать,—,—,noise: нет тематического якоря
пермская тпп,475,—,—,—,—,—,Не использовать,—,—,noise: нет тематического якоря
модальная зарплата это,470,—,—,—,—,—,Не использовать,—,—,noise: нет тематического якоря
профотбор это,463,—,—,—,—,—,Не использовать,—,—,noise: нет тематического якоря
профотбор влэк,459,—,—,—,—,—,Не использовать,—,—,noise: нет тематического якоря
такие дела сайт,435,—,—,—,—,—,Не использовать,—,—,noise: нет тематического якоря
химто,430,—,—,—,—,—,Не использовать,—,—,"noise: однословный ВЧ-корень (категория, не фраза)"
профорг это,424,—,—,—,—,—,Не использовать,—,—,noise: нет тематического якоря
информатизация образования это,407,—,—,—,—,—,Не использовать,—,—,noise: нет тематического якоря
стать можно кем угодно,390,—,—,—,—,—,Не использовать,—,—,noise: нет тематического якоря
профориентатор ру официальный сайт,388,—,—,—,—,—,Не использовать,—,—,noise: нет тематического якоря
профориентир,384,—,—,—,—,—,Не использовать,—,—,"noise: однословный ВЧ-корень (категория, не фраза)"
фрилансер это кто и чем занимается,382,—,—,—,—,—,Не использовать,—,—,noise: нет тематического якоря
человек против младенца,355,—,—,—,—,—,Не использовать,—,—,noise: нет тематического якоря
профотбор на помощника машиниста,349,—,—,—,—,—,Не использовать,—,—,noise: нет тематического якоря
что такое операционная прибыль,346,—,—,—,—,—,Не использовать,—,—,noise: нет тематического якоря
к стати или кстати как правильно,339,—,—,—,—,—,Не использовать,—,—,noise: нет тематического якоря
тысяцкий это,337,—,—,—,—,—,Не использовать,—,—,noise: нет тематического якоря
кто такой биолог,333,—,—,—,—,—,Не использовать,—,—,noise: нет тематического якоря
ученический договор с работником что это,330,—,—,—,—,—,Не использовать,—,—,noise: нет тематического якоря
для того чтобы помочь тебе понять читать,328,—,—,—,—,—,Не использовать,—,—,noise: нет тематического якоря
когда малыш начинает сидеть,317,—,—,—,—,—,Не использовать,—,—,noise: нет тематического якоря
провизор это кто и чем занимается,317,—,—,—,—,—,Не использовать,—,—,noise: нет тематического якоря
начать и бросить он юн,311,—,—,—,—,—,Не использовать,—,—,noise: нет тематического якоря
к чему снится школа в которой учился,310,—,—,—,—,—,Не использовать,—,—,noise: нет тематического якоря
профориентолог это,310,—,—,—,—,—,Не использовать,—,—,noise: нет тематического якоря
ординатура это какое образование,309,—,—,—,—,—,Не использовать,—,—,noise: нет тематического якоря
ielts mock test,309,—,—,—,—,—,Не использовать,—,—,noise: нет тематического якоря
девять классов это какое образование,295,—,—,—,—,—,Не использовать,—,—,noise: нет тематического якоря
как оформляется результат проведения проверки знаний,272,—,—,—,—,—,Не использовать,—,—,noise: нет тематического якоря
rjob работа что это,272,—,—,—,—,—,Не использовать,—,—,noise: нет тематического якоря
где можно стать кем угодно,254,—,—,—,—,—,Не использовать,—,—,noise: нет тематического якоря
игра где можно стать кем,242,—,—,—,—,—,Не использовать,—,—,noise: игра
игра можно стать кем угодно,231,—,—,—,—,—,Не использовать,—,—,noise: игра
ломоносов годы жизни и смерти,222,—,—,—,—,—,Не использовать,—,—,noise: нет тематического якоря
как принять себя таким какой ты есть,221,—,—,—,—,—,Не использовать,—,—,noise: нет тематического якоря
подросток не знает чего хочет,218,—,—,—,—,—,Не использовать,—,—,noise: нет тематического якоря
от куда или откуда как правильно,216,—,—,—,—,—,Не использовать,—,—,noise: нет тематического якоря
сво зачем было начинать,215,—,—,—,—,—,Не использовать,—,—,noise: нет тематического якоря
андре холланд,212,—,—,—,—,—,Не использовать,—,—,noise: нет тематического якоря
ел исту иду,210,—,—,—,—,—,Не использовать,—,—,noise: нет тематического якоря
что такое образование в обществознании,197,—,—,—,—,—,Не использовать,—,—,noise: нет тематического якоря
как правильно зачать ребенка чтобы все получилось,178,—,—,—,—,—,Не использовать,—,—,noise: нет тематического якоря
игра где можно стать кем угодно,175,—,—,—,—,—,Не использовать,—,—,noise: игра
игры где можно становиться кем угодно,175,—,—,—,—,—,Не использовать,—,—,noise: игра
если дети твои спросят зачем тебе мы,172,—,—,—,—,—,Не использовать,—,—,noise: нет тематического якоря
test mem5,170,—,—,—,—,—,Не использовать,—,—,noise: нет тематического якоря
эксплуатация детского труда это,167,—,—,—,—,—,Не использовать,—,—,noise: нет тематического якоря
андрей боголюбский годы жизни,148,—,—,—,—,—,Не использовать,—,—,noise: нет тематического якоря
белинский годы жизни,144,—,—,—,—,—,Не использовать,—,—,noise: нет тематического якоря
я иду искатт,139,—,—,—,—,—,Не использовать,—,—,noise: нет тематического якоря
кто такой фтизиатр детский,136,—,—,—,—,—,Не использовать,—,—,noise: нет тематического якоря
лорим нейлс на кантемировской,136,—,—,—,—,—,Не использовать,—,—,noise: нет тематического якоря
egnovate test,135,—,—,—,—,—,Не использовать,—,—,noise: нет тематического якоря
профайлер это кто и чем занимается,128,—,—,—,—,—,Не использовать,—,—,noise: нет тематического якоря
не знаю кем стану когда вырасту,122,—,—,—,—,—,Не использовать,—,—,noise: нет тематического якоря
учащаяся или ученица как правильно в анкете,117,—,—,—,—,—,Не использовать,—,—,noise: нет тематического якоря
ребенок не знает кем хочет быть,116,—,—,—,—,—,Не использовать,—,—,noise: нет тематического якоря
профопол что это,102,—,—,—,—,—,Не использовать,—,—,noise: нет тематического якоря
профорг это кто,99,—,—,—,—,—,Не использовать,—,—,noise: нет тематического якоря
диагностика детско родительских отношений подростка,96,—,—,—,—,—,Не использовать,—,—,noise: нет тематического якоря
кем сейчас можно стать,88,—,—,—,—,—,Не использовать,—,—,noise: нет тематического якоря
https prognoz vcot info пройти опрос,83,—,—,—,—,—,Не использовать,—,—,noise: нет тематического якоря
игра какую профессию выбрать,81,—,—,—,—,—,Не использовать,—,—,noise: игра
pottermore test,75,—,—,—,—,—,Не использовать,—,—,noise: нет тематического якоря
как выбрать профессию игра,71,—,—,—,—,—,Не использовать,—,—,noise: игра
добровольская екатерина викторовна венеролог дерматолог отзывы,71,—,—,—,—,—,Не использовать,—,—,noise: нет тематического якоря
духи jil sander n 4,69,—,—,—,—,—,Не использовать,—,—,noise: нет тематического якоря
и тут я начинаю щмалять,68,—,—,—,—,—,Не использовать,—,—,noise: нет тематического якоря
я не знаю кем надо стать,66,—,—,—,—,—,Не использовать,—,—,noise: нет тематического якоря
кому можно стать донором,64,—,—,—,—,—,Не использовать,—,—,noise: нет тематического якоря
почему не знаю кем хочу стать,64,—,—,—,—,—,Не использовать,—,—,noise: нет тематического якоря
градус и райм 2026 года,62,—,—,—,—,—,Не использовать,—,—,noise: нет тематического якоря
человек не знает кем хочет стать,61,—,—,—,—,—,Не использовать,—,—,noise: нет тематического якоря
профориентация игры для школьников,60,—,—,—,—,—,Не использовать,—,—,noise: игра
gallup test,52,—,—,—,—,—,Не использовать,—,—,noise: нет тематического якоря
игра профориентация для детей,49,—,—,—,—,—,Не использовать,—,—,noise: игра
hh тест на профориентацию,48,—,—,—,—,—,Не использовать,—,—,noise: hh
что такое вкс в образовании,47,—,—,—,—,—,Не использовать,—,—,noise: нет тематического якоря
ребенок не знает кем хочет стать,43,—,—,—,—,—,Не использовать,—,—,noise: нет тематического якоря
не знаю кем хочу стать когда вырасту,39,—,—,—,—,—,Не использовать,—,—,noise: нет тематического якоря
фильм какую профессию выбрать,24,—,—,—,—,—,Не использовать,—,—,noise: фильм
аниме какую профессию вы выбрали,21,—,—,—,—,—,Не использовать,—,—,noise: аниме
игры для профориентации подростков,17,—,—,—,—,—,Не использовать,—,—,noise: игра
центр климата тирасполь,4,—,—,—,—,—,Не использовать,—,—,noise: нет тематического якоря
профориентация бесплатно,16896,—,—,—,—,—,Не использовать,—,—,off-scope: бесплатно вне D
профориентация бесплатно онлайн,6433,—,—,—,—,—,Не использовать,—,—,off-scope: бесплатно вне D
профориентация ответы,1788,—,—,—,—,—,Не использовать,—,—,off-scope: DIY скачать/ответы
какая профессия мне подойдет бесплатно,1658,—,—,—,—,—,Не использовать,—,—,off-scope: бесплатно вне D
профориентация для взрослых,1582,—,—,—,—,—,Не использовать,—,—,off-scope: взрослые
профориентация бесплатно без регистрации,1521,—,—,—,—,—,Не использовать,—,—,off-scope: бесплатно вне D
профориентация пройти бесплатно,1504,—,—,—,—,—,Не использовать,—,—,off-scope: бесплатно вне D
профориентация выбор профессии бесплатно,1453,—,—,—,—,—,Не использовать,—,—,off-scope: бесплатно вне D
профориентация бесплатно 9 класс,1345,—,—,—,—,—,Не использовать,—,—,off-scope: бесплатно вне D
пройти профориентацию онлайн бесплатно,941,—,—,—,—,—,Не использовать,—,—,off-scope: бесплатно вне D
тест на профессию ответы,931,—,—,—,—,—,Не использовать,—,—,off-scope: DIY скачать/ответы
будущая профессия ответы,877,—,—,—,—,—,Не использовать,—,—,off-scope: DIY скачать/ответы
профориентация онлайн бесплатно без регистрации,868,—,—,—,—,—,Не использовать,—,—,off-scope: бесплатно вне D
тест на профориентацию бесплатно взрослому,802,—,—,—,—,—,Не использовать,—,—,off-scope: взрослые
тест на профориентацию для взрослых,729,—,—,—,—,—,Не использовать,—,—,off-scope: взрослые
урок профориентации,699,—,—,—,—,—,Не использовать,—,—,off-scope: B2B-педагоги
профориентация онлайн бесплатно 9 класс,602,—,—,—,—,—,Не использовать,—,—,off-scope: бесплатно вне D
профориентация онлайн тест взрослым,599,—,—,—,—,—,Не использовать,—,—,off-scope: взрослые
профориентация для взрослых бесплатно,581,—,—,—,—,—,Не использовать,—,—,off-scope: взрослые
профессии будущего бесплатно,547,—,—,—,—,—,Не использовать,—,—,off-scope: бесплатно вне D
ранняя профориентация дошкольников,547,—,—,—,—,—,Не использовать,—,—,off-scope: 5 класс и младше
профориентация на профессию онлайн бесплатно,530,—,—,—,—,—,Не использовать,—,—,off-scope: бесплатно вне D
профориентация школьников онлайн бесплатно,526,—,—,—,—,—,Не использовать,—,—,off-scope: бесплатно вне D
презентация моя будущая профессия,512,—,—,—,—,—,Не использовать,—,—,off-scope: B2B-педагоги
профориентация для взрослых онлайн,448,—,—,—,—,—,Не использовать,—,—,off-scope: взрослые
профориентация для взрослых бесплатно онлайн,387,—,—,—,—,—,Не использовать,—,—,off-scope: взрослые
направления внеурочной деятельности в начальной школе,375,—,—,—,—,—,Не использовать,—,—,off-scope: B2B-педагоги
профориентация для школьников бесплатно 9 класс,298,—,—,—,—,—,Не использовать,—,—,off-scope: бесплатно вне D
тест на профориентацию для взрослых бесплатно онлайн,275,—,—,—,—,—,Не использовать,—,—,off-scope: взрослые
профориентация для подростков бесплатно,250,—,—,—,—,—,Не использовать,—,—,off-scope: бесплатно вне D
как выбрать профессию бесплатно,244,—,—,—,—,—,Не использовать,—,—,off-scope: бесплатно вне D
тест на выбор профессии взрослых,141,—,—,—,—,—,Не использовать,—,—,off-scope: взрослые
профориентация онлайн бесплатно 11 класс,140,—,—,—,—,—,Не использовать,—,—,off-scope: бесплатно вне D
пройти профориентацию взрослому,140,—,—,—,—,—,Не использовать,—,—,off-scope: взрослые
профориентация для школьников 8 класса бесплатно,139,—,—,—,—,—,Не использовать,—,—,off-scope: бесплатно вне D
на кого пойти учиться в 40 лет,121,—,—,—,—,—,Не использовать,—,—,off-scope: взрослые
пройти тест на профориентацию взрослому,118,—,—,—,—,—,Не использовать,—,—,off-scope: взрослые
пройти профориентацию онлайн бесплатно без регистрации,113,—,—,—,—,—,Не использовать,—,—,off-scope: бесплатно вне D
пройти профориентацию бесплатно взрослому,113,—,—,—,—,—,Не использовать,—,—,off-scope: взрослые
пройти тест на профориентацию взрослому бесплатно,109,—,—,—,—,—,Не использовать,—,—,off-scope: взрослые
тест на профориентацию ответы,107,—,—,—,—,—,Не использовать,—,—,off-scope: DIY скачать/ответы
тест на профориентацию скачать,104,—,—,—,—,—,Не использовать,—,—,off-scope: DIY скачать/ответы
занятие как выбрать профессию,98,—,—,—,—,—,Не использовать,—,—,off-scope: B2B-педагоги
тест на выбор профессии взрослых бесплатно,98,—,—,—,—,—,Не использовать,—,—,off-scope: взрослые
профориентация онлайн бесплатно 8 класс,98,—,—,—,—,—,Не использовать,—,—,off-scope: бесплатно вне D
пройти профориентацию онлайн взрослым,97,—,—,—,—,—,Не использовать,—,—,off-scope: взрослые
пройти профориентацию взрослому бесплатно онлайн,96,—,—,—,—,—,Не использовать,—,—,off-scope: взрослые
пройти тест на профориентацию взрослому онлайн,93,—,—,—,—,—,Не использовать,—,—,off-scope: взрослые
тест на профориентацию бесплатно взрослому пройти онлайн,92,—,—,—,—,—,Не использовать,—,—,off-scope: взрослые
онлайн тест на выбор профессии взрослых,90,—,—,—,—,—,Не использовать,—,—,off-scope: взрослые
тест на выбор профессии взрослых бесплатно онлайн,90,—,—,—,—,—,Не использовать,—,—,off-scope: взрослые
тест климова ответы,87,—,—,—,—,—,Не использовать,—,—,off-scope: DIY скачать/ответы
профориентация для подростков онлайн бесплатно,81,—,—,—,—,—,Не использовать,—,—,off-scope: бесплатно вне D
профориентация для детей бесплатно,74,—,—,—,—,—,Не использовать,—,—,off-scope: бесплатно вне D
на кого пойти учиться бесплатно,74,—,—,—,—,—,Не использовать,—,—,off-scope: бесплатно вне D
пройти профориентацию онлайн бесплатно 9 класс,71,—,—,—,—,—,Не использовать,—,—,off-scope: бесплатно вне D
профориентация для детей дошкольного возраста,67,—,—,—,—,—,Не использовать,—,—,off-scope: 5 класс и младше
профориентация тест на выбор профессии для взрослых,58,—,—,—,—,—,Не использовать,—,—,off-scope: взрослые
тест на профессию для взрослых профориентацию,58,—,—,—,—,—,Не использовать,—,—,off-scope: взрослые
профориентация для школьников 11 класс бесплатно,52,—,—,—,—,—,Не использовать,—,—,off-scope: бесплатно вне D
тест на профориентацию бесплатно взрослому женщине,45,—,—,—,—,—,Не использовать,—,—,off-scope: взрослые
профориентация для подростков в москве бесплатно,42,—,—,—,—,—,Не использовать,—,—,off-scope: бесплатно вне D
профориентация 5 класс 2025 2026,41,—,—,—,—,—,Не использовать,—,—,off-scope: 5 класс и младше
профориентация для детей начальной школы,40,—,—,—,—,—,Не использовать,—,—,off-scope: 5 класс и младше
профориентация для детей занятия,40,—,—,—,—,—,Не использовать,—,—,off-scope: B2B-педагоги
тест на профориентацию бесплатно взрослому женщине онлайн,40,—,—,—,—,—,Не использовать,—,—,off-scope: взрослые
тест на профориентацию 5 класс,40,—,—,—,—,—,Не использовать,—,—,off-scope: 5 класс и младше
профориентация рабочая программа 2025 2026,40,—,—,—,—,—,Не использовать,—,—,off-scope: B2B-педагоги
занятия профориентация для подростков,36,—,—,—,—,—,Не использовать,—,—,off-scope: B2B-педагоги
классный час 9 класс профориентация,33,—,—,—,—,—,Не использовать,—,—,off-scope: B2B-педагоги
внеурочная деятельность профориентация 9 класс,32,—,—,—,—,—,Не использовать,—,—,off-scope: B2B-педагоги
программа профориентация 5 класс 2025 2026,31,—,—,—,—,—,Не использовать,—,—,off-scope: 5 класс и младше
профориентация для школьников 5 класса,30,—,—,—,—,—,Не использовать,—,—,off-scope: 5 класс и младше
профориентация для школьников занятие,29,—,—,—,—,—,Не использовать,—,—,off-scope: B2B-педагоги
профориентация для школьников презентация,27,—,—,—,—,—,Не использовать,—,—,off-scope: B2B-педагоги
сценарий профориентации для детей,24,—,—,—,—,—,Не использовать,—,—,off-scope: B2B-педагоги
какую профессию выбрать взрослому человеку,23,—,—,—,—,—,Не использовать,—,—,off-scope: взрослые
профориентация для школьников в москве бесплатно,23,—,—,—,—,—,Не использовать,—,—,off-scope: бесплатно вне D
тест на профориентацию для школьников 5 класс,23,—,—,—,—,—,Не использовать,—,—,off-scope: 5 класс и младше
профориентация для детей 5 класс,20,—,—,—,—,—,Не использовать,—,—,off-scope: 5 класс и младше
тест на профориентацию скачать бесплатно,20,—,—,—,—,—,Не использовать,—,—,off-scope: DIY скачать/ответы
профориентация для школьников в спб бесплатно,20,—,—,—,—,—,Не использовать,—,—,off-scope: бесплатно вне D
сценарий по профориентации для школьников,20,—,—,—,—,—,Не использовать,—,—,off-scope: B2B-педагоги
узнать какая профессия мне подходит онлайн бесплатно,18,—,—,—,—,—,Не использовать,—,—,off-scope: бесплатно вне D
профориентация 5 класс рабочая программа 2025 2026,17,—,—,—,—,—,Не использовать,—,—,off-scope: B2B-педагоги
профориентация для подростков презентация,16,—,—,—,—,—,Не использовать,—,—,off-scope: B2B-педагоги
профориентация для детей начальных классов,13,—,—,—,—,—,Не использовать,—,—,off-scope: 5 класс и младше
профориентация для детей и взрослых,13,—,—,—,—,—,Не использовать,—,—,off-scope: взрослые
профориентация для подростков в спб бесплатно,13,—,—,—,—,—,Не использовать,—,—,off-scope: бесплатно вне D
ддо климова скачать,12,—,—,—,—,—,Не использовать,—,—,off-scope: DIY скачать/ответы
профориентация для подростков скачать,10,—,—,—,—,—,Не использовать,—,—,off-scope: DIY скачать/ответы
тест ддо климова по профориентации скачать бесплатно,6,—,—,—,—,—,Не использовать,—,—,off-scope: DIY скачать/ответы
скачать тест на выбор профессии,5,—,—,—,—,—,Не использовать,—,—,off-scope: DIY скачать/ответы
