№,Фраза,"Показы (broad, снимок 30 дн)",Форм слито,Тип,Пиллар,Интент,Класс,Пол,Предмет,Гео,Сезон,Asset,Флаг,Сиды
1,куда поступать,870382,1,assoc,C,info,—,—,—,—,июнь-июль,main,,b04_na_kogo_pojti_uchitsya
2,поступить в колледж,429914,1,assoc,C,info,—,—,—,—,июнь-июль,both,,c01_kuda_postupat_posle_9
3,куда поступать после 9,205636,1,assoc,C,info,9,—,—,—,июнь-июль,main,,c04_professii_posle_11
4,специальности после 9 класса,205297,1,top,C,info,9,—,—,—,июнь-июль,main,,c06_specialnosti_posle_9
5,куда поступить после 9 класса,179935,1,top,C,info,9,—,—,—,июнь-июль,main,,c01_kuda_postupat_posle_9
6,колледжи тюмени,160049,2,top,C,info,—,—,—,тюмен,июнь-июль,aggregator,,g04_kolledzhi_tyumen
7,специальности в колледже,159762,1,assoc,C,info,—,—,—,—,июнь-июль,main,,c03_professii_posle_9
8,колледжи перми,154599,2,top,C,info,—,—,—,перм,июнь-июль,aggregator,,g02_kolledzhi_perm
9,кем можно работать,151002,1,assoc,B,info,—,—,—,—,март-апр,main,,b05_kakaya_professiya_podhodit
10,профориентация,131285,1,top,0,info,—,—,—,—,сент-окт,main,,p01_proforientaciya
11,поступать ли в колледж,125104,1,top,C,info,—,—,—,—,июнь-июль,main,,c05_postupit_v_kolledzh
12,колледжи красноярска,120101,2,top,C,info,—,—,—,красноярск,июнь-июль,aggregator,,g01_kolledzhi_krasnoyarsk
13,тест кто я,120070,2,assoc,D,info,—,—,—,—,сент-окт,main,,d01_test_na_proforientaciyu;d03_test_online
14,профессии после 9 класса,118372,1,top,C,info,9,—,—,—,июнь-июль,main,,c03_professii_posle_9
15,образование 9 классов,107325,2,assoc,C,info,9,—,—,—,июнь-июль,main,,c02_kuda_postupat_posle_11;c04_professii_posle_11
16,на кого учиться,100434,1,assoc,B,info,—,—,—,—,март-апр,main,,c10_s_obschestvoznaniem
17,куда можно поступить после 9,99053,1,assoc,C,info,9,—,—,—,июнь-июль,main,,c04_professii_posle_11
18,востребованные профессии,98860,4,top,E,info,—,—,—,—,flat,main,,e02_vostrebovannye
19,аттестация работников,94651,1,assoc,D,info,—,—,—,—,сент-окт,main,,d05_test_na_professiyu
20,колледжи иркутска,93058,2,top,C,info,—,—,—,иркутск,июнь-июль,aggregator,,g05_kolledzhi_irkutsk
21,техникумы красноярска,89260,1,assoc,C,info,—,—,—,красноярск,июнь-июль,aggregator,,g01_kolledzhi_krasnoyarsk
22,куда можно поступить после 9 класса,88528,1,top,C,info,9,—,—,—,июнь-июль,main,,c01_kuda_postupat_posle_9
23,в колледж можно поступить после,88321,3,top,C,info,—,—,—,—,июнь-июль,main,,c05_postupit_v_kolledzh
24,специальность это,88203,10,assoc,0,info,—,—,—,—,сент-окт,main,,c08_kuda_postupat_devushke;c09_kuda_postupat_parnyu;c10_s_obschestvoznaniem;c16_s_geografiej;d06_test_na_vybor_professii;e01_professii_spisok;e02_vostrebovannye;e03_vysokooplachivaemye;e04_professii_buduschego;p01_proforientaciya
25,какие есть профессии,85165,4,assoc,0,info,—,—,—,—,сент-окт,main,,b03_kem_mozhno_stat;b04_na_kogo_pojti_uchitsya;b06_kem_pojti_rabotat;p01_proforientaciya
26,колледжи воронежа,80748,2,top,C,info,—,—,—,воронеж,июнь-июль,aggregator,,g03_kolledzhi_voronezh
27,какие есть специальности,80160,3,assoc,D,info,—,—,—,—,сент-окт,main,,d06_test_na_vybor_professii;e01_professii_spisok;e03_vysokooplachivaemye
28,куда поступить после 11 класса,76846,1,top,C,info,11,—,—,—,июнь-июль,main,,c02_kuda_postupat_posle_11
29,пермский колледж,75251,1,assoc,C,info,—,—,—,перм,июнь-июль,aggregator,,g02_kolledzhi_perm
30,в какой колледж поступить,73944,2,top,C,info,—,—,—,—,июнь-июль,main,,c05_postupit_v_kolledzh
31,тюменский колледж,71258,1,assoc,C,info,—,—,—,тюмен,июнь-июль,aggregator,,g04_kolledzhi_tyumen
32,профессии в колледже,70738,1,assoc,C,info,—,—,—,—,июнь-июль,main,,c03_professii_posle_9
33,как поступить в колледж,63292,2,top,C,info,—,—,—,—,июнь-июль,both,,c05_postupit_v_kolledzh
34,все профессии,61972,4,assoc,0,info,—,—,—,—,сент-окт,main,,b03_kem_mozhno_stat;b04_na_kogo_pojti_uchitsya;b06_kem_pojti_rabotat;p01_proforientaciya
35,профессии будущего,60698,1,top,E,info,—,—,—,—,flat,main,,e04_professii_buduschego
36,теста профориентацию,57405,7,top,D,info,—,—,—,—,сент-окт,main,,d01_test_na_proforientaciyu;p01_proforientaciya
37,красноярский техникум,57214,1,assoc,C,info,—,—,—,красноярск,июнь-июль,aggregator,,g01_kolledzhi_krasnoyarsk
38,красноярский колледж,51246,1,assoc,C,info,—,—,—,красноярск,июнь-июль,aggregator,,g01_kolledzhi_krasnoyarsk
39,9 классов какое образование,51221,5,assoc,C,info,9,—,—,—,июнь-июль,main,,c08_kuda_postupat_devushke;c12_s_biologiej;c13_s_informatikoj;c15_s_fizikoj;c16_s_geografiej
40,куда можно поступить после 11,51103,1,assoc,C,info,11,—,—,—,июнь-июль,main,,c03_professii_posle_9
41,список профессий,50640,11,top,E,info,—,—,—,—,flat,main,,c08_kuda_postupat_devushke;c09_kuda_postupat_parnyu;c16_s_geografiej;e01_professii_spisok;p01_proforientaciya;p06_projti_proforientaciyu
42,поступить в колледж после 9 класса,49912,1,top,C,info,9,—,—,—,июнь-июль,both,,c05_postupit_v_kolledzh
43,11 классов какое образование,46678,2,assoc,C,info,11,—,—,—,июнь-июль,main,,c08_kuda_postupat_devushke;c16_s_geografiej
44,образование после колледжа,43963,2,assoc,C,info,—,—,—,—,июнь-июль,main,,c01_kuda_postupat_posle_9;c03_professii_posle_9
45,спо образование,43011,3,assoc,C,info,—,—,—,—,июнь-июль,main,,c01_kuda_postupat_posle_9;c06_specialnosti_posle_9;c12_s_biologiej
46,что такое вуз,41405,1,assoc,C,info,—,—,—,—,июнь-июль,main,,c08_kuda_postupat_devushke
47,куда поступить с обществознанием,37332,1,top,C,info,—,—,обществознание,—,июнь-июль,main,,c10_s_obschestvoznaniem
48,поступить в колледж баллы,35573,1,top,C,info,—,—,—,—,июнь-июль,both,,c05_postupit_v_kolledzh
49,куда можно поступить после 11 класса,34573,1,top,C,info,11,—,—,—,июнь-июль,main,,c02_kuda_postupat_posle_11
50,выбор профессии,32837,5,assoc,B,info,—,—,—,—,март-апр,main,,b04_na_kogo_pojti_uchitsya;c08_kuda_postupat_devushke;c09_kuda_postupat_parnyu;p01_proforientaciya;p06_projti_proforientaciyu
51,поступить в медицинский колледж,31641,2,top,C,info,—,—,—,—,июнь-июль,main,,c05_postupit_v_kolledzh
52,куда поступить после колледжа,31625,2,top,C,info,—,—,—,—,июнь-июль,main,,c03_professii_posle_9;c05_postupit_v_kolledzh
53,тест на профессию,31473,3,top,D,info,—,—,—,—,сент-окт,main,,d05_test_na_professiyu
54,поступить в колледж 11 класса,31324,1,top,C,info,11,—,—,—,июнь-июль,both,,c05_postupit_v_kolledzh
55,колледж какое образование,31295,10,assoc,C,info,—,—,—,—,июнь-июль,main,,c01_kuda_postupat_posle_9;c02_kuda_postupat_posle_11;c03_professii_posle_9;c04_professii_posle_11;c06_specialnosti_posle_9;c12_s_biologiej;c13_s_informatikoj;c16_s_geografiej
56,образование техникум,28625,1,assoc,C,info,—,—,—,—,июнь-июль,main,,c02_kuda_postupat_posle_11
57,куда поступить с биологией,28109,1,top,C,info,—,—,биология,—,июнь-июль,main,,c12_s_biologiej
58,тестирование это,27527,3,assoc,D,info,—,—,—,—,сент-окт,main,,d04_projti_test;d05_test_na_professiyu;d06_test_na_vybor_professii
59,какие профессии востребованы,26386,1,top,E,info,—,—,—,—,flat,main,,e02_vostrebovannye
60,после 9 можно поступить в колледж,26043,2,top,C,info,9,—,—,—,июнь-июль,both,,c05_postupit_v_kolledzh
61,колледжи тюмень 9,25763,2,top,C,info,—,—,—,тюмен,июнь-июль,aggregator,,g04_kolledzhi_tyumen
62,колледжи перми после 9,24926,1,top,C,info,9,—,—,перм,июнь-июль,aggregator,,g02_kolledzhi_perm
63,техникумы иркутска,24651,1,assoc,C,info,—,—,—,иркутск,июнь-июль,aggregator,,g05_kolledzhi_irkutsk
64,профессии после 11 класса,24275,1,top,C,info,11,—,—,—,июнь-июль,main,,c04_professii_posle_11
65,списки поступающих в колледж,23658,1,top,C,info,—,—,—,—,июнь-июль,main,,c05_postupit_v_kolledzh
66,9 классов образования это какое образование,23173,5,assoc,C,info,9,—,—,—,июнь-июль,main,,c11_s_istoriej;c12_s_biologiej;c13_s_informatikoj;c15_s_fizikoj;c16_s_geografiej
67,техникумы воронежа,23074,1,assoc,C,info,—,—,—,воронеж,июнь-июль,aggregator,,g03_kolledzhi_voronezh
68,колледж пермь официальный,22664,1,top,C,info,—,—,—,перм,июнь-июль,aggregator,,g02_kolledzhi_perm
69,11 классов это какое образование,22370,3,assoc,C,info,11,—,—,—,июнь-июль,main,,c08_kuda_postupat_devushke;c11_s_istoriej;c15_s_fizikoj
70,можно после 9 класса поступить в колледж,22303,1,top,C,info,9,—,—,—,июнь-июль,both,,c05_postupit_v_kolledzh
71,тест на ориентацию,21825,1,assoc,D,info,—,—,—,—,сент-окт,main,,d01_test_na_proforientaciyu
72,на кого можно поступить после 9,21733,1,assoc,C,info,9,—,—,—,июнь-июль,main,,c04_professii_posle_11
73,востребованные профессии 2026,21700,1,top,E,info,—,—,—,—,flat,main,,e02_vostrebovannye
74,специальности в колледжах после 9 класса,21612,2,top,C,info,9,—,—,—,июнь-июль,main,,c06_specialnosti_posle_9
75,колледжи тюмень 9 класс,21567,2,top,C,info,9,—,—,тюмен,июнь-июль,aggregator,,g04_kolledzhi_tyumen
76,колледж 9 красноярск,21244,2,top,C,info,—,—,—,красноярск,июнь-июль,aggregator,,g01_kolledzhi_krasnoyarsk
77,сайты колледжей перми,21214,1,top,C,info,—,—,—,перм,июнь-июль,aggregator,,g02_kolledzhi_perm
78,профессии для детей,21141,1,assoc,A,info,—,—,—,—,сент-окт,main,,a04_prof_dlya_rebenka
79,колледжи 9 класса пермь,21107,2,top,C,info,9,—,—,перм,июнь-июль,aggregator,,g02_kolledzhi_perm
80,куда можно поступить с обществознанием,20740,1,top,C,info,—,—,обществознание,—,июнь-июль,main,,c10_s_obschestvoznaniem
81,колледж пермь официальный сайт,20707,1,top,C,info,—,—,—,перм,июнь-июль,aggregator,,g02_kolledzhi_perm
82,после какого можно поступить в колледж,20530,1,top,C,info,—,—,—,—,июнь-июль,both,,c05_postupit_v_kolledzh
83,куда поступать с химией,20368,1,top,C,info,—,—,химия,—,июнь-июль,main,,c14_s_himiej
84,моя профессия,20144,2,assoc,0,info,—,—,—,—,сент-окт,main,,p01_proforientaciya;p06_projti_proforientaciyu
85,куда поступить девушке,19643,1,top,C,info,—,f,—,—,июнь-июль,main,,c08_kuda_postupat_devushke
86,самые высокооплачиваемые профессии,19589,2,top,E,info,—,—,—,—,flat,main,,e03_vysokooplachivaemye
87,куда поступать с историей,18780,1,top,C,info,—,—,история,—,июнь-июль,main,,c11_s_istoriej
88,профессии после 9 класса для девушек,18527,1,top,C,info,9,f,—,—,июнь-июль,main,,c03_professii_posle_9
89,на кого пойти учиться,18480,7,top,B,info,—,—,—,—,март-апр,main,,b04_na_kogo_pojti_uchitsya;c08_kuda_postupat_devushke;c09_kuda_postupat_parnyu;c10_s_obschestvoznaniem;c15_s_fizikoj
90,техникум это,18349,1,assoc,C,info,—,—,—,—,июнь-июль,main,,c05_postupit_v_kolledzh
91,колледж тюмень официальный,17884,1,top,C,info,—,—,—,тюмен,июнь-июль,aggregator,,g04_kolledzhi_tyumen
92,самые востребованные профессии,17617,3,top,E,info,—,—,—,—,flat,main,,b03_kem_mozhno_stat;e02_vostrebovannye;p01_proforientaciya
93,после какого класса поступают в колледж,17500,2,top,C,info,—,—,—,—,июнь-июль,main,,c05_postupit_v_kolledzh
94,поступление в вуз после колледжа,17343,1,assoc,C,info,—,—,—,—,июнь-июль,main,,c01_kuda_postupat_posle_9
95,куда можно поступить после колледжа,17321,3,top,C,info,—,—,—,—,июнь-июль,main,,c03_professii_posle_9;c04_professii_posle_11;c05_postupit_v_kolledzh
96,сайт колледжей тюмени,17202,1,top,C,info,—,—,—,тюмен,июнь-июль,aggregator,,g04_kolledzhi_tyumen
97,колледж красноярск 9 класс,17199,2,top,C,info,9,—,—,красноярск,июнь-июль,aggregator,,g01_kolledzhi_krasnoyarsk
98,поступить в колледж без егэ,16783,2,top,C,info,—,—,—,—,июнь-июль,both,,c05_postupit_v_kolledzh
99,школа профессий,16736,1,assoc,C,info,—,—,—,—,июнь-июль,main,,c03_professii_posle_9
100,колледж тюмень официальный сайт,16671,1,top,C,info,—,—,—,тюмен,июнь-июль,aggregator,,g04_kolledzhi_tyumen
101,кем можно стать,16390,2,top,B,info,—,—,—,—,март-апр,main,,b03_kem_mozhno_stat
102,куда можно поступить с биологией,16312,2,top,C,info,—,—,биология,—,июнь-июль,main,,c12_s_biologiej
103,какую профессию выбрать,16130,2,top,B,info,—,—,—,—,март-апр,main,,b01_kakuyu_professiyu_vybrat
104,колледжи иркутска после 9,16082,1,top,C,info,9,—,—,иркутск,июнь-июль,aggregator,,g05_kolledzhi_irkutsk
105,онлайн тестирование,15520,1,assoc,D,commercial,—,—,—,—,сент-окт,main,,d03_test_online
106,колледжи воронежа после 9,15510,1,top,C,info,9,—,—,воронеж,июнь-июль,aggregator,,g03_kolledzhi_voronezh
107,востребованные профессии в россии,15482,1,top,E,info,—,—,—,—,flat,main,,e02_vostrebovannye
108,кем пойти работать,15201,3,top,B,info,—,—,—,—,март-апр,main,,b06_kem_pojti_rabotat
109,куда поступать девушкам после 9,14601,1,top,C,info,9,f,—,—,июнь-июль,main,,c08_kuda_postupat_devushke
110,куда поступить 9 класса девушке,14216,1,top,C,info,9,f,—,—,июнь-июль,main,,c08_kuda_postupat_devushke
111,куда поступить с русским и обществознанием,14176,1,top,C,info,—,—,обществознание,—,июнь-июль,main,,c10_s_obschestvoznaniem
112,куда поступать после 9 класса девушке,14147,2,top,C,info,9,f,—,—,июнь-июль,main,,c01_kuda_postupat_posle_9;c08_kuda_postupat_devushke
113,колледж иркутск 9 классов,14063,2,top,C,info,9,—,—,иркутск,июнь-июль,aggregator,,g05_kolledzhi_irkutsk
114,поступил в колледж на специальность,13825,1,top,C,info,—,—,—,—,июнь-июль,main,,c05_postupit_v_kolledzh
115,после 11 можно поступить в колледж,13472,3,top,C,info,11,—,—,—,июнь-июль,both,,c05_postupit_v_kolledzh
116,в колледж можно поступить на бюджет,13364,2,top,C,info,—,—,—,—,июнь-июль,main,,c05_postupit_v_kolledzh
117,в какой колледж поступить после 9,13306,1,top,C,info,9,—,—,—,июнь-июль,main,,c05_postupit_v_kolledzh
118,колледжи воронежа 9 класс,13196,2,top,C,info,9,—,—,воронеж,июнь-июль,aggregator,,g03_kolledzhi_voronezh
119,куда поступить после 9 класса на бюджет,12914,1,top,C,info,9,—,—,—,июнь-июль,main,,c01_kuda_postupat_posle_9
120,техникум тюмень,12599,1,assoc,C,info,—,—,—,тюмен,июнь-июль,aggregator,,g04_kolledzhi_tyumen
121,какое образование после 11,12440,1,assoc,C,info,11,—,—,—,июнь-июль,main,,c01_kuda_postupat_posle_9
122,куда поступать с географией,12403,1,top,C,info,—,—,география,—,июнь-июль,main,,c16_s_geografiej
123,it специальности,12262,2,assoc,C,info,—,—,—,—,июнь-июль,main,,c13_s_informatikoj;e04_professii_buduschego
124,куда поступать после 11 с обществознанием,12250,1,top,C,info,11,—,обществознание,—,июнь-июль,main,,c10_s_obschestvoznaniem
125,куда поступать с физикой,12246,1,top,C,info,—,—,физика,—,июнь-июль,main,,c15_s_fizikoj
126,айти специальности,12210,2,assoc,C,info,—,—,—,—,июнь-июль,main,,c13_s_informatikoj;e04_professii_buduschego
127,куда поступить с информатикой,12094,1,top,C,info,—,—,информатика,—,июнь-июль,main,,c13_s_informatikoj
128,колледж тиу тюмень,12073,1,top,C,info,—,—,—,тюмен,июнь-июль,aggregator,,g04_kolledzhi_tyumen
129,медицинский колледж тюмень,11956,1,top,C,info,—,—,—,тюмен,июнь-июль,aggregator,,g04_kolledzhi_tyumen
130,тест на прл,11739,1,assoc,D,info,—,—,—,—,сент-окт,main,,d01_test_na_proforientaciyu
131,на кого поступать после 11,11718,1,assoc,C,info,11,—,—,—,июнь-июль,main,,c03_professii_posle_9
132,после колледжа можно поступить в институт,11501,3,top,C,info,—,—,—,—,июнь-июль,main,,c03_professii_posle_9;c05_postupit_v_kolledzh
133,сайты колледжи красноярска,11333,1,top,C,info,—,—,—,красноярск,июнь-июль,aggregator,,g01_kolledzhi_krasnoyarsk
134,можно поступить в колледж после 11 класса,11317,1,top,C,info,11,—,—,—,июнь-июль,both,,c05_postupit_v_kolledzh
135,куда можно поступить с химией,11206,1,top,C,info,—,—,химия,—,июнь-июль,main,,c14_s_himiej
136,колледж технологий тюмень,11157,1,top,C,info,—,—,—,тюмен,июнь-июль,aggregator,,g04_kolledzhi_tyumen
137,поступают ли в колледж после вуза,10952,1,top,C,info,—,—,—,—,июнь-июль,main,,c05_postupit_v_kolledzh
138,в какой колледж поступить после 9 класса,10905,1,top,C,info,9,—,—,—,июнь-июль,main,,c05_postupit_v_kolledzh
139,куда поступать с химией и биологией,10836,2,top,C,info,—,—,биология,—,июнь-июль,main,,c12_s_biologiej;c14_s_himiej
140,колледжи красноярск официальный сайт,10832,1,top,C,info,—,—,—,красноярск,июнь-июль,aggregator,,g01_kolledzhi_krasnoyarsk
141,поступить после 9 класса профессии,10778,1,top,C,info,9,—,—,—,июнь-июль,main,,c03_professii_posle_9
142,тест на профориентацию бесплатно,10749,7,top,D,commercial,—,—,—,—,сент-окт,main,,d01_test_na_proforientaciyu;d02_test_besplatno;p01_proforientaciya;p05_prof_9_klass
143,куда поступить после 9 класса мальчику,10730,1,top,C,info,9,m,—,—,июнь-июль,main,,c01_kuda_postupat_posle_9
144,можно поступить в колледж без егэ,10633,2,top,C,info,—,—,—,—,июнь-июль,both,,c05_postupit_v_kolledzh
145,колледж 11 тюмень,10610,2,top,C,info,—,—,—,тюмен,июнь-июль,aggregator,,g04_kolledzhi_tyumen
146,поступить в колледж в москве,10602,2,top,C,info,—,—,—,москв,июнь-июль,aggregator,,c05_postupit_v_kolledzh
147,в колледж поступить экзамены,10447,2,top,C,info,—,—,—,—,июнь-июль,main,,c05_postupit_v_kolledzh
148,куда можно поступить с историей,10415,1,top,C,info,—,—,история,—,июнь-июль,main,,c11_s_istoriej
149,тест янга,10412,1,assoc,D,info,—,—,—,—,сент-окт,main,,d07_test_gollanda
150,после какого класса можно поступить в колледж,10311,2,top,C,info,—,—,—,—,июнь-июль,both,,c05_postupit_v_kolledzh
151,список профессий после 9,10222,1,top,C,info,9,—,—,—,июнь-июль,main,,e01_professii_spisok
152,куда поступить с математикой и обществознанием,10211,1,top,C,info,—,—,обществознание,—,июнь-июль,main,,c10_s_obschestvoznaniem
153,какая профессия мне подходит,10201,1,top,B,info,—,—,—,—,март-апр,main,,b05_kakaya_professiya_podhodit
154,аэрокосмический колледж красноярск,10174,1,top,C,info,—,—,—,красноярск,июнь-июль,aggregator,,g01_kolledzhi_krasnoyarsk
155,профориентация онлайн,10073,3,top,0,commercial,—,—,—,—,сент-окт,main,,d06_test_na_vybor_professii;p01_proforientaciya;p04_prof_online
156,техникум какое образование,9981,12,assoc,C,info,—,—,—,—,июнь-июль,main,,c01_kuda_postupat_posle_9;c02_kuda_postupat_posle_11;c03_professii_posle_9;c05_postupit_v_kolledzh;c06_specialnosti_posle_9;c11_s_istoriej;c12_s_biologiej;c13_s_informatikoj;c15_s_fizikoj;c16_s_geografiej
157,куда можно поступить девушке,9970,1,top,C,info,—,f,—,—,июнь-июль,main,,c08_kuda_postupat_devushke
158,красноярском колледже сферы услуг и предпринимательства,9966,1,top,C,commercial,—,—,—,красноярск,июнь-июль,aggregator,,g01_kolledzhi_krasnoyarsk
159,9 класса список профессий,9907,3,top,C,info,9,—,—,—,июнь-июль,main,,c03_professii_posle_9;e01_professii_spisok
160,поступил учиться в колледж,9868,1,top,C,info,—,—,—,—,июнь-июль,main,,c05_postupit_v_kolledzh
161,поступают ли в колледж после 11,9681,1,top,C,info,11,—,—,—,июнь-июль,main,,c05_postupit_v_kolledzh
162,как выбрать профессию,9633,2,top,B,info,—,—,—,—,март-апр,main,,b02_kak_vybrat_professiyu
163,тест кто ты из уцц,9553,1,assoc,D,info,—,—,—,—,сент-окт,main,,d01_test_na_proforientaciyu
164,где поступить в колледж,9408,1,top,C,info,—,—,—,—,июнь-июль,both,,c05_postupit_v_kolledzh
165,пермский колледж пермь,9368,1,top,C,info,—,—,—,перм,июнь-июль,aggregator,,g02_kolledzhi_perm
166,тесто для эклеров,9365,1,assoc,D,info,—,—,—,—,сент-окт,main,,d08_test_klimova
167,тест на умение располагать к себе,9260,1,assoc,D,info,—,—,—,—,сент-окт,main,,p06_projti_proforientaciyu
168,ребенок поступил в колледж,9163,2,top,C,info,—,—,—,—,июнь-июль,main,,c05_postupit_v_kolledzh
169,поступать ли в медицинский колледж,8977,1,top,C,info,—,—,—,—,июнь-июль,main,,c05_postupit_v_kolledzh
170,тюменский колледж тюмень,8928,1,top,C,info,—,—,—,тюмен,июнь-июль,aggregator,,g04_kolledzhi_tyumen
171,куда можно поступить с обществознанием и русским,8908,1,top,C,info,—,—,обществознание,—,июнь-июль,main,,c10_s_obschestvoznaniem
172,после колледжа можно поступить в университет,8861,2,top,C,info,—,—,—,—,июнь-июль,main,,c05_postupit_v_kolledzh
173,что такое специальность,8859,8,assoc,B,info,—,—,—,—,март-апр,main,,b01_kakuyu_professiyu_vybrat;b02_kak_vybrat_professiyu;b05_kakaya_professiya_podhodit;c08_kuda_postupat_devushke;c09_kuda_postupat_parnyu;e01_professii_spisok;e02_vostrebovannye;e03_vysokooplachivaemye
174,красноярски монтажный колледж,8826,2,top,C,info,—,—,—,красноярск,июнь-июль,aggregator,,g01_kolledzhi_krasnoyarsk
175,аттестационная работа,8808,1,assoc,D,info,—,—,—,—,сент-окт,main,,d05_test_na_professiyu
176,кем можно пойти работать,8764,2,top,B,info,—,—,—,—,март-апр,main,,b06_kem_pojti_rabotat
177,уунит специальности,8754,1,assoc,E,info,—,—,—,—,flat,main,,e04_professii_buduschego
178,какие профессии можно после 9 класса,8726,1,top,C,info,9,—,—,—,июнь-июль,main,,c03_professii_posle_9
179,виды тестирования,8687,1,assoc,D,info,—,—,—,—,сент-окт,main,,d06_test_na_vybor_professii
180,интересные профессии,8666,2,assoc,0,info,—,—,—,—,сент-окт,main,,p01_proforientaciya;p06_projti_proforientaciyu
181,колледжи красноярска 11,8600,2,top,C,info,—,—,—,красноярск,июнь-июль,aggregator,,g01_kolledzhi_krasnoyarsk
182,класс профориентации,8554,1,top,0,info,—,—,—,—,сент-окт,main,,p01_proforientaciya
183,куда поступить с биологией и русским,8528,1,top,C,info,—,—,биология,—,июнь-июль,main,,c12_s_biologiej
184,куда поступить после 9 класса девочке,8442,1,top,C,info,9,f,—,—,июнь-июль,main,,c01_kuda_postupat_posle_9
185,как поступить в колледж после 9,8329,1,top,C,info,9,—,—,—,июнь-июль,both,,c05_postupit_v_kolledzh
186,строительный колледж пермь,8267,1,top,C,info,—,—,—,перм,июнь-июль,aggregator,,g02_kolledzhi_perm
187,на кого можно пойти учиться,8258,3,top,B,info,—,—,—,—,март-апр,main,,b04_na_kogo_pojti_uchitsya;c10_s_obschestvoznaniem
188,сайты колледжей иркутска,8255,1,top,C,info,—,—,—,иркутск,июнь-июль,aggregator,,g05_kolledzhi_irkutsk
189,можно ли поступить в вуз после колледжа,8245,1,top,C,info,—,—,—,—,июнь-июль,main,,c05_postupit_v_kolledzh
190,куда можно поступить девушке после 9,8245,1,top,C,info,9,f,—,—,июнь-июль,main,,c08_kuda_postupat_devushke
191,тест какая профессия мне подходит,8201,1,top,D,info,—,—,—,—,сент-окт,main,,b05_kakaya_professiya_podhodit
192,9 класс куда можно поступить девушке,8154,3,top,C,info,9,f,—,—,июнь-июль,main,,c01_kuda_postupat_posle_9;c08_kuda_postupat_devushke
193,поступают ли в колледж после 11 класса,8143,1,top,C,info,11,—,—,—,июнь-июль,main,,c05_postupit_v_kolledzh
194,тесто какая профессия мне подходит,8110,1,top,D,info,—,—,—,—,сент-окт,main,,b05_kakaya_professiya_podhodit
195,в какие колледжи можно поступить после 9,8099,1,top,C,info,9,—,—,—,июнь-июль,both,,c05_postupit_v_kolledzh
196,поступить заочно в колледж,8058,1,top,C,info,—,—,—,—,июнь-июль,main,,c05_postupit_v_kolledzh
197,колледж это какое образование,8057,6,assoc,C,info,—,—,—,—,июнь-июль,main,,c06_specialnosti_posle_9;c11_s_istoriej;c12_s_biologiej;c13_s_informatikoj;c16_s_geografiej
198,экономический колледж пермь,8036,1,top,C,info,—,—,—,перм,июнь-июль,aggregator,,g02_kolledzhi_perm
199,на кого можно поступить после 11,7948,1,assoc,C,info,11,—,—,—,июнь-июль,main,,c03_professii_posle_9
200,колледжи иркутск официальный сайт,7780,1,top,C,info,—,—,—,иркутск,июнь-июль,aggregator,,g05_kolledzhi_irkutsk
201,колледжи тюмень 11 класс,7700,2,top,C,info,11,—,—,тюмен,июнь-июль,aggregator,,g04_kolledzhi_tyumen
202,лучшие профессии после 9 класса,7649,1,top,C,info,9,—,—,—,июнь-июль,main,,c03_professii_posle_9
203,поступить в педагогический колледж,7575,1,top,C,info,—,—,—,—,июнь-июль,main,,c05_postupit_v_kolledzh
204,педагогический колледж тюмень,7510,1,top,C,info,—,—,—,тюмен,июнь-июль,aggregator,,g04_kolledzhi_tyumen
205,профориентация онлайн тест,7445,8,top,D,commercial,—,—,—,—,сент-окт,main,,d01_test_na_proforientaciyu;d03_test_online;p01_proforientaciya;p04_prof_online
206,нефтяной колледж пермь,7428,1,top,C,info,—,—,—,перм,июнь-июль,aggregator,,g02_kolledzhi_perm
207,красноярском финансово экономическом колледже,7416,1,top,C,info,—,—,—,красноярск,июнь-июль,aggregator,,g01_kolledzhi_krasnoyarsk
208,специальности после 9 класса бюджет,7411,1,top,C,info,9,—,—,—,июнь-июль,main,,c06_specialnosti_posle_9
209,какие есть профессии после 9 класса,7323,1,top,C,info,9,—,—,—,июнь-июль,main,,c03_professii_posle_9
210,куда можно поступить с химией биологией,7308,2,top,C,info,—,—,биология,—,июнь-июль,main,,c12_s_biologiej;c14_s_himiej
211,многопрофильный колледж тюмень,7289,1,top,C,info,—,—,—,тюмен,июнь-июль,aggregator,,g04_kolledzhi_tyumen
212,медицинский колледж красноярск,7180,1,top,C,info,—,—,—,красноярск,июнь-июль,aggregator,,g01_kolledzhi_krasnoyarsk
213,куда поступать с русским математикой и обществознанием,7139,1,top,C,info,—,—,обществознание,—,июнь-июль,main,,c10_s_obschestvoznaniem
214,поступить в колледж после армии,7095,1,top,C,info,—,—,—,—,июнь-июль,both,,c05_postupit_v_kolledzh
215,медицинский колледж пермь,7081,1,top,C,info,—,—,—,перм,июнь-июль,aggregator,,g02_kolledzhi_perm
216,медицинский колледж иркутск,7018,1,top,C,info,—,—,—,иркутск,июнь-июль,aggregator,,g05_kolledzhi_irkutsk
217,куда можно поступить с географией,6997,1,top,C,info,—,—,география,—,июнь-июль,main,,c16_s_geografiej
218,колледжи тюмени специальности,6980,1,top,C,info,—,—,—,тюмен,июнь-июль,aggregator,,g04_kolledzhi_tyumen
219,куда поступить после 11 класса с обществознанием,6972,2,top,C,info,11,—,обществознание,—,июнь-июль,main,,c02_kuda_postupat_posle_11;c10_s_obschestvoznaniem
220,колледж воронеж сайт,6968,1,top,C,info,—,—,—,воронеж,июнь-июль,aggregator,,g03_kolledzhi_voronezh
221,в колледж поступила ученица,6901,1,top,C,info,—,—,—,—,июнь-июль,main,,c05_postupit_v_kolledzh
222,поступать ли в мед колледж,6825,1,top,C,info,—,—,—,—,июнь-июль,main,,c05_postupit_v_kolledzh
223,самые высокооплачиваемые профессии в россии,6825,1,top,E,info,—,—,—,—,flat,main,,e03_vysokooplachivaemye
224,куда поступить после 11 с биологией,6819,1,top,C,info,11,—,биология,—,июнь-июль,main,,c12_s_biologiej
225,хочешь поступить в колледж,6807,1,top,C,info,—,—,—,—,июнь-июль,both,,c05_postupit_v_kolledzh
226,официальные сайты колледжей воронежа,6682,1,top,C,info,—,—,—,воронеж,июнь-июль,aggregator,,g03_kolledzhi_voronezh
227,какие специальности поступают в колледже,6657,1,top,C,info,—,—,—,—,июнь-июль,both,,c05_postupit_v_kolledzh
228,куда можно поступить после 11 с обществознанием,6651,1,top,C,info,11,—,обществознание,—,июнь-июль,main,,c10_s_obschestvoznaniem
229,куда можно поступить с информатикой,6612,1,top,C,info,—,—,информатика,—,июнь-июль,main,,c13_s_informatikoj
230,специальности после 9 класса нижний новгород,6581,1,top,C,info,9,—,—,нижний новгород,июнь-июль,aggregator,,c06_specialnosti_posle_9
231,как поступить в вуз после колледжа,6507,1,top,C,info,—,—,—,—,июнь-июль,main,,c05_postupit_v_kolledzh
232,финансовый колледж пермь,6474,1,top,C,info,—,—,—,перм,июнь-июль,aggregator,,g02_kolledzhi_perm
233,востребованные профессии для девушек,6444,1,top,E,info,—,f,—,—,flat,main,,e02_vostrebovannye
234,барни профессии будущего,6425,1,top,E,info,—,—,—,—,flat,main,,e04_professii_buduschego
235,колледж права тюмень,6423,1,top,C,info,—,—,—,тюмен,июнь-июль,aggregator,,g04_kolledzhi_tyumen
236,поступить в колледж отсрочка,6298,1,top,C,info,—,—,—,—,июнь-июль,both,,c05_postupit_v_kolledzh
237,колледж экономики тюмень,6270,1,top,C,info,—,—,—,тюмен,июнь-июль,aggregator,,g04_kolledzhi_tyumen
238,госуслуги поступить в колледж,6240,1,top,C,commercial,—,—,—,—,июнь-июль,both,,c05_postupit_v_kolledzh
239,можно ли поступить в медицинский колледж,6229,1,top,C,info,—,—,—,—,июнь-июль,main,,c05_postupit_v_kolledzh
240,куда можно поступить с математикой и обществознанием,6207,1,top,C,info,—,—,обществознание,—,июнь-июль,main,,c10_s_obschestvoznaniem
241,куда можно поступить с физикой,6171,1,top,C,info,—,—,физика,—,июнь-июль,main,,c15_s_fizikoj
242,поступить в колледж профессии,6089,1,top,C,info,—,—,—,—,июнь-июль,both,,c05_postupit_v_kolledzh
243,колледжи красноярска после 11 класса,6086,1,top,C,info,11,—,—,красноярск,июнь-июль,aggregator,,g01_kolledzhi_krasnoyarsk
244,куда поступить с историей и обществознанием,6062,2,top,C,info,—,—,обществознание,—,июнь-июль,main,,c10_s_obschestvoznaniem;c11_s_istoriej
245,востребованные профессии после 9,5990,1,top,C,info,9,—,—,—,июнь-июль,main,,e02_vostrebovannye
246,в какой колледж поступить после 11,5942,1,top,C,info,11,—,—,—,июнь-июль,main,,c05_postupit_v_kolledzh
247,колледж предпринимательства красноярск,5933,1,top,C,info,—,—,—,красноярск,июнь-июль,aggregator,,g01_kolledzhi_krasnoyarsk
248,с каким баллом можно поступить в колледж,5908,1,top,C,info,—,—,—,—,июнь-июль,both,,c05_postupit_v_kolledzh
249,колледж экономики и права тюмень,5884,1,top,C,info,—,—,—,тюмен,июнь-июль,aggregator,,g04_kolledzhi_tyumen
250,многопрофильный колледж тиу тюмень,5840,1,top,C,info,—,—,—,тюмен,июнь-июль,aggregator,,g04_kolledzhi_tyumen
251,куда поступить с физикой и математикой,5839,1,top,C,info,—,—,физика,—,июнь-июль,main,,c15_s_fizikoj
252,куда можно поступить с русским математикой обществознанием,5829,1,top,C,info,—,—,обществознание,—,июнь-июль,main,,c10_s_obschestvoznaniem
253,тест на профессию бесплатно,5802,3,top,D,commercial,—,—,—,—,сент-окт,main,,d01_test_na_proforientaciyu;d03_test_online;d05_test_na_professiyu
254,10 востребованных профессий,5787,2,top,E,info,—,—,—,—,flat,main,,e02_vostrebovannye
255,на кого пойти учиться после 9,5785,1,top,C,info,9,—,—,—,июнь-июль,main,,b04_na_kogo_pojti_uchitsya
256,профориентация для школьников,5754,2,top,0,info,—,—,—,—,сент-окт,main,,p01_proforientaciya;p03_prof_dlya_shkolnikov
257,медицинский колледж воронеж,5745,1,top,C,info,—,—,—,воронеж,июнь-июль,aggregator,,g03_kolledzhi_voronezh
258,какие профессии будущего,5674,1,top,E,info,—,—,—,—,flat,main,,e04_professii_buduschego
259,востребованные профессии 9 класс,5652,3,top,C,info,9,—,—,—,июнь-июль,main,,c03_professii_posle_9;e02_vostrebovannye
260,платно поступить в колледж,5628,1,top,C,commercial,—,—,—,—,июнь-июль,both,,c05_postupit_v_kolledzh
261,центр профессии будущего,5621,1,top,E,commercial,—,—,—,—,flat,main,,e04_professii_buduschego
262,обществознание куда можно поступить после 11 класса,5593,1,top,C,info,11,—,обществознание,—,июнь-июль,main,,c02_kuda_postupat_posle_11
263,педагогический колледж красноярск,5591,1,top,C,info,—,—,—,красноярск,июнь-июль,aggregator,,g01_kolledzhi_krasnoyarsk
264,теста профориентацию бесплатно онлайн,5541,11,top,D,commercial,—,—,—,—,сент-окт,main,,d01_test_na_proforientaciyu;d02_test_besplatno;d03_test_online;p01_proforientaciya;p04_prof_online;p05_prof_9_klass
265,рейтинг поступающих в колледж,5501,1,top,C,info,—,—,—,—,июнь-июль,aggregator,,c05_postupit_v_kolledzh
266,финансов экономический колледж пермь,5482,1,top,C,info,—,—,—,перм,июнь-июль,aggregator,,g02_kolledzhi_perm
267,куда можно поступить с биологией и русским,5466,1,top,C,info,—,—,биология,—,июнь-июль,main,,c12_s_biologiej
268,красноярский строительный техникум,5465,1,assoc,C,info,—,—,—,красноярск,июнь-июль,aggregator,,g01_kolledzhi_krasnoyarsk
269,колледж управления тюмень,5465,1,top,C,info,—,—,—,тюмен,июнь-июль,aggregator,,g04_kolledzhi_tyumen
270,финансово экономический колледж пермь,5456,1,top,C,info,—,—,—,перм,июнь-июль,aggregator,,g02_kolledzhi_perm
271,мед колледж тюмень,5452,1,top,C,info,—,—,—,тюмен,июнь-июль,aggregator,,g04_kolledzhi_tyumen
272,куда поступить с егэ по обществознанию,5398,1,top,C,info,—,—,обществознание,—,июнь-июль,main,,c10_s_obschestvoznaniem
273,в имперский колледж поступила,5320,1,top,C,info,—,—,—,—,июнь-июль,main,,c05_postupit_v_kolledzh
274,выборы профориентации,5305,1,top,0,info,—,—,—,—,сент-окт,main,,p01_proforientaciya
275,можно ли поступить в другой колледж,5302,1,top,C,info,—,—,—,—,июнь-июль,main,,c05_postupit_v_kolledzh
276,не знаю кем стать,5294,2,top,B,info,—,—,—,—,март-апр,main,,b07_ne_znayu_kem_stat
277,моя будущая профессия,5274,4,assoc,0,info,—,—,—,—,сент-окт,main,,p01_proforientaciya;p04_prof_online;p06_projti_proforientaciyu;p07_centr_proforientacii
278,выбор профориентации,5265,1,top,0,info,—,—,—,—,сент-окт,main,,p01_proforientaciya
279,нужно ли поступать в колледж,5255,1,top,C,info,—,—,—,—,июнь-июль,main,,c05_postupit_v_kolledzh
280,куда поступить после 11 с историей,5243,1,top,C,info,11,—,история,—,июнь-июль,main,,c11_s_istoriej
281,в имперский колледж поступает ученица,5241,1,top,C,info,—,—,—,—,июнь-июль,main,,c05_postupit_v_kolledzh
282,колледж управления и права тюмень,5220,1,top,C,info,—,—,—,тюмен,июнь-июль,aggregator,,g04_kolledzhi_tyumen
283,куда поступить с русским и историей,5217,1,top,C,info,—,—,история,—,июнь-июль,main,,c11_s_istoriej
284,колледж бгу иркутск,5195,1,top,C,info,—,—,—,иркутск,июнь-июль,aggregator,,g05_kolledzhi_irkutsk
285,поступить в колледж после 9 бюджет,5193,1,top,C,info,9,—,—,—,июнь-июль,both,,c05_postupit_v_kolledzh
286,поступить без егэ в вуз после колледжа,5165,1,top,C,info,—,—,—,—,июнь-июль,main,,c05_postupit_v_kolledzh
287,специальности для девушек после 9 класса,5128,1,top,C,info,9,f,—,—,июнь-июль,main,,c06_specialnosti_posle_9
288,в какой колледж поступить после 11 класса,5119,1,top,C,info,11,—,—,—,июнь-июль,main,,c05_postupit_v_kolledzh
289,востребованные профессии 10 лет,5099,1,top,E,info,—,—,—,—,flat,main,,e02_vostrebovannye
290,педагогический колледж пермь,5090,1,top,C,info,—,—,—,перм,июнь-июль,aggregator,,g02_kolledzhi_perm
291,востребованные профессии сейчас,5059,1,top,E,info,—,—,—,—,flat,main,,e02_vostrebovannye
292,строительные специальности после 9 класса,5053,1,top,C,info,9,—,—,—,июнь-июль,main,,c06_specialnosti_posle_9
293,можно ли поступить в мед колледж,5033,3,top,C,info,—,—,—,—,июнь-июль,main,,c05_postupit_v_kolledzh
294,колледж тюмень экономика управления,4985,1,top,C,info,—,—,—,тюмен,июнь-июль,aggregator,,g04_kolledzhi_tyumen
295,тест климова,4944,2,top,D,info,—,—,—,—,сент-окт,main,,d08_test_klimova
296,какие профессии востребованы в россии,4904,1,top,E,info,—,—,—,—,flat,main,,e02_vostrebovannye
297,специальности после 9 класса уфа,4892,1,top,C,info,9,—,—,уфа,июнь-июль,aggregator,,c06_specialnosti_posle_9
298,колледж экономики управления и права тюмень,4892,1,top,C,info,—,—,—,тюмен,июнь-июль,aggregator,,g04_kolledzhi_tyumen
299,колледжи иркутска после 11,4880,1,top,C,info,11,—,—,иркутск,июнь-июль,aggregator,,g05_kolledzhi_irkutsk
300,на кого пойти учиться после 9 класса,4869,1,top,C,info,9,—,—,—,июнь-июль,main,,b04_na_kogo_pojti_uchitsya
301,поступи тюмень колледжи,4857,3,top,C,info,—,—,—,тюмен,июнь-июль,aggregator,,c05_postupit_v_kolledzh;g04_kolledzhi_tyumen
302,куда поступать с химией и русским,4851,1,top,C,info,—,—,химия,—,июнь-июль,main,,c14_s_himiej
303,самые востребованные профессии в россии,4790,1,top,E,info,—,—,—,—,flat,main,,e02_vostrebovannye
304,куда поступить с математикой и биологией,4787,1,top,C,info,—,—,биология,—,июнь-июль,main,,c12_s_biologiej
305,профориентация прошла,4775,4,top,0,info,—,—,—,—,сент-окт,main,,p01_proforientaciya;p06_projti_proforientaciyu
306,поступить в медицинский колледж после 9,4768,1,top,C,info,9,—,—,—,июнь-июль,main,,c05_postupit_v_kolledzh
307,поступить после колледжа в другой колледж,4737,1,top,C,info,—,—,—,—,июнь-июль,main,,c05_postupit_v_kolledzh
308,профессии для девушек после 11 класса,4732,1,top,C,info,11,f,—,—,июнь-июль,main,,c04_professii_posle_11
309,профориентация выбор профессии,4712,1,top,0,info,—,—,—,—,сент-окт,main,,p01_proforientaciya
310,колледж сервиса пермь,4700,1,top,C,info,—,—,—,перм,июнь-июль,aggregator,,g02_kolledzhi_perm
311,9 класса список профессий девушке,4692,3,top,C,info,9,f,—,—,июнь-июль,main,,c03_professii_posle_9;e01_professii_spisok
312,куда поступить с информатикой и математикой,4690,1,top,C,info,—,—,информатика,—,июнь-июль,main,,c13_s_informatikoj
313,тесты на выборы профессий,4677,1,top,D,info,—,—,—,—,сент-окт,main,,d05_test_na_professiyu
314,тест на выбор профессии,4673,7,top,D,info,—,—,—,—,сент-окт,main,,d01_test_na_proforientaciyu;d03_test_online;d05_test_na_professiyu;d06_test_na_vybor_professii;p01_proforientaciya;p04_prof_online;p06_projti_proforientaciyu
315,профессии с хорошей зарплатой после 9 класса,4657,1,top,C,info,9,—,—,—,июнь-июль,main,,c03_professii_posle_9
316,тест холланда,4655,1,assoc,D,info,—,—,—,—,сент-окт,main,,d07_test_gollanda
317,училище какое образование,4643,3,assoc,C,info,—,—,—,—,июнь-июль,main,,c01_kuda_postupat_posle_9;c02_kuda_postupat_posle_11;c06_specialnosti_posle_9
318,тест климово,4636,1,top,D,info,—,—,—,—,сент-окт,main,,d08_test_klimova
319,колледж финансов красноярск,4634,1,top,C,info,—,—,—,красноярск,июнь-июль,aggregator,,g01_kolledzhi_krasnoyarsk
320,востребованные профессии в 2026 году,4608,1,top,E,info,—,—,—,—,flat,main,,e02_vostrebovannye
321,финансовый колледж красноярск,4603,1,top,C,info,—,—,—,красноярск,июнь-июль,aggregator,,g01_kolledzhi_krasnoyarsk
322,профориентация 9,4592,2,top,0,info,—,—,—,—,сент-окт,main,,p01_proforientaciya
323,куда поступить после 11 класса на бюджет,4570,1,top,C,info,11,—,—,—,июнь-июль,main,,c02_kuda_postupat_posle_11
324,что нужно чтобы поступить в колледж,4569,1,top,C,info,—,—,—,—,июнь-июль,both,,c05_postupit_v_kolledzh
325,куда поступать с обществознанием и профильной,4537,1,top,C,info,—,—,обществознание,—,июнь-июль,main,,c10_s_obschestvoznaniem
326,красноярском колледже отраслевых технологий и предпринимательства,4532,1,top,C,info,—,—,—,красноярск,июнь-июль,aggregator,,g01_kolledzhi_krasnoyarsk
327,какие есть специальности после 9 класса,4513,1,top,C,info,9,—,—,—,июнь-июль,main,,c06_specialnosti_posle_9
328,куда поступать после 11 с химией,4512,1,top,C,info,11,—,химия,—,июнь-июль,main,,c14_s_himiej
329,как поступить в институт после колледжа,4499,1,top,C,info,—,—,—,—,июнь-июль,main,,c05_postupit_v_kolledzh
330,цифровой колледж тюмень,4479,1,top,C,info,—,—,—,тюмен,июнь-июль,aggregator,,g04_kolledzhi_tyumen
331,куда поступить с профильной математикой и обществознанием,4474,1,top,C,info,—,—,обществознание,—,июнь-июль,main,,c10_s_obschestvoznaniem
332,политехнический колледж специальности после 9 класса,4448,1,top,C,info,9,—,—,—,июнь-июль,main,,c06_specialnosti_posle_9
333,педагогический колледж воронеж,4415,1,top,C,info,—,—,—,воронеж,июнь-июль,aggregator,,g03_kolledzhi_voronezh
334,колледж цифровых технологий тюмень,4414,1,top,C,info,—,—,—,тюмен,июнь-июль,aggregator,,g04_kolledzhi_tyumen
335,тест на пиксели,4406,1,assoc,D,info,—,—,—,—,сент-окт,main,,d08_test_klimova
336,учиться после 9 класса профессии,4386,1,top,C,info,9,—,—,—,июнь-июль,main,,c03_professii_posle_9
337,техникумы и колледжи красноярска,4374,1,top,C,info,—,—,—,красноярск,июнь-июль,aggregator,,g01_kolledzhi_krasnoyarsk
338,красноярск колледж услуг,4362,1,top,C,commercial,—,—,—,красноярск,июнь-июль,aggregator,,g01_kolledzhi_krasnoyarsk
339,в какой вуз поступить после колледжа,4346,1,top,C,info,—,—,—,—,июнь-июль,main,,c05_postupit_v_kolledzh
340,профессии востребованные в ближайшие,4294,1,top,E,info,—,—,—,—,flat,main,,e02_vostrebovannye
341,10 класс поступить в колледж,4280,1,top,C,info,10,—,—,—,июнь-июль,both,,c05_postupit_v_kolledzh
342,куда поступить после 9 класса в новосибирске,4277,1,top,C,info,9,—,—,новосибирск,июнь-июль,aggregator,,c01_kuda_postupat_posle_9
343,профессионализм это,4277,1,assoc,E,info,—,—,—,—,flat,main,,e02_vostrebovannye
344,какие профессии востребованы в 2026,4267,1,top,E,info,—,—,—,—,flat,main,,e02_vostrebovannye
345,востребованные профессии в россии 2026,4266,1,top,E,info,—,—,—,—,flat,main,,e02_vostrebovannye
346,поступить в колледже спб,4229,2,top,C,info,—,—,—,спб,июнь-июль,aggregator,,c05_postupit_v_kolledzh
347,востребованные профессии ближайшие 10,4223,1,top,E,info,—,—,—,—,flat,main,,e02_vostrebovannye
348,на какую профессию поступить после 9 класса,4212,1,top,C,info,9,—,—,—,июнь-июль,main,,c03_professii_posle_9
349,самые востребованные профессии 2026,4204,1,top,E,info,—,—,—,—,flat,main,,e02_vostrebovannye
350,колледж сферы услуг красноярск,4203,1,top,C,commercial,—,—,—,красноярск,июнь-июль,aggregator,,g01_kolledzhi_krasnoyarsk
351,поступить в медицинский колледж после 9 класса,4178,1,top,C,info,9,—,—,—,июнь-июль,main,,c05_postupit_v_kolledzh
352,колледж 11 класс иркутск,4177,2,top,C,info,11,—,—,иркутск,июнь-июль,aggregator,,g05_kolledzhi_irkutsk
353,профориентация 9 класс,4172,4,top,0,info,9,—,—,—,сент-окт,main,,p01_proforientaciya;p05_prof_9_klass
354,какие бывают профессии,4158,6,assoc,0,info,—,—,—,—,сент-окт,main,,b03_kem_mozhno_stat;b04_na_kogo_pojti_uchitsya;b06_kem_pojti_rabotat;c08_kuda_postupat_devushke;c09_kuda_postupat_parnyu;p01_proforientaciya
355,как поступить в колледж на бюджет,4150,1,top,C,info,—,—,—,—,июнь-июль,both,,c05_postupit_v_kolledzh
356,куда можно поступить после 11 с биологией,4147,1,top,C,info,11,—,биология,—,июнь-июль,main,,c12_s_biologiej
357,красноярский монтажный колледж,4139,1,assoc,C,info,—,—,—,красноярск,июнь-июль,aggregator,,g01_kolledzhi_krasnoyarsk
358,введение в специальность,4138,1,assoc,E,info,—,—,—,—,flat,main,,e04_professii_buduschego
359,колледж услуг и предпринимательства красноярск,4133,1,top,C,commercial,—,—,—,красноярск,июнь-июль,aggregator,,g01_kolledzhi_krasnoyarsk
360,10 класс какое образование,4127,1,assoc,C,info,10,—,—,—,июнь-июль,main,,c01_kuda_postupat_posle_9
361,поступить в колледж после высшего,4115,1,top,C,info,—,—,—,—,июнь-июль,both,,c05_postupit_v_kolledzh
362,тюмень колледжи педагогические технологии,4112,1,top,C,info,—,—,—,тюмен,июнь-июль,aggregator,,g04_kolledzhi_tyumen
363,куда поступить в колледж после 9,4099,1,top,C,info,9,—,—,—,июнь-июль,both,,c05_postupit_v_kolledzh
364,колледж цифровой педагогический тюмень,4089,1,top,C,info,—,—,—,тюмен,июнь-июль,aggregator,,g04_kolledzhi_tyumen
365,куда поступить с обществознанием и русским егэ,4084,1,top,C,info,—,—,обществознание,—,июнь-июль,main,,c10_s_obschestvoznaniem
366,куда поступить с информатикой русским,4080,1,top,C,info,—,—,информатика,—,июнь-июль,main,,c13_s_informatikoj
367,тест на класс профессии,4070,1,top,D,info,—,—,—,—,сент-окт,main,,d05_test_na_professiyu
368,в какой курс поступаешь после колледжа,4057,1,top,C,info,—,—,—,—,июнь-июль,main,,c05_postupit_v_kolledzh
369,куда поступить в красноярске после 9 класса,4029,1,top,C,info,9,—,—,красноярск,июнь-июль,aggregator,,c01_kuda_postupat_posle_9
370,колледж цифровых и педагогических технологий тюмень,4028,1,top,C,info,—,—,—,тюмен,июнь-июль,aggregator,,g04_kolledzhi_tyumen
371,колледж сферы и предпринимательства красноярск,4022,1,top,C,info,—,—,—,красноярск,июнь-июль,aggregator,,g01_kolledzhi_krasnoyarsk
372,колледж сферы услуг и предпринимательства красноярск,4014,1,top,C,commercial,—,—,—,красноярск,июнь-июль,aggregator,,g01_kolledzhi_krasnoyarsk
373,оникс пермь колледж,4001,1,top,C,info,—,—,—,перм,июнь-июль,aggregator,,g02_kolledzhi_perm
374,какие профессии можно поступить после 9 класса,3983,1,top,C,info,9,—,—,—,июнь-июль,main,,c03_professii_posle_9
375,колледж какие профессии после 9 класса,3964,1,top,C,info,9,—,—,—,июнь-июль,both,,c03_professii_posle_9
376,поступить в колледж россия,3961,1,top,C,info,—,—,—,—,июнь-июль,both,,c05_postupit_v_kolledzh
377,работа тестировщиком,3930,1,assoc,D,info,—,—,—,—,сент-окт,main,,d05_test_na_professiyu
378,как поступить в колледж после 11,3927,1,top,C,info,11,—,—,—,июнь-июль,both,,c05_postupit_v_kolledzh
379,технологический колледж пермь,3925,1,top,C,info,—,—,—,перм,июнь-июль,aggregator,,g02_kolledzhi_perm
380,поступает в колледж дорама,3911,1,top,C,info,—,—,—,—,июнь-июль,main,,c05_postupit_v_kolledzh
381,экономический колледж красноярск,3909,1,top,C,info,—,—,—,красноярск,июнь-июль,aggregator,,g01_kolledzhi_krasnoyarsk
382,иркутский аграрный техникум,3898,1,assoc,C,info,—,—,—,иркутск,июнь-июль,aggregator,,g05_kolledzhi_irkutsk
383,куда поступать с английским и обществознанием,3892,1,top,C,info,—,—,обществознание,—,июнь-июль,main,,c10_s_obschestvoznaniem
384,медицинские специальности после 9 класса,3891,1,top,C,info,9,—,—,—,июнь-июль,main,,c06_specialnosti_posle_9
385,профессионал пермь,3889,1,assoc,C,info,—,—,—,перм,июнь-июль,aggregator,,g02_kolledzhi_perm
386,фармацевтический колледж красноярск,3873,1,top,C,info,—,—,—,красноярск,июнь-июль,aggregator,,g01_kolledzhi_krasnoyarsk
387,поступи пермь колледжи,3856,3,top,C,info,—,—,—,перм,июнь-июль,aggregator,,c05_postupit_v_kolledzh;g02_kolledzhi_perm
388,поступить в колледж по аттестату,3854,1,top,C,info,—,—,—,—,июнь-июль,both,,c05_postupit_v_kolledzh
389,специальности после 9 класса самара,3844,1,top,C,info,9,—,—,самар,июнь-июль,aggregator,,c06_specialnosti_posle_9
390,специальности после 9 класса казань,3833,1,top,C,info,9,—,—,казан,июнь-июль,aggregator,,c06_specialnosti_posle_9
391,колледж социальных тюмень,3814,1,top,C,info,—,—,—,тюмен,июнь-июль,aggregator,,g04_kolledzhi_tyumen
392,какие профессии сейчас востребованы,3808,1,top,E,info,—,—,—,—,flat,main,,e02_vostrebovannye
393,поступить в колледж техникум,3801,1,top,C,info,—,—,—,—,июнь-июль,both,,c05_postupit_v_kolledzh
394,какие специальности в колледже после 9 класса,3781,1,top,C,info,9,—,—,—,июнь-июль,both,,c06_specialnosti_posle_9
395,список профессий 2,3781,1,top,E,info,—,—,—,—,flat,main,,e01_professii_spisok
396,поступить в колледж с баллом 4,3775,1,top,C,info,—,—,—,—,июнь-июль,both,,c05_postupit_v_kolledzh
397,специальности после 9 класса ижевск,3767,1,top,C,info,9,—,—,ижевск,июнь-июль,aggregator,,c06_specialnosti_posle_9
398,уфа колледжи после 9 класса специальности,3756,1,top,C,info,9,—,—,уфа,июнь-июль,aggregator,,c06_specialnosti_posle_9
399,востребованные профессии на ближайшие годы,3751,1,top,E,info,—,—,—,—,flat,main,,e02_vostrebovannye
400,в колледж поступает ученица дорама,3749,1,top,C,info,—,—,—,—,июнь-июль,main,,c05_postupit_v_kolledzh
401,профессии после 9 класса для мальчиков,3746,1,top,C,info,9,m,—,—,июнь-июль,main,,c03_professii_posle_9
402,поступить в колледж новосибирск,3730,2,top,C,info,—,—,—,новосибирск,июнь-июль,aggregator,,c05_postupit_v_kolledzh
403,поступил в колледж забирают в армию,3729,1,top,C,info,—,—,—,—,июнь-июль,main,,c05_postupit_v_kolledzh
404,куда поступать после 9 класса нижний новгород,3720,1,top,C,info,9,—,—,нижний новгород,июнь-июль,aggregator,,c01_kuda_postupat_posle_9
405,колледж тиу тюмень официальный,3720,1,top,C,info,—,—,—,тюмен,июнь-июль,aggregator,,g04_kolledzhi_tyumen
406,куда поступить с химией и математикой,3712,1,top,C,info,—,—,химия,—,июнь-июль,main,,c14_s_himiej
407,поступить в институт после колледжа без егэ,3702,1,top,C,info,—,—,—,—,июнь-июль,main,,c05_postupit_v_kolledzh
408,куда поступить после 9 класса в перми,3683,1,top,C,info,9,—,—,перм,июнь-июль,aggregator,,c01_kuda_postupat_posle_9
409,специальности после 9 класса воронеж,3670,1,top,C,info,9,—,—,воронеж,июнь-июль,aggregator,,c06_specialnosti_posle_9
410,профориентация на профессию,3664,1,top,0,info,—,—,—,—,сент-окт,main,,p01_proforientaciya
411,колледж сервиса тюмень,3610,1,top,C,info,—,—,—,тюмен,июнь-июль,aggregator,,g04_kolledzhi_tyumen
412,поступить в колледж онлайн,3604,2,top,C,info,—,—,—,—,июнь-июль,both,,c05_postupit_v_kolledzh
413,транспортный колледж тюмень,3602,1,top,C,info,—,—,—,тюмен,июнь-июль,aggregator,,g04_kolledzhi_tyumen
414,куда поступать после 11 с физикой,3596,1,top,C,info,11,—,физика,—,июнь-июль,main,,c15_s_fizikoj
415,список профессий пенсия,3580,1,top,E,info,—,—,—,—,flat,main,,e01_professii_spisok
416,куда поступить после 11 класса с биологией,3576,2,top,C,info,11,—,биология,—,июнь-июль,main,,c02_kuda_postupat_posle_11;c12_s_biologiej
417,колледжи тюмени производственных,3575,1,top,C,info,—,—,—,тюмен,июнь-июль,aggregator,,g04_kolledzhi_tyumen
418,куда поступить в колледж после 9 класса,3570,2,top,C,info,9,—,—,—,июнь-июль,both,,c01_kuda_postupat_posle_9;c05_postupit_v_kolledzh
419,колледж социальных технологий тюмень,3555,1,top,C,info,—,—,—,тюмен,июнь-июль,aggregator,,g04_kolledzhi_tyumen
420,высокооплачиваемые профессии после 9 класса,3554,1,top,C,info,9,—,—,—,июнь-июль,main,,c03_professii_posle_9
421,колледж производственных технологий тюмень,3550,1,top,C,info,—,—,—,тюмен,июнь-июль,aggregator,,g04_kolledzhi_tyumen
422,социально производственный колледж тюмень,3532,1,top,C,info,—,—,—,тюмен,июнь-июль,aggregator,,g04_kolledzhi_tyumen
423,медицинский колледж специальности после 9 класса,3531,1,top,C,info,9,—,—,—,июнь-июль,main,,c06_specialnosti_posle_9
424,куда поступить после 9 класса профессии,3528,2,top,C,info,9,—,—,—,июнь-июль,main,,c01_kuda_postupat_posle_9;c03_professii_posle_9
425,куда поступить бесплатно после 9 класса,3512,1,top,C,commercial,9,—,—,—,июнь-июль,main,бесплатно=бюджет (резолюция v2),c01_kuda_postupat_posle_9
426,колледж производственных и социальных технологий тюмень,3509,1,top,C,info,—,—,—,тюмен,июнь-июль,aggregator,,g04_kolledzhi_tyumen
427,колледж предпринимательства пермь,3499,1,top,C,info,—,—,—,перм,июнь-июль,aggregator,,g02_kolledzhi_perm
428,в какой институт поступить после колледжа,3498,1,top,C,info,—,—,—,—,июнь-июль,main,,c05_postupit_v_kolledzh
429,колледжи перми после 11,3494,1,top,C,info,11,—,—,перм,июнь-июль,aggregator,,g02_kolledzhi_perm
430,профориентации работа,3491,1,top,0,info,—,—,—,—,сент-окт,main,,p01_proforientaciya
431,красноярском колледже радиоэлектроники и информационных технологий,3488,1,top,C,info,—,—,—,красноярск,июнь-июль,aggregator,,g01_kolledzhi_krasnoyarsk
432,строительный колледж специальности после 9 класса,3475,1,top,C,info,9,—,—,—,июнь-июль,main,,c06_specialnosti_posle_9
433,специальности после 9 класса тюмень,3469,1,top,C,info,9,—,—,тюмен,июнь-июль,aggregator,,c06_specialnosti_posle_9
434,колледж тиу сайт тюмень,3463,1,top,C,info,—,—,—,тюмен,июнь-июль,aggregator,,g04_kolledzhi_tyumen
435,куда поступить после 9 класса в нижнем,3454,1,top,C,info,9,—,—,—,июнь-июль,main,,c01_kuda_postupat_posle_9
436,куда поступать с физикой и профильной,3439,1,top,C,info,—,—,физика,—,июнь-июль,main,,c15_s_fizikoj
437,куда можно поступить с русским и историей,3434,1,top,C,info,—,—,история,—,июнь-июль,main,,c11_s_istoriej
438,специальности саратов после 9 класса,3425,1,top,C,info,9,—,—,саратов,июнь-июль,aggregator,,c06_specialnosti_posle_9
439,тиу колледж тюмень официальный сайт,3418,1,top,C,info,—,—,—,тюмен,июнь-июль,aggregator,,g04_kolledzhi_tyumen
440,специальности после 9 класса оренбург,3410,1,top,C,info,9,—,—,оренбург,июнь-июль,aggregator,,c06_specialnosti_posle_9
441,куда можно поступить мальчику после 9 класса,3407,1,top,C,info,9,m,—,—,июнь-июль,main,,c01_kuda_postupat_posle_9
442,центр профориентации,3405,2,top,0,commercial,—,—,—,—,сент-окт,main,,p01_proforientaciya;p07_centr_proforientacii
443,куда поступить учиться после 9 класса,3399,1,top,C,info,9,—,—,—,июнь-июль,main,,c01_kuda_postupat_posle_9
444,куда поступить с егэ по биологии,3398,1,top,C,info,—,—,биология,—,июнь-июль,main,,c12_s_biologiej
445,куда поступать с профильной математикой и физикой,3395,1,top,C,info,—,—,физика,—,июнь-июль,main,,c15_s_fizikoj
446,список профессий 2026,3386,1,top,E,info,—,—,—,—,flat,main,,e01_professii_spisok
447,профессии после 9 класса баллы,3377,1,top,C,info,9,—,—,—,июнь-июль,main,,c03_professii_posle_9
448,где можно поступить в колледж,3372,1,top,C,info,—,—,—,—,июнь-июль,both,,c05_postupit_v_kolledzh
449,как посмотреть списки поступающих в колледж,3364,1,top,C,info,—,—,—,—,июнь-июль,main,,c05_postupit_v_kolledzh
450,финансов экономический колледж красноярск,3360,1,top,C,info,—,—,—,красноярск,июнь-июль,aggregator,,g01_kolledzhi_krasnoyarsk
451,финансово экономический колледж красноярск,3359,1,top,C,info,—,—,—,красноярск,июнь-июль,aggregator,,g01_kolledzhi_krasnoyarsk
452,техникумы воронежа после 9 класса воронеж,3350,1,assoc,C,info,9,—,—,воронеж,июнь-июль,aggregator,,g03_kolledzhi_voronezh
453,железнодорожные специальности после 9 класса,3348,1,top,C,info,9,—,—,—,июнь-июль,main,,c06_specialnosti_posle_9
454,тест на профессию после 9,3348,1,top,D,info,9,—,—,—,сент-окт,main,,d05_test_na_professiyu
455,специальности после 9 класса екатеринбург,3332,1,top,C,info,9,—,—,екатеринбург,июнь-июль,aggregator,,c06_specialnosti_posle_9
456,куда поступить с русским и географией,3311,1,top,C,info,—,—,география,—,июнь-июль,main,,c16_s_geografiej
457,какие профессии после 9 класса для девушек,3297,1,top,C,info,9,f,—,—,июнь-июль,main,,c03_professii_posle_9
458,на какую специальность поступать после 9 класса,3295,1,top,C,info,9,—,—,—,июнь-июль,main,,c06_specialnosti_posle_9
459,хорошие профессии после 9 класса для девушек,3292,1,top,C,info,9,f,—,—,июнь-июль,main,,c03_professii_posle_9
460,специальности после 9 класса волгоград,3292,1,top,C,info,9,—,—,волгоград,июнь-июль,aggregator,,c06_specialnosti_posle_9
461,шансы поступить в колледж,3287,1,top,C,info,—,—,—,—,июнь-июль,both,,c05_postupit_v_kolledzh
462,2ip ru тест,3278,1,assoc,D,info,—,—,—,—,сент-окт,main,,p04_prof_online
463,специальности после 9 класса омск,3267,1,top,C,info,9,—,—,омск,июнь-июль,aggregator,,c06_specialnosti_posle_9
464,куда можно поступить с егэ по обществознанию,3258,1,top,C,info,—,—,обществознание,—,июнь-июль,main,,c10_s_obschestvoznaniem
465,в какой вуз можно поступить после колледжа,3246,1,top,C,info,—,—,—,—,июнь-июль,main,,c05_postupit_v_kolledzh
466,специальности после 9 класса москва,3245,1,top,C,info,9,—,—,москв,июнь-июль,aggregator,,c06_specialnosti_posle_9
467,специальности обучения после 9 класса,3238,1,top,C,info,9,—,—,—,июнь-июль,main,,c06_specialnosti_posle_9
468,колледж красноярск специальности,3236,1,top,C,info,—,—,—,красноярск,июнь-июль,aggregator,,g01_kolledzhi_krasnoyarsk
469,иркутский авиационный техникум,3234,1,assoc,C,info,—,—,—,иркутск,июнь-июль,aggregator,,g05_kolledzhi_irkutsk
470,колледж предпринимательства и сервиса пермь,3231,1,top,C,info,—,—,—,перм,июнь-июль,aggregator,,g02_kolledzhi_perm
471,куда поступить после 9 класса ижевск,3218,1,top,C,info,9,—,—,ижевск,июнь-июль,aggregator,,c01_kuda_postupat_posle_9
472,как поступить в егэ после колледжа,3216,1,top,C,info,—,—,—,—,июнь-июль,main,,c05_postupit_v_kolledzh
473,куда можно поступить с историей и обществознанием,3213,2,top,C,info,—,—,обществознание,—,июнь-июль,main,,c10_s_obschestvoznaniem;c11_s_istoriej
474,востребованные профессии на ближайшие 10 лет,3213,1,top,E,info,—,—,—,—,flat,main,,e02_vostrebovannye
475,как поступить на целевое обучение,3211,1,assoc,C,info,—,—,—,—,июнь-июль,main,,c01_kuda_postupat_posle_9
476,колледжи воронежа специальности,3192,1,top,C,info,—,—,—,воронеж,июнь-июль,aggregator,,g03_kolledzhi_voronezh
477,специальности после 9 класса колледж для девушек,3181,1,top,C,info,9,f,—,—,июнь-июль,main,,c06_specialnosti_posle_9
478,колледж самары после 9 класса специальности,3180,1,top,C,info,9,—,—,самар,июнь-июль,aggregator,,c06_specialnosti_posle_9
479,профессии после 9 класса 2026,3175,1,top,C,info,9,—,—,—,июнь-июль,main,,c03_professii_posle_9
480,10 востребованных профессий в россии,3173,1,top,E,info,—,—,—,—,flat,main,,e02_vostrebovannye
481,торговый колледж пермь,3149,1,top,C,info,—,—,—,перм,июнь-июль,aggregator,,g02_kolledzhi_perm
482,какая профориентация,3143,1,top,0,info,—,—,—,—,сент-окт,main,,p01_proforientaciya
483,получить профессию после 9 класса,3141,1,top,C,info,9,—,—,—,июнь-июль,main,,c03_professii_posle_9
484,куда поступать с историей и обществом,3130,1,top,C,info,—,—,история,—,июнь-июль,main,,c11_s_istoriej
485,куда поступить с тройками после 9 класса,3129,1,top,C,info,9,—,—,—,июнь-июль,main,,c01_kuda_postupat_posle_9
486,специальности после 9 класса чебоксары,3127,1,top,C,info,9,—,—,чебоксар,июнь-июль,aggregator,,c06_specialnosti_posle_9
487,техникум это какое образование,3120,5,assoc,C,info,—,—,—,—,июнь-июль,main,,c05_postupit_v_kolledzh;c06_specialnosti_posle_9;c11_s_istoriej;c13_s_informatikoj;c16_s_geografiej
488,в какой колледж можно поступить после 11,3114,1,top,C,info,11,—,—,—,июнь-июль,main,,c05_postupit_v_kolledzh
489,куда можно поступить с русским и химией,3114,1,top,C,info,—,—,химия,—,июнь-июль,main,,c14_s_himiej
490,специальности для мальчиков после 9 класса,3112,1,top,C,info,9,m,—,—,июнь-июль,main,,c06_specialnosti_posle_9
491,как поступить в колледж после 11 класса,3107,1,top,C,info,11,—,—,—,июнь-июль,both,,c05_postupit_v_kolledzh
492,куда поступить после 9 класса в екатеринбурге,3100,1,top,C,info,9,—,—,екатеринбург,июнь-июль,aggregator,,c01_kuda_postupat_posle_9
493,как поступить в университет после колледжа,3099,1,top,C,info,—,—,—,—,июнь-июль,main,,c05_postupit_v_kolledzh
494,профориентация тест 9,3086,4,top,D,info,—,—,—,—,сент-окт,main,,d01_test_na_proforientaciyu;p01_proforientaciya
495,на какие специальности можно поступить в колледж,3085,1,top,C,info,—,—,—,—,июнь-июль,both,,c05_postupit_v_kolledzh
496,саратов колледжи после 9 класса специальности,3080,1,top,C,info,9,—,—,саратов,июнь-июль,aggregator,,c06_specialnosti_posle_9
497,колледж транспорта иркутск,3073,1,top,C,info,—,—,—,иркутск,июнь-июль,aggregator,,g05_kolledzhi_irkutsk
498,педагогический колледж иркутск,3068,1,top,C,info,—,—,—,иркутск,июнь-июль,aggregator,,g05_kolledzhi_irkutsk
499,поступить в государственный колледж,3067,1,top,C,info,—,—,—,—,июнь-июль,main,,c05_postupit_v_kolledzh
500,профориентация тест на профессию,3067,3,top,D,info,—,—,—,—,сент-окт,main,,d01_test_na_proforientaciyu;d05_test_na_professiyu;p01_proforientaciya
501,пермь поступления колледж,3065,1,top,C,info,—,—,—,перм,июнь-июль,aggregator,,g02_kolledzhi_perm
502,куда поступить на бюджет девушке,3062,1,top,C,info,—,f,—,—,июнь-июль,main,,c08_kuda_postupat_devushke
503,куда можно поступить с биологией и математикой,3050,1,top,C,info,—,—,биология,—,июнь-июль,main,,c12_s_biologiej
504,поступи иркутск колледж,3049,2,top,C,info,—,—,—,иркутск,июнь-июль,aggregator,,c05_postupit_v_kolledzh;g05_kolledzhi_irkutsk
505,колледжи куда можно поступить после 9 класса,3046,1,top,C,info,9,—,—,—,июнь-июль,main,,c01_kuda_postupat_posle_9
506,бюджетные колледжи перми,3037,1,top,C,info,—,—,—,перм,июнь-июль,aggregator,,g02_kolledzhi_perm
507,поступить в колледж екатеринбург,3026,1,top,C,info,—,—,—,екатеринбург,июнь-июль,aggregator,,c05_postupit_v_kolledzh
508,куда поступить с биологией химией и русским,3013,2,top,C,info,—,—,биология,—,июнь-июль,main,,c12_s_biologiej;c14_s_himiej
509,куда поступить с биологией математикой и русским,3012,1,top,C,info,—,—,биология,—,июнь-июль,main,,c12_s_biologiej
510,куда поступить после 11 класса колледж,3004,2,top,C,info,11,—,—,—,июнь-июль,main,,c02_kuda_postupat_posle_11;c05_postupit_v_kolledzh
511,куда поступать после 9 класса справкой,3001,1,top,C,info,9,—,—,—,июнь-июль,main,,c01_kuda_postupat_posle_9
512,колледж после 9 тюмень специальности,2998,1,top,C,info,9,—,—,тюмен,июнь-июль,aggregator,,g04_kolledzhi_tyumen
513,авиационный колледж пермь,2996,1,top,C,info,—,—,—,перм,июнь-июль,aggregator,,g02_kolledzhi_perm
514,куда поступать с географией и математикой,2989,1,top,C,info,—,—,география,—,июнь-июль,main,,c16_s_geografiej
515,колледжи красноярска баллы,2989,1,top,C,info,—,—,—,красноярск,июнь-июль,aggregator,,g01_kolledzhi_krasnoyarsk
516,тест на профессию 9 класс,2984,3,top,D,info,9,—,—,—,сент-окт,main,,c03_professii_posle_9;d05_test_na_professiyu
517,поступить в колледж на базе 11,2976,1,top,C,info,—,—,—,—,июнь-июль,both,,c05_postupit_v_kolledzh
518,как поступить в мед колледж,2972,2,top,C,info,—,—,—,—,июнь-июль,main,,c05_postupit_v_kolledzh
519,фмза тестирование,2970,1,assoc,D,info,—,—,—,—,сент-окт,main,,d05_test_na_professiyu
520,пкпс пермь колледж,2967,1,top,C,info,—,—,—,перм,июнь-июль,aggregator,,g02_kolledzhi_perm
521,колледж крутовского красноярск,2966,1,top,C,info,—,—,—,красноярск,июнь-июль,aggregator,,g01_kolledzhi_krasnoyarsk
522,мед колледж красноярск,2963,1,top,C,info,—,—,—,красноярск,июнь-июль,aggregator,,g01_kolledzhi_krasnoyarsk
523,поступить в колледж очно,2960,1,top,C,info,—,—,—,—,июнь-июль,both,,c05_postupit_v_kolledzh
524,аграрный после 9 класса специальности,2959,1,top,C,info,9,—,—,—,июнь-июль,main,,c06_specialnosti_posle_9
525,поступить в колледж после 10,2952,1,top,C,info,—,—,—,—,июнь-июль,both,,c05_postupit_v_kolledzh
526,сколько баллов чтобы поступить в колледж,2946,1,top,C,info,—,—,—,—,июнь-июль,both,,c05_postupit_v_kolledzh
527,специальности колледжей москвы после 9 класса,2942,1,top,C,info,9,—,—,москв,июнь-июль,aggregator,,c06_specialnosti_posle_9
528,поступить в колледж уфа,2934,1,top,C,info,—,—,—,уфа,июнь-июль,aggregator,,c05_postupit_v_kolledzh
529,профориентация в школе,2908,1,top,0,info,—,—,—,—,сент-окт,main,,p01_proforientaciya
530,куда поступить после 11 с информатикой,2900,1,top,C,info,11,—,информатика,—,июнь-июль,main,,c13_s_informatikoj
531,колледж славянова пермь,2900,1,top,C,info,—,—,—,перм,июнь-июль,aggregator,,g02_kolledzhi_perm
532,можно ли поступить в 2 колледжа,2893,1,top,C,info,—,—,—,—,июнь-июль,main,,c05_postupit_v_kolledzh
533,строительный колледж воронеж,2893,1,top,C,info,—,—,—,воронеж,июнь-июль,aggregator,,g03_kolledzhi_voronezh
534,куда можно после 9 класса профессии,2887,1,top,C,info,9,—,—,—,июнь-июль,main,,c03_professii_posle_9
535,куда поступить после 11 класса по егэ,2886,2,top,C,info,11,—,—,—,июнь-июль,main,,c02_kuda_postupat_posle_11
536,куда можно поступать с физикой и математикой,2885,1,top,C,info,—,—,физика,—,июнь-июль,main,,c15_s_fizikoj
537,поступить после 11 класса профессии,2884,1,top,C,info,11,—,—,—,июнь-июль,main,,c04_professii_posle_11
538,пермь колледж 11 класс,2875,2,top,C,info,11,—,—,перм,июнь-июль,aggregator,,g02_kolledzhi_perm
539,мед колледж иркутск,2864,1,top,C,info,—,—,—,иркутск,июнь-июль,aggregator,,g05_kolledzhi_irkutsk
540,специальности после 9 класса ставрополь,2863,1,top,C,info,9,—,—,ставропол,июнь-июль,aggregator,,c06_specialnosti_posle_9
541,поступить в колледж омск,2856,1,top,C,info,—,—,—,омск,июнь-июль,aggregator,,c05_postupit_v_kolledzh
542,колледжи тюмени после 9 класса специальности тюмень,2856,2,top,C,info,9,—,—,тюмен,июнь-июль,aggregator,,c06_specialnosti_posle_9;g04_kolledzhi_tyumen
543,сайт профессий после 9 класса,2851,1,top,C,info,9,—,—,—,июнь-июль,main,,c03_professii_posle_9
544,куда можно поступить с профильным обществознанием,2850,1,top,C,info,—,—,обществознание,—,июнь-июль,main,,c10_s_obschestvoznaniem
545,куда поступить с егэ химия биология,2848,2,top,C,info,—,—,биология,—,июнь-июль,main,,c12_s_biologiej;c14_s_himiej
546,колледж тюмень бюджет,2843,1,top,C,info,—,—,—,тюмен,июнь-июль,aggregator,,g04_kolledzhi_tyumen
547,темы профессии будущего,2835,1,top,E,info,—,—,—,—,flat,main,,e04_professii_buduschego
548,поступить в колледж краснодар,2823,1,top,C,info,—,—,—,краснодар,июнь-июль,aggregator,,c05_postupit_v_kolledzh
549,колледжи перми бюджет,2822,1,top,C,info,—,—,—,перм,июнь-июль,aggregator,,g02_kolledzhi_perm
550,списки поступивших в медицинский колледж,2812,1,top,C,info,—,—,—,—,июнь-июль,main,,c05_postupit_v_kolledzh
551,куда поступить после 11 с географией,2804,1,top,C,info,11,—,география,—,июнь-июль,main,,c16_s_geografiej
552,профессии будущего москва,2803,1,top,E,info,—,—,—,москв,flat,aggregator,,e04_professii_buduschego
553,список специальностей в колледжах после 9 класса,2795,1,top,C,info,9,—,—,—,июнь-июль,aggregator,,c06_specialnosti_posle_9
554,список вредных профессий,2787,1,top,E,info,—,—,—,—,flat,main,,e01_professii_spisok
555,куда можно поступить после 11 с историей,2780,1,top,C,info,11,—,история,—,июнь-июль,main,,c11_s_istoriej
556,куда поступить в уфе после 9 класса,2777,1,top,C,info,9,—,—,уфе,июнь-июль,aggregator,,c01_kuda_postupat_posle_9
557,сестринское дело поступить в колледж,2775,1,top,C,info,—,—,—,—,июнь-июль,both,,c05_postupit_v_kolledzh
558,куда лучше поступать после 9 класса,2769,1,top,C,info,9,—,—,—,июнь-июль,main,,c01_kuda_postupat_posle_9
559,профессии список для девушек,2761,2,top,E,info,—,f,—,—,flat,main,,e01_professii_spisok
560,где списки поступивших в колледж,2759,1,top,C,info,—,—,—,—,июнь-июль,main,,c05_postupit_v_kolledzh
561,колледж иркутск специальности,2756,1,top,C,info,—,—,—,иркутск,июнь-июль,aggregator,,g05_kolledzhi_irkutsk
562,куда поступить после 11 в колледж,2750,1,top,C,info,11,—,—,—,июнь-июль,main,,c05_postupit_v_kolledzh
563,куда поступить со справкой после 9 класса,2746,1,top,C,info,9,—,—,—,июнь-июль,main,,c01_kuda_postupat_posle_9
564,омск колледжи после 9 класса специальности,2744,1,top,C,info,9,—,—,омск,июнь-июль,aggregator,,c06_specialnosti_posle_9
565,на кого можно пойти учиться после 9,2742,1,top,C,info,9,—,—,—,июнь-июль,main,,b04_na_kogo_pojti_uchitsya
566,востребованные профессии в россии на ближайшие,2737,1,top,E,info,—,—,—,—,flat,main,,e02_vostrebovannye
567,специальности после 9 класса краснодар,2736,1,top,C,info,9,—,—,краснодар,июнь-июль,aggregator,,c06_specialnosti_posle_9
568,поступить в колледж на базе 11 классов,2732,1,top,C,info,11,—,—,—,июнь-июль,both,,c05_postupit_v_kolledzh
569,востребованные профессии ближайшие 10 лет в россии,2727,1,top,E,info,—,—,—,—,flat,main,,e02_vostrebovannye
570,куда поступить с литературой и обществознанием,2718,1,top,C,info,—,—,обществознание,—,июнь-июль,main,,c10_s_obschestvoznaniem
571,поступить в колледж г,2710,1,top,C,info,—,—,—,—,июнь-июль,both,,c05_postupit_v_kolledzh
572,профориентация тест на выбор профессии,2705,4,top,D,info,—,—,—,—,сент-окт,main,,d01_test_na_proforientaciyu;d05_test_na_professiyu;d06_test_na_vybor_professii;p01_proforientaciya
573,возможно ли поступить в колледж,2699,1,top,C,info,—,—,—,—,июнь-июль,both,,c05_postupit_v_kolledzh
574,колледжи строительства иркутск,2699,1,top,C,info,—,—,—,иркутск,июнь-июль,aggregator,,g05_kolledzhi_irkutsk
575,востребованные и высокооплачиваемые профессии,2687,1,top,E,info,—,—,—,—,flat,main,,e02_vostrebovannye
576,на какую профессию пойти после 9 класса,2684,1,top,C,info,9,—,—,—,июнь-июль,main,,c03_professii_posle_9
577,колледж красноярск поступление,2676,1,top,C,info,—,—,—,красноярск,июнь-июль,aggregator,,g01_kolledzhi_krasnoyarsk
578,ранняя профориентация,2667,1,top,0,info,—,—,—,—,сент-окт,main,,p01_proforientaciya
579,поступить в колледж на психолога,2662,1,top,C,info,—,—,—,—,июнь-июль,both,,c05_postupit_v_kolledzh
580,куда поступать с биологией и обществознанием,2660,2,top,C,info,—,—,обществознание,—,июнь-июль,main,,c10_s_obschestvoznaniem;c12_s_biologiej
581,куда поступить с физикой и русским,2660,1,top,C,info,—,—,физика,—,июнь-июль,main,,c15_s_fizikoj
582,славяновский колледж пермь,2655,1,top,C,info,—,—,—,перм,июнь-июль,aggregator,,g02_kolledzhi_perm
583,тест на профессию онлайн,2649,1,top,D,commercial,—,—,—,—,сент-окт,main,,d05_test_na_professiyu
584,куда поступать с информатикой и профильной,2645,1,top,C,info,—,—,информатика,—,июнь-июль,main,,c13_s_informatikoj
585,мед колледж воронеж,2634,1,top,C,info,—,—,—,воронеж,июнь-июль,aggregator,,g03_kolledzhi_voronezh
586,колледж волгоград после 9 класса специальности,2627,1,top,C,info,9,—,—,волгоград,июнь-июль,aggregator,,c06_specialnosti_posle_9
587,востребованные профессии в россии на ближайшие годы,2624,1,top,E,info,—,—,—,—,flat,main,,e02_vostrebovannye
588,куда поступить в тюмени после 9 класса,2622,1,top,C,info,9,—,—,тюмен,июнь-июль,aggregator,,c01_kuda_postupat_posle_9
589,модель профориентации,2616,1,top,0,info,—,—,—,—,сент-окт,main,,p01_proforientaciya
590,красноярский медицинский техникум,2610,1,assoc,C,info,—,—,—,красноярск,июнь-июль,aggregator,,g01_kolledzhi_krasnoyarsk
591,оренбург колледжи после 9 класса специальности,2608,1,top,C,info,9,—,—,оренбург,июнь-июль,aggregator,,c06_specialnosti_posle_9
592,куда поступать с информатикой и профильной математикой,2604,1,top,C,info,—,—,информатика,—,июнь-июль,main,,c13_s_informatikoj
593,аэрокосмический колледж красноярск официальный,2583,1,top,C,info,—,—,—,красноярск,июнь-июль,aggregator,,g01_kolledzhi_krasnoyarsk
594,куда можно поступать после 9 класса девочке,2576,1,top,C,info,9,f,—,—,июнь-июль,main,,c01_kuda_postupat_posle_9
595,9 классов какое образование считается,2572,1,assoc,C,info,9,—,—,—,июнь-июль,main,,c16_s_geografiej
596,с химией куда можно поступить после 11,2564,1,top,C,info,11,—,химия,—,июнь-июль,main,,c14_s_himiej
597,специальности после 9 класса ростов,2555,1,top,C,info,9,—,—,ростов,июнь-июль,aggregator,,c06_specialnosti_posle_9
598,тест голланда,2553,2,top,D,info,—,—,—,—,сент-окт,main,,d07_test_gollanda
599,год профориентации,2537,1,top,0,info,—,—,—,—,сент-окт,main,,p01_proforientaciya
600,поступить в колледж на стоматолога,2532,1,top,C,info,—,—,—,—,июнь-июль,both,,c05_postupit_v_kolledzh
601,документы чтобы поступить в колледж,2532,1,top,C,info,—,—,—,—,июнь-июль,both,,c05_postupit_v_kolledzh
602,как поступить в колледж через госуслуги,2531,1,top,C,commercial,—,—,—,—,июнь-июль,both,,c05_postupit_v_kolledzh
603,дорама в имперский колледж поступает,2524,1,top,C,info,—,—,—,—,июнь-июль,main,,c05_postupit_v_kolledzh
604,какие профессии можно пойти после 9 класса,2513,1,top,C,info,9,—,—,—,июнь-июль,main,,c03_professii_posle_9
605,колледжи воронежа после 11,2501,1,top,C,info,11,—,—,воронеж,июнь-июль,aggregator,,g03_kolledzhi_voronezh
606,куда поступить в барнауле после 9 класса,2493,1,top,C,info,9,—,—,барнаул,июнь-июль,aggregator,,c01_kuda_postupat_posle_9
607,куда поступить после 9 класса в иркутске,2492,1,top,C,info,9,—,—,иркутск,июнь-июль,aggregator,,c01_kuda_postupat_posle_9
608,11 востребованных профессий,2490,2,top,E,info,—,—,—,—,flat,main,,e02_vostrebovannye
609,тест на какую профессию,2489,1,top,D,info,—,—,—,—,сент-окт,main,,d05_test_na_professiyu
610,дорама в имперский колледж поступает ученица,2483,1,top,C,info,—,—,—,—,июнь-июль,main,,c05_postupit_v_kolledzh
611,как поступить в колледж в 2026,2475,1,top,C,info,—,—,—,—,июнь-июль,both,,c05_postupit_v_kolledzh
612,куда можно поступить с математикой и информатикой,2475,1,top,C,info,—,—,информатика,—,июнь-июль,main,,c13_s_informatikoj
613,политехнический колледж воронеж,2474,1,top,C,info,—,—,—,воронеж,июнь-июль,aggregator,,g03_kolledzhi_voronezh
614,куда поступить после 11 класса с химией,2470,2,top,C,info,11,—,химия,—,июнь-июль,main,,c02_kuda_postupat_posle_11;c14_s_himiej
615,куда поступить в омске после 9 класса,2463,1,top,C,info,9,—,—,омск,июнь-июль,aggregator,,c01_kuda_postupat_posle_9
616,какое образование получают в колледже,2459,5,assoc,C,info,—,—,—,—,июнь-июль,main,,c01_kuda_postupat_posle_9;c02_kuda_postupat_posle_11;c10_s_obschestvoznaniem;c12_s_biologiej;c15_s_fizikoj
617,поступить в бюджетный колледж,2455,1,top,C,info,—,—,—,—,июнь-июль,both,,c05_postupit_v_kolledzh
618,востребованные профессии в россии на ближайшие 10,2450,1,top,E,info,—,—,—,—,flat,main,,e02_vostrebovannye
619,куда поступить с егэ русский и биология,2447,1,top,C,info,—,—,биология,—,июнь-июль,main,,c12_s_biologiej
620,поступить в колледж на лечебное дело,2442,1,top,C,info,—,—,—,—,июнь-июль,both,,c05_postupit_v_kolledzh
621,юзгу специальности,2441,1,assoc,E,info,—,—,—,—,flat,main,,e04_professii_buduschego
622,какая профессия самая востребованная,2436,1,top,E,info,—,—,—,—,flat,main,,e02_vostrebovannye
623,профессии связанные после 9 класса,2434,1,top,C,info,9,—,—,—,июнь-июль,main,,c03_professii_posle_9
624,поступить в петербург колледж,2433,1,top,C,info,—,—,—,—,июнь-июль,main,,c05_postupit_v_kolledzh
625,техникумы колледжи после 9 класса специальности,2430,1,top,C,info,9,—,—,—,июнь-июль,main,,c06_specialnosti_posle_9
626,профориентация это,2429,3,assoc,0,info,—,—,—,—,сент-окт,main,,d01_test_na_proforientaciyu;d06_test_na_vybor_professii;p05_prof_9_klass
627,радиотехнический колледж пермь,2429,1,top,C,info,—,—,—,перм,июнь-июль,aggregator,,g02_kolledzhi_perm
628,колледжи красноярска на базе,2428,1,top,C,info,—,—,—,красноярск,июнь-июль,aggregator,,g01_kolledzhi_krasnoyarsk
629,поступить в колледж с дипломом колледжа,2427,1,top,C,info,—,—,—,—,июнь-июль,both,,c05_postupit_v_kolledzh
630,сайт аэрокосмического колледжа красноярск,2423,1,top,C,info,—,—,—,красноярск,июнь-июль,aggregator,,g01_kolledzhi_krasnoyarsk
631,профессиональная профориентация,2423,1,top,0,info,—,—,—,—,сент-окт,main,,p01_proforientaciya
632,в какой мед колледж поступить,2420,1,top,C,info,—,—,—,—,июнь-июль,main,,c05_postupit_v_kolledzh
633,куда можно поступить после 9 класса новосибирск,2417,1,top,C,info,9,—,—,новосибирск,июнь-июль,aggregator,,c01_kuda_postupat_posle_9
634,специальности после 9 класса барнаул,2416,1,top,C,info,9,—,—,барнаул,июнь-июль,aggregator,,c06_specialnosti_posle_9
635,куда поступить после 9 класса без аттестата,2413,1,top,C,info,9,—,—,—,июнь-июль,main,,c01_kuda_postupat_posle_9
636,специальности в техникуме после 9 класса,2413,1,top,C,info,9,—,—,—,июнь-июль,main,,c06_specialnosti_posle_9
637,торгово технологический колледж пермь,2398,1,top,C,info,—,—,—,перм,июнь-июль,aggregator,,g02_kolledzhi_perm
638,куда поступать после 11 класса с обществом,2397,1,top,C,info,11,—,—,—,июнь-июль,main,,c02_kuda_postupat_posle_11
639,колледжи иркутска право,2393,1,top,C,info,—,—,—,иркутск,июнь-июль,aggregator,,g05_kolledzhi_irkutsk
640,куда поступить после 9 класса в москве,2390,1,top,C,info,9,—,—,москв,июнь-июль,aggregator,,c01_kuda_postupat_posle_9
641,аэрокосмический колледж красноярск официальный сайт,2382,1,top,C,info,—,—,—,красноярск,июнь-июль,aggregator,,g01_kolledzhi_krasnoyarsk
642,профориентация 2026,2382,2,top,0,info,—,—,—,—,сент-окт,main,,p01_proforientaciya;p08_proforientaciya_2026
643,в какой колледж поступить в москве,2378,1,top,C,info,—,—,—,москв,июнь-июль,aggregator,,c05_postupit_v_kolledzh
644,в какой институт можно поступить после колледжа,2376,1,top,C,info,—,—,—,—,июнь-июль,main,,c05_postupit_v_kolledzh
645,факультеты и специальности после 9 класса,2375,1,top,C,info,9,—,—,—,июнь-июль,main,,c06_specialnosti_posle_9
646,единая профориентация,2375,1,top,0,info,—,—,—,—,сент-окт,main,,p01_proforientaciya
647,куда поступить парню,2366,1,top,C,info,—,m,—,—,июнь-июль,main,,c09_kuda_postupat_parnyu
648,в колледже поступила девушка,2359,1,top,C,info,—,f,—,—,июнь-июль,main,,c05_postupit_v_kolledzh
649,куда поступить после 9 класса в 2026,2350,1,top,C,info,9,—,—,—,июнь-июль,main,,c01_kuda_postupat_posle_9
650,куда поступить девушке после 11,2348,1,top,C,info,11,f,—,—,июнь-июль,main,,c08_kuda_postupat_devushke
651,поступить в колледж казань,2338,1,top,C,info,—,—,—,казан,июнь-июль,aggregator,,c05_postupit_v_kolledzh
652,юридический колледж красноярск,2338,1,top,C,info,—,—,—,красноярск,июнь-июль,aggregator,,g01_kolledzhi_krasnoyarsk
653,губернский колледж воронеж,2336,1,top,C,info,—,—,—,воронеж,июнь-июль,aggregator,,g03_kolledzhi_voronezh
654,работа список профессий,2334,1,top,E,info,—,—,—,—,flat,main,,e01_professii_spisok
655,какая профессия самая высокооплачиваемая,2333,1,top,E,info,—,—,—,—,flat,main,,e03_vysokooplachivaemye
656,поступить в колледж на юриста,2331,1,top,C,info,—,—,—,—,июнь-июль,both,,c05_postupit_v_kolledzh
657,востребованные профессии в россии 2026 год,2323,1,top,E,info,—,—,—,—,flat,main,,e02_vostrebovannye
658,поступить в колледж в санкт петербурге,2317,1,top,C,info,—,—,—,—,июнь-июль,both,,c05_postupit_v_kolledzh
659,бюджетные колледжи перми после 9,2317,1,top,C,info,9,—,—,перм,июнь-июль,aggregator,,g02_kolledzhi_perm
660,байкальский колледж иркутск,2317,1,top,C,info,—,—,—,иркутск,июнь-июль,aggregator,,g05_kolledzhi_irkutsk
661,поступить в колледж ростов,2314,1,top,C,info,—,—,—,ростов,июнь-июль,aggregator,,c05_postupit_v_kolledzh
662,какой балл нужен чтобы поступить в колледж,2309,1,top,C,info,—,—,—,—,июнь-июль,both,,c05_postupit_v_kolledzh
663,поступить в университет после колледжа без егэ,2307,1,top,C,info,—,—,—,—,июнь-июль,main,,c05_postupit_v_kolledzh
664,выбор будущей профессии,2307,1,top,E,info,—,—,—,—,flat,main,,e04_professii_buduschego
665,тест на подходящую профессию,2305,1,top,D,info,—,—,—,—,сент-окт,main,,d05_test_na_professiyu
666,куда поступать с егэ по истории,2304,1,top,C,info,—,—,история,—,июнь-июль,main,,c11_s_istoriej
667,педагогические специальности после 9 класса,2303,1,top,C,info,9,—,—,—,июнь-июль,main,,c06_specialnosti_posle_9
668,бви это что при поступлении в вуз,2302,3,assoc,C,info,—,—,—,—,июнь-июль,main,,c09_kuda_postupat_parnyu;c12_s_biologiej;c13_s_informatikoj
669,иркутский техникум экономики и права,2298,1,assoc,C,info,—,—,—,иркутск,июнь-июль,aggregator,,g05_kolledzhi_irkutsk
670,колледжи перми бюджетные 9 класс,2294,2,top,C,info,9,—,—,перм,июнь-июль,aggregator,,g02_kolledzhi_perm
671,куда поступить с профильной химией,2293,1,top,C,info,—,—,химия,—,июнь-июль,main,,c14_s_himiej
672,куда можно поступить бесплатно после 9 класса,2291,1,top,C,commercial,9,—,—,—,июнь-июль,main,бесплатно=бюджет (резолюция v2),c01_kuda_postupat_posle_9
673,куда поступить в краснодаре после 9 класса,2286,1,top,C,info,9,—,—,краснодар,июнь-июль,aggregator,,c01_kuda_postupat_posle_9
674,профессии после 9 класса в россии,2282,1,top,C,info,9,—,—,—,июнь-июль,main,,c03_professii_posle_9
675,профориентация будущего,2282,1,top,0,info,—,—,—,—,сент-окт,main,,p01_proforientaciya
676,куда поступить после 9 класса в воронеже,2281,1,top,C,info,9,—,—,воронеж,июнь-июль,aggregator,,c01_kuda_postupat_posle_9
677,куда поступать с егэ по химии,2277,1,top,C,info,—,—,химия,—,июнь-июль,main,,c14_s_himiej
678,единая модель профориентации,2275,1,top,0,info,—,—,—,—,сент-окт,main,,p01_proforientaciya
679,на кого пойти учиться девушке,2268,2,top,B,info,—,f,—,—,март-апр,main,,b04_na_kogo_pojti_uchitsya
680,список профессий после колледжа,2268,2,top,C,info,—,—,—,—,июнь-июль,aggregator,,e01_professii_spisok
681,климов профориентация,2266,1,top,D,info,—,—,—,—,сент-окт,main,,p01_proforientaciya
682,колледжи пермь на бюджетной основе,2264,1,top,C,info,—,—,—,перм,июнь-июль,aggregator,,g02_kolledzhi_perm
683,биология химия куда поступать после 11 класса,2259,1,top,C,info,11,—,биология,—,июнь-июль,main,,c02_kuda_postupat_posle_11
684,поступить в колледж на 2 курс,2259,1,top,C,info,—,—,—,—,июнь-июль,both,,c05_postupit_v_kolledzh
685,поступить в колледж красноярск,2255,2,top,C,info,—,—,—,красноярск,июнь-июль,aggregator,,c05_postupit_v_kolledzh;g01_kolledzhi_krasnoyarsk
686,куда поступать с историей и математикой,2245,1,top,C,info,—,—,история,—,июнь-июль,main,,c11_s_istoriej
687,топ востребованных профессий,2240,1,top,E,info,—,—,—,—,flat,main,,e02_vostrebovannye
688,куда поступить в москве после 11 класса,2236,1,top,C,info,11,—,—,москв,июнь-июль,aggregator,,c02_kuda_postupat_posle_11
689,профориентация для подростков,2221,2,top,0,info,—,—,—,—,сент-окт,main,,p01_proforientaciya;p02_prof_dlya_podrostkov
690,востребованные профессии для мужчин,2212,1,top,E,info,—,—,—,—,flat,main,,e02_vostrebovannye
691,колледж пермь отзывы,2209,1,top,C,info,—,—,—,перм,июнь-июль,aggregator,,g02_kolledzhi_perm
692,колледж воронеж 11 классов,2203,2,top,C,info,11,—,—,воронеж,июнь-июль,aggregator,,g03_kolledzhi_voronezh
693,список должностей и профессий,2198,1,top,E,info,—,—,—,—,flat,main,,e01_professii_spisok
694,в колледж поступает ученица дорама русская,2194,1,top,C,info,—,—,русский язык,—,июнь-июль,main,,c05_postupit_v_kolledzh
695,воронежский индустриальный колледж,2193,1,assoc,C,info,—,—,—,воронеж,июнь-июль,aggregator,,g03_kolledzhi_voronezh
696,колледж транспорта и строительства иркутск,2193,1,top,C,info,—,—,—,иркутск,июнь-июль,aggregator,,g05_kolledzhi_irkutsk
697,профессии после 11 класса колледж,2186,1,top,C,info,11,—,—,—,июнь-июль,main,,c04_professii_posle_11
698,в какие колледжи лучше поступать,2177,1,top,C,info,—,—,—,—,июнь-июль,both,,c05_postupit_v_kolledzh
699,все профессии нужны все профессии важны,2177,2,assoc,0,info,—,—,—,—,сент-окт,main,,c09_kuda_postupat_parnyu;p07_centr_proforientacii
700,поступить в колледж после 9 москва,2175,1,top,C,info,9,—,—,москв,июнь-июль,aggregator,,c05_postupit_v_kolledzh
701,куда можно поступить после 9 класса красноярск,2159,1,top,C,info,9,—,—,красноярск,июнь-июль,aggregator,,c01_kuda_postupat_posle_9
702,колледж воронеж поступить,2157,1,top,C,info,—,—,—,воронеж,июнь-июль,aggregator,,g03_kolledzhi_voronezh
703,какие документы чтобы поступить в колледж,2154,1,top,C,info,—,—,—,—,июнь-июль,both,,c05_postupit_v_kolledzh
704,в колледж поступают по огэ,2148,1,top,C,info,—,—,—,—,июнь-июль,main,,c05_postupit_v_kolledzh
705,список профессий после 11,2140,1,top,C,info,11,—,—,—,июнь-июль,main,,e01_professii_spisok
706,куда можно поступить с егэ по биологии,2138,1,top,C,info,—,—,биология,—,июнь-июль,main,,c12_s_biologiej
707,бпла профессия будущего,2128,1,top,E,info,—,—,—,—,flat,main,,e04_professii_buduschego
708,куда поступить с физикой математикой и русским,2126,1,top,C,info,—,—,физика,—,июнь-июль,main,,c15_s_fizikoj
709,поступить в колледж ранхигс,2123,1,top,C,info,—,—,—,—,июнь-июль,both,,c05_postupit_v_kolledzh
710,колледж при красноярском университете,2123,1,top,C,info,—,—,—,красноярск,июнь-июль,aggregator,,g01_kolledzhi_krasnoyarsk
711,специальности после 9 класса липецк,2120,1,top,C,info,9,—,—,липецк,июнь-июль,aggregator,,c06_specialnosti_posle_9
712,ранхигс специальности после 9 класса,2118,1,top,C,info,9,—,—,—,июнь-июль,main,,c06_specialnosti_posle_9
713,промышленный колледж воронеж,2118,1,top,C,info,—,—,—,воронеж,июнь-июль,aggregator,,g03_kolledzhi_voronezh
714,тест на профессию онлайн бесплатно,2116,1,top,D,commercial,—,—,—,—,сент-окт,main,,d05_test_na_professiyu
715,самые высокооплачиваемые профессии 2026,2115,1,top,E,info,—,—,—,—,flat,main,,e03_vysokooplachivaemye
716,список льготных профессий,2114,1,top,E,info,—,—,—,—,flat,main,,e01_professii_spisok
717,профессии колледжа после 9 класса список,2112,2,top,C,info,9,—,—,—,июнь-июль,main,,c03_professii_posle_9;e01_professii_spisok
718,куда поступить после 9 класса в казани,2108,1,top,C,info,9,—,—,казан,июнь-июль,aggregator,,c01_kuda_postupat_posle_9
719,куда можно поступить с химией и математикой,2107,1,top,C,info,—,—,химия,—,июнь-июль,main,,c14_s_himiej
720,поступить в колледж 2025,2103,1,top,C,info,—,—,—,—,июнь-июль,both,,c05_postupit_v_kolledzh
721,специальности после 9 класса санкт петербург,2097,1,top,C,info,9,—,—,—,июнь-июль,main,,c06_specialnosti_posle_9
722,заявление поступающего в колледж,2095,1,top,C,info,—,—,—,—,июнь-июль,main,,c05_postupit_v_kolledzh
723,колледжи после 9 класса ростов специальности,2095,1,top,C,info,9,—,—,ростов,июнь-июль,aggregator,,c06_specialnosti_posle_9
724,куда поступить с обществознанием и базовой математикой,2094,1,top,C,info,—,—,обществознание,—,июнь-июль,main,,c10_s_obschestvoznaniem
725,на какую профессию поступить в колледж,2091,1,top,C,info,—,—,—,—,июнь-июль,both,,c05_postupit_v_kolledzh
726,специальности для девочек после 9 класса,2080,1,top,C,info,9,—,—,—,июнь-июль,main,,c06_specialnosti_posle_9
727,олимпийский колледж пермь,2075,1,top,C,info,—,—,—,перм,июнь-июль,aggregator,,g02_kolledzhi_perm
728,тест на профориентацию для школьников,2074,4,top,D,info,—,—,—,—,сент-окт,main,,d01_test_na_proforientaciyu;p01_proforientaciya;p03_prof_dlya_shkolnikov
729,куда поступить с информатикой русским и математикой,2073,1,top,C,info,—,—,информатика,—,июнь-июль,main,,c13_s_informatikoj
730,воронежский политехнический техникум,2066,1,assoc,C,info,—,—,—,воронеж,июнь-июль,aggregator,,g03_kolledzhi_voronezh
731,колледж 2 красноярск,2065,1,top,C,info,—,—,—,красноярск,июнь-июль,aggregator,,g01_kolledzhi_krasnoyarsk
732,сколько баллов нужно чтобы поступить в колледж,2063,1,top,C,info,—,—,—,—,июнь-июль,both,,c05_postupit_v_kolledzh
733,профессии куда можно поступить после 9 класса,2056,2,top,C,info,9,—,—,—,июнь-июль,main,,c01_kuda_postupat_posle_9;c03_professii_posle_9
734,в колледж поступает ученица русская озвучка,2055,1,top,C,info,—,—,русский язык,—,июнь-июль,main,,c05_postupit_v_kolledzh
735,медколледж тюмень,2051,1,assoc,C,info,—,—,—,тюмен,июнь-июль,aggregator,,g04_kolledzhi_tyumen
736,куда поступить после 11 класса с физикой,2050,2,top,C,info,11,—,физика,—,июнь-июль,main,,c02_kuda_postupat_posle_11;c15_s_fizikoj
737,специальности после 9 класса рязань,2049,1,top,C,info,9,—,—,рязан,июнь-июль,aggregator,,c06_specialnosti_posle_9
738,в какой университет поступить после колледжа,2047,1,top,C,info,—,—,—,—,июнь-июль,main,,c05_postupit_v_kolledzh
739,поступить в военный колледж,2045,1,top,C,info,—,—,—,—,июнь-июль,main,,c05_postupit_v_kolledzh
740,востребованные профессии 11 класса,2043,3,top,C,info,11,—,—,—,июнь-июль,main,,c04_professii_posle_11;e02_vostrebovannye
741,куда поступить с химией и профильной математикой,2042,1,top,C,info,—,—,химия,—,июнь-июль,main,,c14_s_himiej
742,колледжи перми после 9 бюджетной основе,2040,1,top,C,info,9,—,—,перм,июнь-июль,aggregator,,g02_kolledzhi_perm
743,куда поступить после 9 класса челябинск,2036,1,top,C,info,9,—,—,челябинск,июнь-июль,aggregator,,c01_kuda_postupat_posle_9
744,специальности для поступления после 9 класса,2032,1,top,C,info,9,—,—,—,июнь-июль,main,,c06_specialnosti_posle_9
745,нижний техникум после 9 класса специальности,2031,1,top,C,info,9,—,—,—,июнь-июль,main,,c06_specialnosti_posle_9
746,востребованные профессии для женщин,2027,1,top,E,info,—,—,—,—,flat,main,,e02_vostrebovannye
747,колледж олимпийского резерва пермь,2020,1,top,C,info,—,—,—,перм,июнь-июль,aggregator,,g02_kolledzhi_perm
748,барни профессия будущего бпла,2017,1,top,E,info,—,—,—,—,flat,main,,e04_professii_buduschego
749,куда поступать 11 класса девушке,2014,1,top,C,info,11,f,—,—,июнь-июль,main,,c08_kuda_postupat_devushke
750,энергетический колледж иркутск,2012,1,top,C,info,—,—,—,иркутск,июнь-июль,aggregator,,g05_kolledzhi_irkutsk
751,хочу поступать в колледж после,2008,1,top,C,info,—,—,—,—,июнь-июль,main,,c05_postupit_v_kolledzh
752,колледж после 9 класса ставрополь специальности,2008,1,top,C,info,9,—,—,ставропол,июнь-июль,aggregator,,c06_specialnosti_posle_9
753,1 профессия будущего,2007,1,top,E,info,—,—,—,—,flat,main,,e04_professii_buduschego
754,можно ли поступить в колледж заочно,2006,1,top,C,info,—,—,—,—,июнь-июль,both,,c05_postupit_v_kolledzh
755,губернский педагогический колледж воронеж,2004,1,top,C,info,—,—,—,воронеж,июнь-июль,aggregator,,g03_kolledzhi_voronezh
756,колледж красноярск адрес,1996,1,top,C,info,—,—,—,красноярск,июнь-июль,aggregator,,g01_kolledzhi_krasnoyarsk
757,поступить в колледж в барнауле,1993,1,top,C,info,—,—,—,барнаул,июнь-июль,aggregator,,c05_postupit_v_kolledzh
758,мцко тестирование,1992,1,assoc,D,info,—,—,—,—,сент-окт,main,,d05_test_na_professiyu
759,аграрный колледж специальности после 9 класса,1991,1,top,C,info,9,—,—,—,июнь-июль,main,,c06_specialnosti_posle_9
760,куда поступать с географией и обществознанием,1989,2,top,C,info,—,—,обществознание,—,июнь-июль,main,,c10_s_obschestvoznaniem;c16_s_geografiej
761,сибирский колледж иркутск,1988,1,top,C,info,—,—,—,иркутск,июнь-июль,aggregator,,g05_kolledzhi_irkutsk
762,какая профессия лучше после 9 класса,1987,1,top,C,info,9,—,—,—,июнь-июль,main,,c03_professii_posle_9
763,список профессий 11 класс,1987,3,top,C,info,11,—,—,—,июнь-июль,main,,c04_professii_posle_11;e01_professii_spisok
764,куда поступить после 11 класса девушке,1985,2,top,C,info,11,f,—,—,июнь-июль,main,,c02_kuda_postupat_posle_11;c08_kuda_postupat_devushke
765,куда поступать после 9 класса в спб,1981,1,top,C,info,9,—,—,спб,июнь-июль,aggregator,,c01_kuda_postupat_posle_9
766,строительный колледж пермь официальный,1981,1,top,C,info,—,—,—,перм,июнь-июль,aggregator,,g02_kolledzhi_perm
767,мед колледж пермь,1980,1,top,C,info,—,—,—,перм,июнь-июль,aggregator,,g02_kolledzhi_perm
768,поступить в колледж после 9 класса москва,1977,1,top,C,info,9,—,—,москв,июнь-июль,aggregator,,c05_postupit_v_kolledzh
769,профессии для девочек после 9 класса,1974,1,top,C,info,9,—,—,—,июнь-июль,main,,c03_professii_posle_9
770,центр профессии будущего москва,1970,1,top,E,commercial,—,—,—,москв,flat,aggregator,,e04_professii_buduschego
771,можно ли без аттестата поступить в колледж,1966,1,top,C,info,—,—,—,—,июнь-июль,both,,c05_postupit_v_kolledzh
772,специальности после 9 класса новосибирск,1964,1,top,C,info,9,—,—,новосибирск,июнь-июль,aggregator,,c06_specialnosti_posle_9
773,пройти тест на профориентацию,1964,4,top,D,commercial,—,—,—,—,сент-окт,main,,d01_test_na_proforientaciyu;d04_projti_test;p01_proforientaciya;p06_projti_proforientaciyu
774,поступить в колледж на юриспруденцию,1963,1,top,C,info,—,—,—,—,июнь-июль,both,,c05_postupit_v_kolledzh
775,колледж пескова воронеж,1962,1,top,C,info,—,—,—,воронеж,июнь-июль,aggregator,,g03_kolledzhi_voronezh
776,песков воронеж колледж,1962,1,top,C,info,—,—,—,воронеж,июнь-июль,aggregator,,g03_kolledzhi_voronezh
777,куда можно поступить с географией и русским,1957,1,top,C,info,—,—,география,—,июнь-июль,main,,c16_s_geografiej
778,колледж при пгу пермь,1956,1,top,C,info,—,—,—,перм,июнь-июль,aggregator,,g02_kolledzhi_perm
779,игу колледж иркутск,1955,1,top,C,info,—,—,—,иркутск,июнь-июль,aggregator,,g05_kolledzhi_irkutsk
780,тест на будущую профессию,1950,5,top,D,info,—,—,—,—,сент-окт,main,,d01_test_na_proforientaciyu;d03_test_online;d05_test_na_professiyu;e04_professii_buduschego
781,кем стать после 9 класса,1936,1,top,C,info,9,—,—,—,июнь-июль,main,,c07_kem_stat_posle_9
782,специальности после 9 класса пенза,1933,1,top,C,info,9,—,—,пенз,июнь-июль,aggregator,,c06_specialnosti_posle_9
783,поступить в колледж волгоград,1930,1,top,C,info,—,—,—,волгоград,июнь-июль,aggregator,,c05_postupit_v_kolledzh
784,куда поступить с профильной биологией,1929,1,top,C,info,—,—,биология,—,июнь-июль,main,,c12_s_biologiej
785,пермский колледж пермь официальный сайт,1928,1,top,C,info,—,—,—,перм,июнь-июль,aggregator,,g02_kolledzhi_perm
786,красноярском колледже олимпийского резерва,1919,1,top,C,info,—,—,—,красноярск,июнь-июль,aggregator,,g01_kolledzhi_krasnoyarsk
787,какие нужны документы чтобы поступить в колледж,1918,1,top,C,info,—,—,—,—,июнь-июль,both,,c05_postupit_v_kolledzh
788,поступить в колледж 2021,1910,1,top,C,info,—,—,—,—,июнь-июль,both,,c05_postupit_v_kolledzh
789,колледжи рязани после 9 класса специальности,1907,1,top,C,info,9,—,—,рязан,июнь-июль,aggregator,,c06_specialnosti_posle_9
790,колледжи красноярска на базе 9,1907,1,top,C,info,—,—,—,красноярск,июнь-июль,aggregator,,g01_kolledzhi_krasnoyarsk
791,поступить в колледж после девятого класса,1905,1,top,C,info,9,—,—,—,июнь-июль,both,,c05_postupit_v_kolledzh
792,специальности после 9 класса колледж для мальчиков,1905,1,top,C,info,9,m,—,—,июнь-июль,main,,c06_specialnosti_posle_9
793,пермь куда можно поступить после 9 класса,1896,1,top,C,info,9,—,—,перм,июнь-июль,aggregator,,c01_kuda_postupat_posle_9
794,тест какая профессия тебе подходит,1896,1,assoc,D,info,—,—,—,—,сент-окт,main,,p06_projti_proforientaciyu
795,поступить в колледж челябинск,1887,1,top,C,info,—,—,—,челябинск,июнь-июль,aggregator,,c05_postupit_v_kolledzh
796,специальности после 9 класса астрахань,1886,1,top,C,info,9,—,—,астрахан,июнь-июль,aggregator,,c06_specialnosti_posle_9
797,поступить в колледж саратов,1884,1,top,C,info,—,—,—,саратов,июнь-июль,aggregator,,c05_postupit_v_kolledzh
798,куда поступать после 9 класса чебоксары,1882,1,top,C,info,9,—,—,чебоксар,июнь-июль,aggregator,,c01_kuda_postupat_posle_9
799,сайт поступающих в колледж,1881,1,top,C,info,—,—,—,—,июнь-июль,main,,c05_postupit_v_kolledzh
800,специальности после 9 класса владимир,1881,1,top,C,info,9,—,—,владимир,июнь-июль,aggregator,,c06_specialnosti_posle_9
801,базовый колледж иркутск,1880,1,top,C,info,—,—,—,иркутск,июнь-июль,aggregator,,g05_kolledzhi_irkutsk
802,куда поступить с егэ по географии,1879,1,top,C,info,—,—,география,—,июнь-июль,main,,c16_s_geografiej
803,список профессий для досрочной пенсии,1879,1,top,E,info,—,—,—,—,flat,main,,e01_professii_spisok
804,востребованные профессии 2026 для девушек,1879,1,top,E,info,—,f,—,—,flat,main,,e02_vostrebovannye
805,закончил 9 классов поступил в колледж,1877,1,top,C,info,9,—,—,—,июнь-июль,main,,c05_postupit_v_kolledzh
806,поступить в вышку после колледжа,1876,1,top,C,info,—,—,—,—,июнь-июль,main,,c05_postupit_v_kolledzh
807,ддо климова,1876,2,top,D,info,—,—,—,—,сент-окт,main,,d09_ddo_klimova
808,востребованные профессии для девушек после 9,1870,1,top,C,info,9,f,—,—,июнь-июль,main,,e02_vostrebovannye
809,колледжи красноярска бюджет,1861,1,top,C,info,—,—,—,красноярск,июнь-июль,aggregator,,g01_kolledzhi_krasnoyarsk
810,перечень специальностей высшего образования,1860,2,assoc,C,info,—,—,—,—,июнь-июль,main,,c02_kuda_postupat_posle_11;c04_professii_posle_11
811,поступить в мед колледж после 9 класса,1860,1,top,C,info,9,—,—,—,июнь-июль,main,,c05_postupit_v_kolledzh
812,колледжи г пермь,1858,1,top,C,info,—,—,—,перм,июнь-июль,aggregator,,g02_kolledzhi_perm
813,список востребованных профессий,1856,2,top,E,info,—,—,—,—,flat,main,,e01_professii_spisok;e02_vostrebovannye
814,куда поступить после 11 класса по баллам,1843,1,top,C,info,11,—,—,—,июнь-июль,main,,c02_kuda_postupat_posle_11
815,самара поступить в колледж,1834,1,top,C,info,—,—,—,самар,июнь-июль,aggregator,,c05_postupit_v_kolledzh
816,смогу ли я поступить в колледж,1830,1,top,C,info,—,—,—,—,июнь-июль,both,,c05_postupit_v_kolledzh
817,в имперский колледж поступает ученица 2021,1828,1,top,C,info,—,—,—,—,июнь-июль,main,,c05_postupit_v_kolledzh
818,как вы должны поступить в данной ситуации,1824,2,assoc,C,info,—,—,—,—,июнь-июль,main,,b05_kakaya_professiya_podhodit;e02_vostrebovannye
819,куда поступить с историей обществознанием и русским,1823,2,top,C,info,—,—,обществознание,—,июнь-июль,main,,c10_s_obschestvoznaniem;c11_s_istoriej
820,тест на профориентацию 9 класс,1822,6,top,D,info,9,—,—,—,сент-окт,main,,d01_test_na_proforientaciyu;p01_proforientaciya;p05_prof_9_klass
821,после 9 класса куда можно поступить учиться,1819,1,top,C,info,9,—,—,—,июнь-июль,main,,c01_kuda_postupat_posle_9
822,специальности после 9 класса тула,1817,1,top,C,info,9,—,—,тула,июнь-июль,aggregator,,c06_specialnosti_posle_9
823,какие профессии востребованы в 2026 году,1812,1,top,E,info,—,—,—,—,flat,main,,e02_vostrebovannye
824,куда поступить в оренбурге после 9 класса,1807,1,top,C,info,9,—,—,оренбург,июнь-июль,aggregator,,c01_kuda_postupat_posle_9
825,техникум какое образование считается,1806,2,assoc,C,info,—,—,—,—,июнь-июль,main,,c06_specialnosti_posle_9;c07_kem_stat_posle_9
826,куда поступать после 9 класса список,1805,1,top,C,info,9,—,—,—,июнь-июль,main,,c01_kuda_postupat_posle_9
827,поступить в колледж нижний новгород,1803,1,top,C,info,—,—,—,нижний новгород,июнь-июль,aggregator,,c05_postupit_v_kolledzh
828,5 востребованных профессий,1797,2,top,E,info,—,—,—,—,flat,main,,e02_vostrebovannye
829,специальности после 9 класса челябинск,1796,1,top,C,info,9,—,—,челябинск,июнь-июль,aggregator,,c06_specialnosti_posle_9
830,политех специальности после 9 класса,1793,1,top,C,info,9,—,—,—,июнь-июль,main,,c06_specialnosti_posle_9
831,специальности после 9 класса ярославль,1789,1,top,C,info,9,—,—,ярославл,июнь-июль,aggregator,,c06_specialnosti_posle_9
832,куда поступать с географией математикой и русским,1787,1,top,C,info,—,—,география,—,июнь-июль,main,,c16_s_geografiej
833,какую профессию можно выбрать,1783,1,top,B,info,—,—,—,—,март-апр,main,,b01_kakuyu_professiyu_vybrat
834,востребованная профессия после 9 класса для девушки,1778,2,top,C,info,9,f,—,—,июнь-июль,main,,c03_professii_posle_9;e02_vostrebovannye
835,профессии после 9 класса бюджет,1777,1,top,C,info,9,—,—,—,июнь-июль,main,,c03_professii_posle_9
836,нефтяные специальности после 9 класса,1775,1,top,C,info,9,—,—,—,июнь-июль,main,,c06_specialnosti_posle_9
837,железнодорожный колледж иркутск,1774,1,top,C,info,—,—,—,иркутск,июнь-июль,aggregator,,g05_kolledzhi_irkutsk
838,куда поступить с русским языком и обществознанием,1773,1,top,C,info,—,—,обществознание,—,июнь-июль,main,,c10_s_obschestvoznaniem
839,какие профессии будут востребованы в будущем,1773,2,top,E,info,—,—,—,—,flat,main,,e02_vostrebovannye;e04_professii_buduschego
840,куда можно поступить с английским и обществознанием,1772,1,top,C,info,—,—,обществознание,—,июнь-июль,main,,c10_s_obschestvoznaniem
841,специальности после 9 класса спб,1767,1,top,C,info,9,—,—,спб,июнь-июль,aggregator,,c06_specialnosti_posle_9
842,колледж краснодар после 9 класса специальности,1767,1,top,C,info,9,—,—,краснодар,июнь-июль,aggregator,,c06_specialnosti_posle_9
843,куда поступить после 9 класса в ростове,1762,1,top,C,info,9,—,—,ростов,июнь-июль,aggregator,,c01_kuda_postupat_posle_9
844,профориентации регистрация,1752,2,top,0,info,—,—,—,—,сент-окт,main,,p01_proforientaciya
845,колледжи и техникумы иркутска,1741,1,top,C,info,—,—,—,иркутск,июнь-июль,aggregator,,g05_kolledzhi_irkutsk
846,куда можно поступить после 11 с географией,1739,1,top,C,info,11,—,география,—,июнь-июль,main,,c16_s_geografiej
847,курск специальности после 9 класса,1735,1,top,C,info,9,—,—,курск,июнь-июль,aggregator,,c06_specialnosti_posle_9
848,класс профессии будущего,1735,1,top,E,info,—,—,—,—,flat,main,,e04_professii_buduschego
849,куда можно поступить с егэ химия биология,1732,2,top,C,info,—,—,биология,—,июнь-июль,main,,c12_s_biologiej;c14_s_himiej
850,профессии список для девушек после 9,1724,1,top,C,info,9,f,—,—,июнь-июль,main,,e01_professii_spisok
851,куда поступить заочно после 9 класса,1717,1,top,C,info,9,—,—,—,июнь-июль,main,,c01_kuda_postupat_posle_9
852,ввгу специальности,1714,1,assoc,E,info,—,—,—,—,flat,main,,e04_professii_buduschego
853,куда можно поступить с русским и физикой,1710,1,top,C,info,—,—,физика,—,июнь-июль,main,,c15_s_fizikoj
854,воронежский авиационный техникум,1709,1,assoc,C,info,—,—,—,воронеж,июнь-июль,aggregator,,g03_kolledzhi_voronezh
855,специальности после 9 класса тверь,1708,1,top,C,info,9,—,—,твер,июнь-июль,aggregator,,c06_specialnosti_posle_9
856,колледжи владимира после 9 класса специальности,1701,1,top,C,info,9,—,—,владимир,июнь-июль,aggregator,,c06_specialnosti_posle_9
857,куда поступить ребенку после 9 класса,1696,1,top,C,info,9,—,—,—,июнь-июль,main,,c01_kuda_postupat_posle_9
858,колледжи воронежа адреса,1696,1,top,C,info,—,—,—,воронеж,июнь-июль,aggregator,,g03_kolledzhi_voronezh
859,куда поступить с егэ химия биология русский,1694,2,top,C,info,—,—,биология,—,июнь-июль,main,,c12_s_biologiej;c14_s_himiej
860,вивт колледж воронеж,1691,1,top,C,info,—,—,—,воронеж,июнь-июль,aggregator,,g03_kolledzhi_voronezh
861,куда поступать с химией математикой и русским,1690,1,top,C,info,—,—,химия,—,июнь-июль,main,,c14_s_himiej
862,куда поступать с биологией и профильной математикой,1681,1,top,C,info,—,—,биология,—,июнь-июль,main,,c12_s_biologiej
863,сибирский колледж строительства иркутск,1678,1,top,C,info,—,—,—,иркутск,июнь-июль,aggregator,,g05_kolledzhi_irkutsk
864,куда поступать после 11 класса с информатикой,1677,2,top,C,info,11,—,информатика,—,июнь-июль,main,,c02_kuda_postupat_posle_11;c13_s_informatikoj
865,куда поступить после 11 класса с географией,1673,2,top,C,info,11,—,география,—,июнь-июль,main,,c02_kuda_postupat_posle_11;c16_s_geografiej
866,екатеринбург куда можно поступить после 9 класса,1671,1,top,C,info,9,—,—,екатеринбург,июнь-июль,aggregator,,c01_kuda_postupat_posle_9
867,высокооплачиваемые профессии после 11 класса,1669,1,top,C,info,11,—,—,—,июнь-июль,main,,c04_professii_posle_11
868,базовый медицинский колледж иркутск,1669,1,top,C,info,—,—,—,иркутск,июнь-июль,aggregator,,g05_kolledzhi_irkutsk
869,колледж сервиса иркутск,1669,1,top,C,info,—,—,—,иркутск,июнь-июль,aggregator,,g05_kolledzhi_irkutsk
870,список производств профессий,1667,1,top,E,info,—,—,—,—,flat,main,,e01_professii_spisok
871,куда специальности после 9 класса,1666,1,top,C,info,9,—,—,—,июнь-июль,main,,c06_specialnosti_posle_9
872,самые востребованные профессии в россии 2026,1666,1,top,E,info,—,—,—,—,flat,main,,e02_vostrebovannye
873,куда можно поступить после 11 с физикой,1656,1,top,C,info,11,—,физика,—,июнь-июль,main,,c15_s_fizikoj
874,куда поступить после 9 класса киров,1651,1,top,C,info,9,—,—,киров,июнь-июль,aggregator,,c01_kuda_postupat_posle_9
875,список альтернативных профессий,1646,1,top,E,info,—,—,—,—,flat,main,,e01_professii_spisok
876,сибирский колледж транспорта иркутск,1646,1,top,C,info,—,—,—,иркутск,июнь-июль,aggregator,,g05_kolledzhi_irkutsk
877,авиационный колледж специальности после 9 класса,1645,1,top,C,info,9,—,—,—,июнь-июль,main,,c06_specialnosti_posle_9
878,профориентация 11,1642,1,top,0,info,—,—,—,—,сент-окт,main,,p01_proforientaciya
879,куда можно поступить с русским и информатикой,1636,1,top,C,info,—,—,информатика,—,июнь-июль,main,,c13_s_informatikoj
880,сибирский колледж транспорта и строительства иркутск,1634,1,top,C,info,—,—,—,иркутск,июнь-июль,aggregator,,g05_kolledzhi_irkutsk
881,лучшие профессии после 11 класса,1632,1,top,C,info,11,—,—,—,июнь-июль,main,,c04_professii_posle_11
882,колледж воронеж специальности после 9,1629,1,top,C,info,9,—,—,воронеж,июнь-июль,aggregator,,g03_kolledzhi_voronezh
883,обучение после 9 класса профессии,1628,1,top,C,info,9,—,—,—,июнь-июль,main,,c03_professii_posle_9
884,куда можно поступить с обществом и историей,1626,1,top,C,info,—,—,история,—,июнь-июль,main,,c11_s_istoriej
885,билет профориентация,1622,1,top,0,info,—,—,—,—,сент-окт,main,,p01_proforientaciya
886,куда поступить после 11 класса в красноярске,1621,1,top,C,info,11,—,—,красноярск,июнь-июль,aggregator,,c02_kuda_postupat_posle_11
887,колледжи липецка после 9 класса специальности,1620,1,top,C,info,9,—,—,липецк,июнь-июль,aggregator,,c06_specialnosti_posle_9
888,самые востребованные профессии ближайшего,1619,1,top,E,info,—,—,—,—,flat,main,,e02_vostrebovannye
889,тула колледжи после 9 класса специальности,1616,1,top,C,info,9,—,—,тула,июнь-июль,aggregator,,c06_specialnosti_posle_9
890,уфа куда можно поступить после 9 класса,1614,1,top,C,info,9,—,—,уфа,июнь-июль,aggregator,,c01_kuda_postupat_posle_9
891,куда поступать после 9 парню,1612,1,top,C,info,9,m,—,—,июнь-июль,main,,c09_kuda_postupat_parnyu
892,какие профессии будут востребованы через,1611,1,top,E,info,—,—,—,—,flat,main,,e02_vostrebovannye
893,иркутское театральное училище,1607,1,assoc,C,info,—,—,—,иркутск,июнь-июль,aggregator,,g05_kolledzhi_irkutsk
894,какая профессия мне подходит тест бесплатно,1605,2,top,D,commercial,—,—,—,—,сент-окт,main,,b05_kakaya_professiya_podhodit;d05_test_na_professiyu
895,колледжи твери после 9 класса специальности,1605,1,top,C,info,9,—,—,твер,июнь-июль,aggregator,,c06_specialnosti_posle_9
896,чита специальности после 9 класса,1604,1,top,C,info,9,—,—,чита,июнь-июль,aggregator,,c06_specialnosti_posle_9
897,класс профориентация школьников,1604,1,top,0,info,—,—,—,—,сент-окт,main,,p01_proforientaciya
898,специальности после 9 класса киров,1602,1,top,C,info,9,—,—,киров,июнь-июль,aggregator,,c06_specialnosti_posle_9
899,колледжи воронеж отзывы,1600,1,top,C,info,—,—,—,воронеж,июнь-июль,aggregator,,g03_kolledzhi_voronezh
900,барни профессии будущего специалист,1596,1,top,E,info,—,—,—,—,flat,main,,e04_professii_buduschego
901,куда поступить после 9 класса улан удэ,1595,1,top,C,info,9,—,—,—,июнь-июль,main,,c01_kuda_postupat_posle_9
902,список хороших профессий,1594,1,top,E,info,—,—,—,—,flat,main,,e01_professii_spisok
903,какие профессии будут востребованы через лет,1594,1,top,E,info,—,—,—,—,flat,main,,e02_vostrebovannye
904,профессии будущего специалист бпла,1590,1,top,E,info,—,—,—,—,flat,main,,e04_professii_buduschego
905,колледж какое образование считается,1589,1,assoc,C,info,—,—,—,—,июнь-июль,main,,c07_kem_stat_posle_9
906,колледж воронеж после 9 класса специальности,1586,2,top,C,info,9,—,—,воронеж,июнь-июль,aggregator,,c06_specialnosti_posle_9;g03_kolledzhi_voronezh
907,юридический колледж воронеж,1586,1,top,C,info,—,—,—,воронеж,июнь-июль,aggregator,,g03_kolledzhi_voronezh
908,биология после 9 класса куда поступить,1584,1,top,C,info,9,—,биология,—,июнь-июль,main,,c01_kuda_postupat_posle_9
909,10 самых востребованных профессий,1582,1,top,E,info,—,—,—,—,flat,main,,e02_vostrebovannye
910,куда поступать с историей и английским,1581,1,top,C,info,—,—,история,—,июнь-июль,main,,c11_s_istoriej
911,лесотехнический колледж воронеж,1581,1,top,C,info,—,—,—,воронеж,июнь-июль,aggregator,,g03_kolledzhi_voronezh
912,куда поступить парню после 9 класса,1580,2,top,C,info,9,m,—,—,июнь-июль,main,,c01_kuda_postupat_posle_9;c09_kuda_postupat_parnyu
913,билет в будущее профориентация,1580,1,top,0,nav,—,—,—,—,сент-окт,main,,p01_proforientaciya
914,насколько востребована профессия,1579,1,top,E,info,—,—,—,—,flat,main,,e02_vostrebovannye
915,пройти профориентацию онлайн,1579,3,top,0,commercial,—,—,—,—,сент-окт,main,,p01_proforientaciya;p04_prof_online;p06_projti_proforientaciyu
916,профессии в техникуме после 9 класса,1575,1,top,C,info,9,—,—,—,июнь-июль,main,,c03_professii_posle_9
917,список работ профессий должностей,1573,1,top,E,info,—,—,—,—,flat,main,,e01_professii_spisok
918,барни специалист бпла профессии будущего,1571,1,top,E,info,—,—,—,—,flat,main,,e04_professii_buduschego
919,профессии будущего кем стал,1568,2,top,E,info,—,—,—,—,flat,main,,e04_professii_buduschego
920,технологический колледж специальности после 9 класса,1565,1,top,C,info,9,—,—,—,июнь-июль,main,,c06_specialnosti_posle_9
921,бесплатные профессии после 9 класса,1564,1,top,C,commercial,9,—,—,—,июнь-июль,main,,c03_professii_posle_9
922,специальности после 9 класса йошкар ола,1563,1,top,C,info,9,—,—,—,июнь-июль,main,,c06_specialnosti_posle_9
923,куда поступить после 11 класса вуз,1562,1,top,C,info,11,—,—,—,июнь-июль,main,,c02_kuda_postupat_posle_11
924,куда поступать после 9 класса кемерово,1559,1,top,C,info,9,—,—,кемеров,июнь-июль,aggregator,,c01_kuda_postupat_posle_9
925,рабочие профессии список,1557,1,top,E,info,—,—,—,—,flat,main,,e01_professii_spisok
926,куда можно поступить с информатикой после 11,1552,1,top,C,info,11,—,информатика,—,июнь-июль,main,,c13_s_informatikoj
927,куда можно поступить с обществознанием и биологией,1549,2,top,C,info,—,—,обществознание,—,июнь-июль,main,,c10_s_obschestvoznaniem;c12_s_biologiej
928,куда поступить после 9 класса в самаре,1542,1,top,C,info,9,—,—,самар,июнь-июль,aggregator,,c01_kuda_postupat_posle_9
929,профессии будущего в россии,1542,1,top,E,info,—,—,—,—,flat,main,,e04_professii_buduschego
930,рынок востребованных профессий,1541,1,top,E,info,—,—,—,—,flat,main,,e02_vostrebovannye
931,специальности после 9 класса для девушек список,1540,1,top,C,info,9,f,—,—,июнь-июль,main,,c06_specialnosti_posle_9
932,куда поступать с егэ физика математика,1536,1,top,C,info,—,—,физика,—,июнь-июль,main,,c15_s_fizikoj
933,государственные колледжи воронежа,1536,1,top,C,info,—,—,—,воронеж,июнь-июль,aggregator,,g03_kolledzhi_voronezh
934,куда можно поступить с информатикой егэ,1535,1,top,C,info,—,—,информатика,—,июнь-июль,main,,c13_s_informatikoj
935,куда можно поступить с физикой и профильной,1535,1,top,C,info,—,—,физика,—,июнь-июль,main,,c15_s_fizikoj
936,куда можно поступить с историей и математикой,1532,1,top,C,info,—,—,история,—,июнь-июль,main,,c11_s_istoriej
937,сколько лет климовой,1531,1,assoc,D,info,—,—,—,—,сент-окт,main,,d09_ddo_klimova
938,армия профессии список,1530,1,top,E,info,—,—,—,—,flat,main,,e01_professii_spisok
939,куда поступить после 9 класса с общежитием,1529,1,top,C,info,9,—,—,—,июнь-июль,main,,c01_kuda_postupat_posle_9
940,куда поступать после школы 9 класс,1527,1,top,C,info,9,—,—,—,июнь-июль,main,,c01_kuda_postupat_posle_9
941,какую профессию лучше выбрать,1519,1,top,B,info,—,—,—,—,март-апр,main,,b01_kakuyu_professiyu_vybrat
942,какую профессию выбрать после 9,1513,1,top,C,info,9,—,—,—,июнь-июль,main,,b01_kakuyu_professiyu_vybrat
943,училище это какое образование,1511,3,assoc,C,info,—,—,—,—,июнь-июль,main,,c06_specialnosti_posle_9;c11_s_istoriej;c15_s_fizikoj
944,на кого пойти учиться после 11,1510,1,top,C,info,11,—,—,—,июнь-июль,main,,b04_na_kogo_pojti_uchitsya
945,востребованные профессии труда,1509,1,top,E,info,—,—,—,—,flat,main,,e02_vostrebovannye
946,казань куда можно поступить после 9 класса,1502,1,top,C,info,9,—,—,казан,июнь-июль,aggregator,,c01_kuda_postupat_posle_9
947,востребованные специальности в 2026,1502,1,assoc,E,info,—,—,—,—,flat,main,,e04_professii_buduschego
948,куда поступить в чите после 9 класса,1497,1,top,C,info,9,—,—,чите,июнь-июль,aggregator,,c01_kuda_postupat_posle_9
949,колледжи барнаула после 9 класса специальности,1496,1,top,C,info,9,—,—,барнаул,июнь-июль,aggregator,,c06_specialnosti_posle_9
950,колледжи иркутск экономики,1493,1,top,C,info,—,—,—,иркутск,июнь-июль,aggregator,,g05_kolledzhi_irkutsk
951,куда можно поступить после 9 класса иркутск,1486,1,top,C,info,9,—,—,иркутск,июнь-июль,aggregator,,c01_kuda_postupat_posle_9
952,куда поступить с математикой русским и историей,1481,1,top,C,info,—,—,история,—,июнь-июль,main,,c11_s_istoriej
953,куда поступать с обществом и биологией,1478,1,top,C,info,—,—,биология,—,июнь-июль,main,,c12_s_biologiej
954,бесплатная профориентация для школьников,1474,2,top,0,commercial,—,—,—,—,сент-окт,main,,p01_proforientaciya;p03_prof_dlya_shkolnikov
955,саратов колледжи после 9 класса специальности список,1472,1,top,C,info,9,—,—,саратов,июнь-июль,aggregator,,c06_specialnosti_posle_9
956,биолог профессия,1468,1,assoc,C,info,—,—,—,—,июнь-июль,main,,c12_s_biologiej
957,куда можно поступить с химией русским егэ,1468,1,top,C,info,—,—,химия,—,июнь-июль,main,,c14_s_himiej
958,тест на профессию какая подходит,1467,2,top,D,info,—,—,—,—,сент-окт,main,,d05_test_na_professiyu;p06_projti_proforientaciyu
959,куда пойти после 9 класса профессии,1463,1,top,C,info,9,—,—,—,июнь-июль,main,,c03_professii_posle_9
960,белгород специальности после 9 класса,1462,1,top,C,info,9,—,—,белгород,июнь-июль,aggregator,,c06_specialnosti_posle_9
961,на кого лучше пойти учиться,1457,2,top,B,info,—,—,—,—,март-апр,main,,b04_na_kogo_pojti_uchitsya
962,куда можно поступить с егэ по истории,1455,1,top,C,info,—,—,история,—,июнь-июль,main,,c11_s_istoriej
963,тест кто ты из крд,1451,1,assoc,D,info,—,—,—,—,сент-окт,main,,d03_test_online
964,машиностроительный колледж иркутск,1441,1,top,C,info,—,—,—,иркутск,июнь-июль,aggregator,,g05_kolledzhi_irkutsk
965,специальности спо после 9 класса,1440,1,top,C,info,9,—,—,—,июнь-июль,main,,c06_specialnosti_posle_9
966,после 9 класса куда можно поступить барнаул,1438,1,top,C,info,9,—,—,барнаул,июнь-июль,aggregator,,c01_kuda_postupat_posle_9
967,куда поступить после 11 класса в новосибирске,1438,1,top,C,info,11,—,—,новосибирск,июнь-июль,aggregator,,c02_kuda_postupat_posle_11
968,колледжи казани после 9 класса и специальности,1434,1,top,C,info,9,—,—,казан,июнь-июль,aggregator,,c06_specialnosti_posle_9
969,самые востребованные профессии в 2026 году,1433,1,top,E,info,—,—,—,—,flat,main,,e02_vostrebovannye
970,тест на определение профессии,1431,1,top,D,info,—,—,—,—,сент-окт,main,,d05_test_na_professiyu
971,тест на выбор профессии бесплатно,1429,2,top,D,commercial,—,—,—,—,сент-окт,main,,d05_test_na_professiyu;d06_test_na_vybor_professii
972,востребованные профессии в россии для девушек,1426,1,top,E,info,—,f,—,—,flat,main,,e02_vostrebovannye
973,профориентация образование,1425,1,top,0,info,—,—,—,—,сент-окт,main,,p01_proforientaciya
974,куда можно поступить с профильной математикой информатикой,1423,1,top,C,info,—,—,информатика,—,июнь-июль,main,,c13_s_informatikoj
975,строительный техникум специальности после 9 класса,1421,1,top,C,info,9,—,—,—,июнь-июль,main,,c06_specialnosti_posle_9
976,колледжи иркутска бюджетной основе,1420,1,top,C,info,—,—,—,иркутск,июнь-июль,aggregator,,g05_kolledzhi_irkutsk
977,специальности после 9 класса брянск,1419,1,top,C,info,9,—,—,брянск,июнь-июль,aggregator,,c06_specialnosti_posle_9
978,альтернативная служба в армии список профессий,1419,1,top,E,info,—,—,—,—,flat,main,,e01_professii_spisok
979,куда можно поступить после 9 класса тюмень,1415,1,top,C,info,9,—,—,тюмен,июнь-июль,aggregator,,c01_kuda_postupat_posle_9
980,государственные колледжи иркутска,1414,1,top,C,info,—,—,—,иркутск,июнь-июль,aggregator,,g05_kolledzhi_irkutsk
981,колледжи челябинска после 9 класса специальности,1413,1,top,C,info,9,—,—,челябинск,июнь-июль,aggregator,,c06_specialnosti_posle_9
982,колледжи куда можно поступить после 11 класса,1411,1,top,C,info,11,—,—,—,июнь-июль,main,,c02_kuda_postupat_posle_11
983,нужные профессии после 9 класса,1410,1,top,C,info,9,—,—,—,июнь-июль,main,,c03_professii_posle_9
984,список 2 профессий для досрочной пенсии,1409,1,top,E,info,—,—,—,—,flat,main,,e01_professii_spisok
985,профориентация деятельность,1409,1,top,0,info,—,—,—,—,сент-окт,main,,p01_proforientaciya
986,куда поступать на дизайнера после 9 класса,1406,1,top,C,info,9,—,—,—,июнь-июль,main,,c01_kuda_postupat_posle_9
987,колледж туризма иркутск,1406,1,top,C,info,—,—,—,иркутск,июнь-июль,aggregator,,g05_kolledzhi_irkutsk
988,куда поступить список профессий,1405,1,top,C,info,—,—,—,—,июнь-июль,main,,e01_professii_spisok
989,профессии после 9 класса с тройками,1404,1,top,C,info,9,—,—,—,июнь-июль,main,,c03_professii_posle_9
990,куда можно поступить с егэ по химии,1400,1,top,C,info,—,—,химия,—,июнь-июль,main,,c14_s_himiej
991,колледжи бюджет иркутск,1398,1,top,C,info,—,—,—,иркутск,июнь-июль,aggregator,,g05_kolledzhi_irkutsk
992,ижевск куда можно поступить после 9 класса,1396,1,top,C,info,9,—,—,ижевск,июнь-июль,aggregator,,c01_kuda_postupat_posle_9
993,какую профессию выбрать после 9 класса,1394,3,top,C,info,9,—,—,—,июнь-июль,main,,b01_kakuyu_professiyu_vybrat;c03_professii_posle_9
994,тест профориентация бесплатно без регистрации,1391,5,top,D,commercial,—,—,—,—,сент-окт,main,,d01_test_na_proforientaciyu;d02_test_besplatno;p01_proforientaciya
995,лучшие востребованные профессии,1384,1,top,E,info,—,—,—,—,flat,main,,e02_vostrebovannye
996,список профессий техникум,1380,2,top,C,info,—,—,—,—,июнь-июль,aggregator,,e01_professii_spisok
997,специальности после 9 класса иркутск,1376,1,top,C,info,9,—,—,иркутск,июнь-июль,aggregator,,c06_specialnosti_posle_9
998,профориентация 11 класс,1374,1,top,0,info,11,—,—,—,сент-окт,main,,p01_proforientaciya
999,профориентация россии,1372,1,top,0,info,—,—,—,—,сент-окт,main,,p01_proforientaciya
1000,развитие профориентации,1371,1,top,0,info,—,—,—,—,сент-окт,main,,p01_proforientaciya
1001,колледж чебоксары после 9 класса специальности,1362,1,top,C,info,9,—,—,чебоксар,июнь-июль,aggregator,,c06_specialnosti_posle_9
1002,список профессий девушке после 11,1359,1,top,C,info,11,f,—,—,июнь-июль,main,,e01_professii_spisok
1003,востребованные профессии после 9 2026,1356,1,top,C,info,9,—,—,—,июнь-июль,main,,e02_vostrebovannye
1004,куда поступить после 9 класса в брянске,1352,1,top,C,info,9,—,—,брянск,июнь-июль,aggregator,,c01_kuda_postupat_posle_9
1005,профессии список хорошей зарплатой,1352,1,top,E,info,—,—,—,—,flat,main,,e01_professii_spisok
1006,специальности после 9 класса колледж спб,1345,1,top,C,info,9,—,—,спб,июнь-июль,aggregator,,c06_specialnosti_posle_9
1007,вгту воронеж колледж,1344,1,top,C,info,—,—,—,воронеж,июнь-июль,aggregator,,g03_kolledzhi_voronezh
1008,список производств работ профессий,1343,1,top,E,info,—,—,—,—,flat,main,,e01_professii_spisok
1009,куда поступить с обществознанием москва,1342,1,top,C,info,—,—,обществознание,москв,июнь-июль,aggregator,,c10_s_obschestvoznaniem
1010,самые высокооплачиваемые профессии в россии 2026,1342,1,top,E,info,—,—,—,—,flat,main,,e03_vysokooplachivaemye
1011,куда поступить с егэ по физике,1338,1,top,C,info,—,—,физика,—,июнь-июль,main,,c15_s_fizikoj
1012,профессии список 1 список 2,1338,1,top,E,info,—,—,—,—,flat,main,,e01_professii_spisok
1013,куда можно поступить с обществознанием и литературой,1337,1,top,C,info,—,—,обществознание,—,июнь-июль,main,,c10_s_obschestvoznaniem
1014,куда можно поступить после 9 класса омск,1334,1,top,C,info,9,—,—,омск,июнь-июль,aggregator,,c01_kuda_postupat_posle_9
1015,вгу колледж воронеж,1334,1,top,C,info,—,—,—,воронеж,июнь-июль,aggregator,,g03_kolledzhi_voronezh
1016,профессии с зарплатой после 11 класса,1333,1,top,C,info,11,—,—,—,июнь-июль,main,,c04_professii_posle_11
1017,специальности после 9 класса калининград,1330,1,top,C,info,9,—,—,калининград,июнь-июль,aggregator,,c06_specialnosti_posle_9
1018,специальности после 9 класса тамбов,1326,1,top,C,info,9,—,—,—,июнь-июль,main,,c06_specialnosti_posle_9
1019,куда поступать с егэ по информатике,1326,1,top,C,info,—,—,информатика,—,июнь-июль,main,,c13_s_informatikoj
1020,список 2 вредных профессий,1326,1,top,E,info,—,—,—,—,flat,main,,e01_professii_spisok
1021,поступление в колледж иркутск,1321,1,top,C,info,—,—,—,иркутск,июнь-июль,aggregator,,g05_kolledzhi_irkutsk
1022,список производств профессий и должностей,1317,1,top,E,info,—,—,—,—,flat,main,,e01_professii_spisok
1023,какие профессии востребованы после 9,1315,1,top,C,info,9,—,—,—,июнь-июль,main,,e02_vostrebovannye
1024,пнипу специальности,1315,1,assoc,E,info,—,—,—,—,flat,main,,e04_professii_buduschego
1025,иргупс колледж иркутск,1315,1,top,C,info,—,—,—,иркутск,июнь-июль,aggregator,,g05_kolledzhi_irkutsk
1026,профориентация для детей,1313,2,top,0,info,—,—,—,—,сент-окт,main,,a04_prof_dlya_rebenka;p01_proforientaciya
1027,профориентация москва,1312,1,top,0,info,—,—,—,москв,сент-окт,aggregator,,p01_proforientaciya
1028,на кого можно учиться в колледже,1310,1,assoc,C,info,—,—,—,—,июнь-июль,main,,c06_specialnosti_posle_9
1029,список профессий для женщин,1309,1,top,E,info,—,—,—,—,flat,main,,e01_professii_spisok
1030,какие востребованные профессии для девушек,1305,1,top,E,info,—,f,—,—,flat,main,,e02_vostrebovannye
1031,куда поступить с егэ история и обществознание,1304,2,top,C,info,—,—,обществознание,—,июнь-июль,main,,c10_s_obschestvoznaniem;c11_s_istoriej
1032,бюджетные колледжи иркутска после 9,1302,1,top,C,info,9,—,—,иркутск,июнь-июль,aggregator,,g05_kolledzhi_irkutsk
1033,куда поступить на бюджет с обществознанием,1301,1,top,C,info,—,—,обществознание,—,июнь-июль,main,,c10_s_obschestvoznaniem
1034,строительно политехнический колледж воронеж,1301,1,top,C,info,—,—,—,воронеж,июнь-июль,aggregator,,g03_kolledzhi_voronezh
1035,профессии и специальности после 9 класса,1296,2,top,C,info,9,—,—,—,июнь-июль,main,,c03_professii_posle_9;c06_specialnosti_posle_9
1036,профессий будущего сочинение,1295,1,top,E,info,—,—,—,сочи,flat,aggregator,,e04_professii_buduschego
1037,куда поступить после 9 класса специальности,1288,1,top,C,info,9,—,—,—,июнь-июль,main,,c01_kuda_postupat_posle_9
1038,список производств работ профессий должностей,1275,1,top,E,info,—,—,—,—,flat,main,,e01_professii_spisok
1039,москва после 9 класса куда можно поступить,1266,1,top,C,info,9,—,—,москв,июнь-июль,aggregator,,c01_kuda_postupat_posle_9
1040,колледж дизайна иркутск,1263,1,top,C,info,—,—,—,иркутск,июнь-июль,aggregator,,g05_kolledzhi_irkutsk
1041,куда поступить в саратове после 9 класса,1262,1,top,C,info,9,—,—,саратов,июнь-июль,aggregator,,c01_kuda_postupat_posle_9
1042,альтернативная служба в россии список профессий,1262,1,top,E,info,—,—,—,—,flat,main,,e01_professii_spisok
1043,куда поступить после 9 девушке профессии,1254,1,top,C,info,9,f,—,—,июнь-июль,main,,c08_kuda_postupat_devushke
1044,куда поступать с профильной математикой и географией,1253,1,top,C,info,—,—,география,—,июнь-июль,main,,c16_s_geografiej
1045,колледжи иркутска после 9 класса на бюджетной,1249,1,top,C,info,9,—,—,иркутск,июнь-июль,aggregator,,g05_kolledzhi_irkutsk
1046,зарплата востребованных профессий,1248,1,top,E,info,—,—,—,—,flat,main,,e02_vostrebovannye
1047,колледж технологий воронеж,1247,1,top,C,info,—,—,—,воронеж,июнь-июль,aggregator,,g03_kolledzhi_voronezh
1048,куда поступить в волгограде после 9 класса,1244,1,top,C,info,9,—,—,волгоград,июнь-июль,aggregator,,c01_kuda_postupat_posle_9
1049,куда поступить после 11 класса в казани,1244,1,top,C,info,11,—,—,казан,июнь-июль,aggregator,,c02_kuda_postupat_posle_11
1050,куда поступить на сварщика после 9 класса,1242,1,top,C,info,9,—,—,—,июнь-июль,main,,c01_kuda_postupat_posle_9
1051,профессии в россии после 11 класса,1242,1,top,C,info,11,—,—,—,июнь-июль,main,,c04_professii_posle_11
1052,профессии будущего 2,1236,1,top,E,info,—,—,—,—,flat,main,,e04_professii_buduschego
1053,бюджетные профессии после 9 класса,1233,1,top,C,info,9,—,—,—,июнь-июль,main,,c03_professii_posle_9
1054,куда можно поступить после 9 класса 2026,1232,1,top,C,info,9,—,—,—,июнь-июль,main,,c01_kuda_postupat_posle_9
1055,куда поступить после 9 класса в томске,1231,1,top,C,info,9,—,—,томск,июнь-июль,aggregator,,c01_kuda_postupat_posle_9
1056,какие профессии востребованы после 9 класса,1231,2,top,C,info,9,—,—,—,июнь-июль,main,,c03_professii_posle_9;e02_vostrebovannye
1057,куда можно поступить с обществознанием и географией,1226,2,top,C,info,—,—,обществознание,—,июнь-июль,main,,c10_s_obschestvoznaniem;c16_s_geografiej
1058,цель профориентации,1226,1,top,0,info,—,—,—,—,сент-окт,main,,p01_proforientaciya
1059,тест климова на профориентацию,1221,5,top,D,info,—,—,—,—,сент-окт,main,,d01_test_na_proforientaciyu;d08_test_klimova;p01_proforientaciya
1060,какую профессию получить после 9 класса,1216,1,top,C,info,9,—,—,—,июнь-июль,main,,c03_professii_posle_9
1061,колледжи воронежа бюджет,1216,1,top,C,info,—,—,—,воронеж,июнь-июль,aggregator,,g03_kolledzhi_voronezh
1062,наиболее востребованные профессии,1211,1,top,E,info,—,—,—,—,flat,main,,e02_vostrebovannye
1063,профессии будущего новых профессий,1210,1,top,E,info,—,—,—,—,flat,main,,e04_professii_buduschego
1064,медицинский колледж воронеж официальный,1197,1,top,C,info,—,—,—,воронеж,июнь-июль,aggregator,,g03_kolledzhi_voronezh
1065,куда поступать с биологией и географией,1196,2,top,C,info,—,—,биология,—,июнь-июль,main,,c12_s_biologiej;c16_s_geografiej
1066,какие специальности востребованы в россии,1194,1,assoc,E,info,—,—,—,—,flat,main,,e01_professii_spisok
1067,юридический колледж иркутск,1193,1,top,C,info,—,—,—,иркутск,июнь-июль,aggregator,,g05_kolledzhi_irkutsk
1068,профориентация молодежи,1187,1,top,0,info,—,—,—,—,сент-окт,main,,p01_proforientaciya
1069,куда поступить с географией и обществом,1186,1,top,C,info,—,—,география,—,июнь-июль,main,,c16_s_geografiej
1070,пройти тест на профессию,1185,2,top,D,commercial,—,—,—,—,сент-окт,main,,d05_test_na_professiyu
1071,мероприятия по профориентации,1182,1,top,0,info,—,—,—,—,сент-окт,main,,p01_proforientaciya
1072,профориентация спб,1178,1,top,0,info,—,—,—,спб,сент-окт,aggregator,,p01_proforientaciya
1073,реализация профориентации,1177,1,top,0,info,—,—,—,—,сент-окт,main,,p01_proforientaciya
1074,воронеж куда можно поступить после 9 класса,1175,1,top,C,info,9,—,—,воронеж,июнь-июль,aggregator,,c01_kuda_postupat_posle_9
1075,куда поступить после 11 класса с литературой,1175,1,top,C,info,11,—,литература,—,июнь-июль,main,,c02_kuda_postupat_posle_11
1076,какие профессии востребованы в россии 2026,1169,1,top,E,info,—,—,—,—,flat,main,,e02_vostrebovannye
1077,куда поступить в екатеринбурге после 11 класса,1167,1,top,C,info,11,—,—,екатеринбург,июнь-июль,aggregator,,c02_kuda_postupat_posle_11
1078,поступление в колледж воронеж,1167,1,top,C,info,—,—,—,воронеж,июнь-июль,aggregator,,g03_kolledzhi_voronezh
1079,куда можно поступить с егэ по географии,1162,1,top,C,info,—,—,география,—,июнь-июль,main,,c16_s_geografiej
1080,профориентация направления,1158,1,top,0,info,—,—,—,—,сент-окт,main,,p01_proforientaciya
1081,сайт медицинского колледжа воронеж,1156,1,top,C,info,—,—,—,воронеж,июнь-июль,aggregator,,g03_kolledzhi_voronezh
1082,востребованные профессии на рынке труда,1151,1,top,E,info,—,—,—,—,flat,main,,e02_vostrebovannye
1083,высокооплачиваемые профессии после 9 класса для девушек,1147,1,top,C,info,9,f,—,—,июнь-июль,main,,c03_professii_posle_9
1084,куда поступить в спб после 11 класса,1144,1,top,C,info,11,—,—,спб,июнь-июль,aggregator,,c02_kuda_postupat_posle_11
1085,куда поступить с егэ русский математика биология,1143,1,top,C,info,—,—,биология,—,июнь-июль,main,,c12_s_biologiej
1086,тест на профориентацию бесплатно профессии,1141,4,top,D,commercial,—,—,—,—,сент-окт,main,,d01_test_na_proforientaciyu;d02_test_besplatno;d05_test_na_professiyu;p01_proforientaciya
1087,список профессий дающих,1140,1,top,E,info,—,—,—,—,flat,main,,e01_professii_spisok
1088,профессии будущего в мире,1140,1,top,E,info,—,—,—,—,flat,main,,e04_professii_buduschego
1089,колледжи иркутска юриспруденция,1140,1,top,C,info,—,—,—,иркутск,июнь-июль,aggregator,,g05_kolledzhi_irkutsk
1090,воронеж медицинский колледж официальный сайт,1137,1,top,C,info,—,—,—,воронеж,июнь-июль,aggregator,,g03_kolledzhi_voronezh
1091,техникумы и колледжи воронежа,1137,1,top,C,info,—,—,—,воронеж,июнь-июль,aggregator,,g03_kolledzhi_voronezh
1092,балл 3.8 куда поступить после 9 класса,1133,1,top,C,info,9,—,—,—,июнь-июль,main,,c01_kuda_postupat_posle_9
1093,самые высокооплачиваемые профессии для девушек,1131,2,top,E,info,—,f,—,—,flat,main,,e03_vysokooplachivaemye
1094,город профессий для детей в москве,1130,1,assoc,A,info,—,—,—,москв,сент-окт,aggregator,,a04_prof_dlya_rebenka
1095,на кого пойти учиться после 11 класса,1126,1,top,C,info,11,—,—,—,июнь-июль,main,,b04_na_kogo_pojti_uchitsya
1096,куда поступить с егэ физика математика русский,1126,1,top,C,info,—,—,физика,—,июнь-июль,main,,c15_s_fizikoj
1097,профессии будущего обучение,1124,1,top,E,info,—,—,—,—,flat,main,,e04_professii_buduschego
1098,куда поступить после 9 класса в питере,1120,1,top,C,info,9,—,—,питер,июнь-июль,aggregator,,c01_kuda_postupat_posle_9
1099,куда поступить с базой и обществознанием,1120,1,top,C,info,—,—,обществознание,—,июнь-июль,main,,c10_s_obschestvoznaniem
1100,самые востребованные и высокооплачиваемые профессии,1120,2,top,E,info,—,—,—,—,flat,main,,e02_vostrebovannye;e03_vysokooplachivaemye
1101,кем можно стать после 9,1118,1,top,C,info,9,—,—,—,июнь-июль,main,,b03_kem_mozhno_stat
1102,список хороших профессий после 9 класса,1118,2,top,C,info,9,—,—,—,июнь-июль,main,,c03_professii_posle_9;e01_professii_spisok
1103,профессии на кого пойти учиться,1117,1,top,B,info,—,—,—,—,март-апр,main,,b04_na_kogo_pojti_uchitsya
1104,льготные пенсии список профессий,1117,1,top,E,info,—,—,—,—,flat,main,,e01_professii_spisok
1105,куда можно поступить с профильной биологией,1116,1,top,C,info,—,—,биология,—,июнь-июль,main,,c12_s_biologiej
1106,куда поступить с профилем и обществознанием,1115,1,top,C,info,—,—,обществознание,—,июнь-июль,main,,c10_s_obschestvoznaniem
1107,краснодар куда можно поступить после 9 класса,1113,1,top,C,info,9,—,—,краснодар,июнь-июль,aggregator,,c01_kuda_postupat_posle_9
1108,программа по профориентации,1113,1,top,0,info,—,—,—,—,сент-окт,main,,p01_proforientaciya
1109,какие профессии после 11 класса девушке,1112,1,top,C,info,11,f,—,—,июнь-июль,main,,c04_professii_posle_11
1110,востребованные профессии связанные,1111,1,top,E,info,—,—,—,—,flat,main,,e02_vostrebovannye
1111,перспективные профессии будущего,1111,1,top,E,info,—,—,—,—,flat,main,,e04_professii_buduschego
1112,куда можно поступить после 9 класса список,1109,1,top,C,info,9,—,—,—,июнь-июль,main,,c01_kuda_postupat_posle_9
1113,какие есть профессии после 11 класса,1109,1,top,C,info,11,—,—,—,июнь-июль,main,,c04_professii_posle_11
1114,суть профориентации,1109,1,top,0,info,—,—,—,—,сент-окт,main,,p01_proforientaciya
1115,тест на профессию после 11,1108,1,top,D,info,11,—,—,—,сент-окт,main,,d05_test_na_professiyu
1116,куда поступать после 9 класса йошкар ола,1106,1,top,C,info,9,—,—,—,июнь-июль,main,,c01_kuda_postupat_posle_9
1117,информатика после 9 класса куда поступить,1104,1,top,C,info,9,—,информатика,—,июнь-июль,main,,c01_kuda_postupat_posle_9
1118,пермское суворовское училище,1104,1,assoc,C,info,—,—,—,перм,июнь-июль,aggregator,,g02_kolledzhi_perm
1119,профессии будущего для девушек,1102,1,top,E,info,—,f,—,—,flat,main,,e04_professii_buduschego
1120,куда поступить в воронеже после 11 класса,1101,1,top,C,info,11,—,—,воронеж,июнь-июль,aggregator,,c02_kuda_postupat_posle_11
1121,куда поступить с русским языком математикой обществознанием,1101,1,top,C,info,—,—,обществознание,—,июнь-июль,main,,c10_s_obschestvoznaniem
1122,организация профориентация,1101,1,top,0,info,—,—,—,—,сент-окт,main,,p01_proforientaciya
1123,востребованные профессии через 5 лет,1099,1,top,E,info,—,—,—,—,flat,main,,e02_vostrebovannye
1124,куда можно поступить после 9 класса оренбург,1093,1,top,C,info,9,—,—,оренбург,июнь-июль,aggregator,,c01_kuda_postupat_posle_9
1125,пройти тест на профориентацию онлайн,1090,6,top,D,commercial,—,—,—,—,сент-окт,main,,d01_test_na_proforientaciyu;d03_test_online;d04_projti_test;p01_proforientaciya;p04_prof_online;p06_projti_proforientaciyu
1126,профориентация обучение,1090,1,top,0,info,—,—,—,—,сент-окт,main,,p01_proforientaciya
1127,колледж бгу иркутск официальный,1089,1,top,C,info,—,—,—,иркутск,июнь-июль,aggregator,,g05_kolledzhi_irkutsk
1128,1 профориентация,1087,1,top,0,info,—,—,—,—,сент-окт,main,,p01_proforientaciya
1129,куда поступить после 11 класса нижний новгород,1083,1,top,C,info,11,—,—,нижний новгород,июнь-июль,aggregator,,c02_kuda_postupat_posle_11
1130,сайт колледжа бгу иркутск,1081,1,top,C,info,—,—,—,иркутск,июнь-июль,aggregator,,g05_kolledzhi_irkutsk
1131,куда поступить в ярославле после 9 класса,1080,1,top,C,info,9,—,—,ярославл,июнь-июль,aggregator,,c01_kuda_postupat_posle_9
1132,профессии после 9 класса с аттестатом,1080,1,top,C,info,9,—,—,—,июнь-июль,main,,c03_professii_posle_9
1133,профориентация тест на выбор профессии бесплатно,1080,5,top,D,commercial,—,—,—,—,сент-окт,main,,d01_test_na_proforientaciyu;d02_test_besplatno;d05_test_na_professiyu;d06_test_na_vybor_professii;p01_proforientaciya
1134,востребованы профессии в россии для мужчин,1075,1,top,E,info,—,—,—,—,flat,main,,e02_vostrebovannye
1135,приемная комиссия колледж воронеж,1074,1,top,C,info,—,—,—,воронеж,июнь-июль,aggregator,,g03_kolledzhi_voronezh
1136,профориентация 2025,1074,1,top,0,info,—,—,—,—,сент-окт,main,,p01_proforientaciya
1137,профориентация обучающихся,1072,1,top,0,info,—,—,—,—,сент-окт,main,,p01_proforientaciya
1138,куда можно поступить после 9 класса заочно,1071,1,top,C,info,9,—,—,—,июнь-июль,main,,c01_kuda_postupat_posle_9
1139,профессии будущего вопросы,1069,1,top,E,info,—,—,—,—,flat,main,,e04_professii_buduschego
1140,самые востребованные профессии на ближайшие годы,1068,1,top,E,info,—,—,—,—,flat,main,,e02_vostrebovannye
1141,тест на профессию без регистрации,1067,1,top,D,info,—,—,—,—,сент-окт,main,,d05_test_na_professiyu
1142,план профориентации,1063,1,top,0,info,—,—,—,—,сент-окт,main,,p01_proforientaciya
1143,вузы куда можно поступить с обществознанием,1062,1,top,C,info,—,—,обществознание,—,июнь-июль,main,,c10_s_obschestvoznaniem
1144,куда поступить после 9 список профессий,1061,1,top,C,info,9,—,—,—,июнь-июль,main,,e01_professii_spisok
1145,какие профессии можно получить после 9 класса,1058,1,top,C,info,9,—,—,—,июнь-июль,main,,c03_professii_posle_9
1146,список профессий на кого поступать,1058,1,top,C,info,—,—,—,—,июнь-июль,main,,e01_professii_spisok
1147,востребованные профессии колледж,1058,1,top,C,info,—,—,—,—,июнь-июль,main,,e02_vostrebovannye
1148,профессии после 9 класса для парней,1056,1,top,C,info,9,m,—,—,июнь-июль,main,,c03_professii_posle_9
1149,куда поступать девушке список профессий,1051,2,top,C,info,—,f,—,—,июнь-июль,main,,c08_kuda_postupat_devushke;e01_professii_spisok
1150,куда можно поступить после 9 класса чебоксары,1050,1,top,C,info,9,—,—,чебоксар,июнь-июль,aggregator,,c01_kuda_postupat_posle_9
1151,самые высокооплачиваемые профессии после 9,1049,1,top,C,info,9,—,—,—,июнь-июль,main,,e03_vysokooplachivaemye
1152,профессии будущего щепкина,1045,1,top,E,info,—,—,—,—,flat,main,,e04_professii_buduschego
1153,куда поступить в тюмени после 11 класса,1043,1,top,C,info,11,—,—,тюмен,июнь-июль,aggregator,,c02_kuda_postupat_posle_11
1154,базовый медицинский колледж воронеж,1040,1,top,C,info,—,—,—,воронеж,июнь-июль,aggregator,,g03_kolledzhi_voronezh
1155,колледж бгу иркутск официальный сайт,1039,1,top,C,info,—,—,—,иркутск,июнь-июль,aggregator,,g05_kolledzhi_irkutsk
1156,куда поступить после 11 класса экзамены,1037,1,top,C,info,11,—,—,—,июнь-июль,main,,c02_kuda_postupat_posle_11
1157,востребованные профессии 2030,1037,1,top,E,info,—,—,—,—,flat,main,,e02_vostrebovannye
1158,авиационный колледж иркутск,1036,1,top,C,info,—,—,—,иркутск,июнь-июль,aggregator,,g05_kolledzhi_irkutsk
1159,профессия будущего сайт,1034,1,top,E,info,—,—,—,—,flat,main,,e04_professii_buduschego
1160,куда можно поступить после школы 9 класса,1032,1,top,C,info,9,—,—,—,июнь-июль,main,,c01_kuda_postupat_posle_9
1161,куда поступить в архангельске после 9 класса,1030,1,top,C,info,9,—,—,архангельск,июнь-июль,aggregator,,c01_kuda_postupat_posle_9
1162,направление будущей профессии,1029,1,top,E,info,—,—,—,—,flat,main,,e04_professii_buduschego
1163,профориентация мгу,1028,1,top,0,info,—,—,—,—,сент-окт,main,,p01_proforientaciya
1164,самые востребованные профессии на ближайшие 10,1025,1,top,E,info,—,—,—,—,flat,main,,e02_vostrebovannye
1165,профориентация сайт,1024,1,top,0,info,—,—,—,—,сент-окт,main,,p01_proforientaciya
1166,система профориентация,1023,1,top,0,info,—,—,—,—,сент-окт,main,,p01_proforientaciya
1167,гуманитарный колледж воронеж,1020,1,top,C,info,—,—,—,воронеж,июнь-июль,aggregator,,g03_kolledzhi_voronezh
1168,3 профессии будущего,1006,1,top,E,info,—,—,—,—,flat,main,,e04_professii_buduschego
1169,профессиограмма это,1005,1,assoc,0,info,—,—,—,—,сент-окт,main,,p01_proforientaciya
1170,куда поступить после 11 класса в нижнем,1004,1,top,C,info,11,—,—,—,июнь-июль,main,,c02_kuda_postupat_posle_11
1171,кем можно стать в будущем,1002,1,top,B,info,—,—,—,—,март-апр,main,,b03_kem_mozhno_stat
1172,колледж бурденко воронеж,1002,1,top,C,info,—,—,—,воронеж,июнь-июль,aggregator,,g03_kolledzhi_voronezh
1173,список 2 льготных профессий,996,1,top,E,info,—,—,—,—,flat,main,,e01_professii_spisok
1174,куда можно поступить с химией кроме медицинского,995,1,top,C,info,—,—,химия,—,июнь-июль,main,,c14_s_himiej
1175,тест на профориентацию бесплатно для школьников,995,4,top,D,commercial,—,—,—,—,сент-окт,main,,d01_test_na_proforientaciyu;d02_test_besplatno;p01_proforientaciya;p03_prof_dlya_shkolnikov
1176,колледжи г иркутска,995,1,top,C,info,—,—,—,иркутск,июнь-июль,aggregator,,g05_kolledzhi_irkutsk
1177,творческие профессии после 9 класса,993,1,top,C,info,9,—,—,—,июнь-июль,main,,c03_professii_posle_9
1178,правоохранительные профессии после 9 класса,991,1,top,C,info,9,—,—,—,июнь-июль,main,,c03_professii_posle_9
1179,куда поступить после 9 девушке список,990,1,top,C,info,9,f,—,—,июнь-июль,main,,c08_kuda_postupat_devushke
1180,профессии после 11 класса с хорошей зарплатой,987,1,top,C,info,11,—,—,—,июнь-июль,main,,c04_professii_posle_11
1181,куда поступить после 9 класса техникум,984,1,top,C,info,9,—,—,—,июнь-июль,main,,c01_kuda_postupat_posle_9
1182,выборы профессий после 9 класса,981,1,top,C,info,9,—,—,—,июнь-июль,main,,c03_professii_posle_9
1183,профессии после 11 класса обществознание,978,1,top,C,info,11,—,обществознание,—,июнь-июль,main,,c04_professii_posle_11
1184,училище какое образование считается,978,3,assoc,C,info,—,—,—,—,июнь-июль,main,,c06_specialnosti_posle_9;c07_kem_stat_posle_9;c10_s_obschestvoznaniem
1185,9 профессий будущего,975,2,top,E,info,—,—,—,—,flat,main,,e04_professii_buduschego
1186,куда поступить после 11 класса профессии,973,2,top,C,info,11,—,—,—,июнь-июль,main,,c02_kuda_postupat_posle_11;c04_professii_posle_11
1187,выбор профессии после 9 класса,973,1,top,C,info,9,—,—,—,июнь-июль,main,,c03_professii_posle_9
1188,востребованные рабочие профессии,973,1,top,E,info,—,—,—,—,flat,main,,e02_vostrebovannye
1189,колледжи г воронежа,973,1,top,C,info,—,—,—,воронеж,июнь-июль,aggregator,,g03_kolledzhi_voronezh
1190,техникум какие профессии после 9 класса,972,1,top,C,info,9,—,—,—,июнь-июль,both,,c03_professii_posle_9
1191,кем пойти работать с образованием,970,2,top,B,info,—,—,—,—,март-апр,main,,b06_kem_pojti_rabotat
1192,курсы профориентации,968,1,top,0,info,—,—,—,—,сент-окт,main,,p01_proforientaciya
1193,востребованные профессии для девушек после 11,967,1,top,C,info,11,f,—,—,июнь-июль,main,,e02_vostrebovannye
1194,профессии будущего в печатниках,966,1,top,E,info,—,—,—,—,flat,main,,e04_professii_buduschego
1195,самые востребованные профессии на 10 лет,964,1,top,E,info,—,—,—,—,flat,main,,e02_vostrebovannye
1196,список колледжей после 9 воронеж,962,1,top,C,info,9,—,—,воронеж,июнь-июль,aggregator,,g03_kolledzhi_voronezh
1197,кем можно стать после 9 класса,959,3,top,C,info,9,—,—,—,июнь-июль,main,,b03_kem_mozhno_stat;c07_kem_stat_posle_9
1198,куда поступать с биологией после 9,959,1,top,C,info,9,—,биология,—,июнь-июль,main,,c12_s_biologiej
1199,профориентация 8,959,1,top,0,info,—,—,—,—,сент-окт,main,,p01_proforientaciya
1200,специальности врачей список,958,1,assoc,E,info,—,—,—,—,flat,main,,d06_test_na_vybor_professii
1201,на кого поступить девушке список профессий,958,1,top,C,info,—,f,—,—,июнь-июль,main,,e01_professii_spisok
1202,тест на профориентацию 9 класс бесплатно,957,4,top,D,commercial,9,—,—,—,сент-окт,main,,d01_test_na_proforientaciyu;d02_test_besplatno;p01_proforientaciya;p05_prof_9_klass
1203,куда поступить на психолога после 9 класса,955,1,top,C,info,9,—,—,—,июнь-июль,main,,c01_kuda_postupat_posle_9
1204,колледжи воронежа после 9 класса список,955,1,top,C,info,9,—,—,воронеж,июнь-июль,aggregator,,g03_kolledzhi_voronezh
1205,проект профессии будущего,953,1,top,E,info,—,—,—,—,flat,main,,e04_professii_buduschego
1206,куда поступить после 9 класса на юриста,952,1,top,C,info,9,—,—,—,июнь-июль,main,,c01_kuda_postupat_posle_9
1207,самые высокооплачиваемые профессии в мире,952,1,top,E,info,—,—,—,—,flat,main,,e03_vysokooplachivaemye
1208,образовательная профориентация,952,1,top,0,info,—,—,—,—,сент-окт,main,,p01_proforientaciya
1209,куда лучше поступить после 11 класса,951,1,top,C,info,11,—,—,—,июнь-июль,main,,c02_kuda_postupat_posle_11
1210,самые востребованные профессии на ближайшие 10 лет,951,1,top,E,info,—,—,—,—,flat,main,,e02_vostrebovannye
1211,востребованные профессии 2026 для мужчин,951,1,top,E,info,—,—,—,—,flat,main,,e02_vostrebovannye
1212,написать профессию будущего,951,1,top,E,info,—,—,—,—,flat,main,,e04_professii_buduschego
1213,тест на профессию бесплатно без регистрации,949,1,top,D,commercial,—,—,—,—,сент-окт,main,,d05_test_na_professiyu
1214,помощь профориентация,948,1,top,0,info,—,—,—,—,сент-окт,main,,p01_proforientaciya
1215,самые высокооплачиваемые профессии после 9 класса,946,2,top,C,info,9,—,—,—,июнь-июль,main,,c03_professii_posle_9;e03_vysokooplachivaemye
1216,профессии после 9 класса красноярск,945,1,top,C,info,9,—,—,красноярск,июнь-июль,aggregator,,c03_professii_posle_9
1217,колледж имени пескова воронеж,945,1,top,C,info,—,—,—,воронеж,июнь-июль,aggregator,,g03_kolledzhi_voronezh
1218,колледж плеханова воронеж,942,1,top,C,info,—,—,—,воронеж,июнь-июль,aggregator,,g03_kolledzhi_voronezh
1219,тест на профориентацию без регистрации,941,3,top,D,info,—,—,—,—,сент-окт,main,,d01_test_na_proforientaciyu;p01_proforientaciya
1220,тест по профориентации для выбора,939,2,top,D,info,—,—,—,—,сент-окт,main,,d01_test_na_proforientaciyu;p01_proforientaciya
1221,центр профессии будущего щепкина,939,1,top,E,commercial,—,—,—,—,flat,main,,e04_professii_buduschego
1222,бюджетный колледж воронеж,938,1,top,C,info,—,—,—,воронеж,июнь-июль,aggregator,,g03_kolledzhi_voronezh
1223,куда можно поступить после 9 класса чита,937,1,top,C,info,9,—,—,чита,июнь-июль,aggregator,,c01_kuda_postupat_posle_9
1224,сколько лет екатерине климовой,937,1,assoc,D,info,—,—,—,—,сент-окт,main,,d09_ddo_klimova
1225,после 9 класса список профессий техникумы,936,2,top,C,info,9,—,—,—,июнь-июль,aggregator,,c03_professii_posle_9;e01_professii_spisok
1226,куда поступить с русским английским и обществознанием,931,1,top,C,info,—,—,обществознание,—,июнь-июль,main,,c10_s_obschestvoznaniem
1227,куда поступить в кургане после 9 класса,929,1,top,C,info,9,—,—,—,июнь-июль,main,,c01_kuda_postupat_posle_9
1228,куда можно поступить после 9 парню,929,1,top,C,info,9,m,—,—,июнь-июль,main,,c09_kuda_postupat_parnyu
1229,профессии связанные с будущим,929,1,top,E,info,—,—,—,—,flat,main,,e04_professii_buduschego
1230,куда поступить в липецке после 9 класса,927,1,top,C,info,9,—,—,липецк,июнь-июль,aggregator,,c01_kuda_postupat_posle_9
1231,куда поступить с егэ история обществознание русский,927,2,top,C,info,—,—,обществознание,—,июнь-июль,main,,c10_s_obschestvoznaniem;c11_s_istoriej
1232,куда поступить с русским обществом и историей,927,1,top,C,info,—,—,история,—,июнь-июль,main,,c11_s_istoriej
1233,профессии для девушек зарплата список,927,1,top,E,info,—,f,—,—,flat,main,,e01_professii_spisok
1234,какую профессию выбрать человеку,925,1,top,B,info,—,—,—,—,март-апр,main,,b01_kakuyu_professiyu_vybrat
1235,куда поступить после 9 класса в хабаровске,925,1,top,C,info,9,—,—,хабаровск,июнь-июль,aggregator,,c01_kuda_postupat_posle_9
1236,куда поступить в вологде после 9 класса,925,1,top,C,info,9,—,—,вологд,июнь-июль,aggregator,,c01_kuda_postupat_posle_9
1237,список высокооплачиваемых профессий,921,1,top,E,info,—,—,—,—,flat,main,,e01_professii_spisok
1238,9 класс куда можно поступить парню,919,3,top,C,info,9,m,—,—,июнь-июль,main,,c01_kuda_postupat_posle_9;c09_kuda_postupat_parnyu
1239,куда поступить после 9 класса в абакане,918,1,top,C,info,9,—,—,—,июнь-июль,main,,c01_kuda_postupat_posle_9
1240,куда поступать с английским и обществознанием егэ,915,1,top,C,info,—,—,обществознание,—,июнь-июль,main,,c10_s_obschestvoznaniem
1241,востребованные профессии образования,915,1,top,E,info,—,—,—,—,flat,main,,e02_vostrebovannye
1242,на кого можно пойти учиться девушке,912,1,top,B,info,—,f,—,—,март-апр,main,,b04_na_kogo_pojti_uchitsya
1243,тесты на профессию 11 класс,912,3,top,D,info,11,—,—,—,сент-окт,main,,c04_professii_posle_11;d05_test_na_professiyu
1244,профориентация является,911,1,top,0,info,—,—,—,—,сент-окт,main,,p01_proforientaciya
1245,куда поступить после 9 класса на повара,909,1,top,C,info,9,—,—,—,июнь-июль,main,,c01_kuda_postupat_posle_9
1246,куда можно поступить профессии девушка,907,1,top,C,info,—,f,—,—,июнь-июль,main,,c08_kuda_postupat_devushke
1247,куда поступить в пензе после 9 класса,904,1,top,C,info,9,—,—,пенз,июнь-июль,aggregator,,c01_kuda_postupat_posle_9
1248,куда поступать на программиста после 9 класса,901,1,top,C,info,9,—,—,—,июнь-июль,main,,c01_kuda_postupat_posle_9
1249,профориентация 2026 год,901,2,top,0,info,—,—,—,—,сент-окт,main,,p01_proforientaciya;p08_proforientaciya_2026
1250,востребованные профессии в москве,900,1,top,E,info,—,—,—,москв,flat,aggregator,,e02_vostrebovannye
1251,топ самых высокооплачиваемых профессий,900,1,top,E,info,—,—,—,—,flat,main,,e03_vysokooplachivaemye
1252,куда можно поступить с обществом и биологией,899,1,top,C,info,—,—,биология,—,июнь-июль,main,,c12_s_biologiej
1253,задачи профориентации,899,1,top,0,info,—,—,—,—,сент-окт,main,,p01_proforientaciya
1254,какие профессии востребованы и высокооплачиваемые,897,1,top,E,info,—,—,—,—,flat,main,,e02_vostrebovannye
1255,куда поступать после 9 класса в ульяновске,895,1,top,C,info,9,—,—,ульяновск,июнь-июль,aggregator,,c01_kuda_postupat_posle_9
1256,профессия сварщик после 9 класса,890,1,top,C,info,9,—,—,—,июнь-июль,main,,c03_professii_posle_9
1257,список вредных профессий для досрочной,890,1,top,E,info,—,—,—,—,flat,main,,e01_professii_spisok
1258,что такое спо в образовании,889,1,assoc,C,info,—,—,—,—,июнь-июль,main,,c10_s_obschestvoznaniem
1259,какие профессии востребованы в ближайшие 10 лет,889,1,top,E,info,—,—,—,—,flat,main,,e02_vostrebovannye
1260,темы по профориентации,889,1,top,0,info,—,—,—,—,сент-окт,main,,p01_proforientaciya
1261,профориентация где,889,1,top,0,info,—,—,—,—,сент-окт,main,,p01_proforientaciya
1262,список вредных профессий для досрочной пенсии,888,1,top,E,info,—,—,—,—,flat,main,,e01_professii_spisok
1263,куда поступить с информатикой и обществознанием,886,2,top,C,info,—,—,обществознание,—,июнь-июль,main,,c10_s_obschestvoznaniem;c13_s_informatikoj
1264,профориентация онлайн без регистрации,883,2,top,0,commercial,—,—,—,—,сент-окт,main,,p01_proforientaciya;p04_prof_online
1265,пермское речное училище,881,1,assoc,C,info,—,—,—,перм,июнь-июль,aggregator,,g02_kolledzhi_perm
1266,сколько профессии после 9 класса,880,1,top,C,info,9,—,—,—,июнь-июль,main,,c03_professii_posle_9
1267,куда поступать с литературой и историей,880,1,top,C,info,—,—,история,—,июнь-июль,main,,c11_s_istoriej
1268,санкт петербург куда поступить после 11 класса,878,1,top,C,info,11,—,—,—,июнь-июль,main,,c02_kuda_postupat_posle_11
1269,опросник ддо климова,878,1,top,D,info,—,—,—,—,сент-окт,main,,d09_ddo_klimova
1270,тест на профессию после 9 девушке,877,1,top,D,info,9,f,—,—,сент-окт,main,,d05_test_na_professiyu
1271,профессии специальности будущего,877,1,top,E,info,—,—,—,—,flat,main,,e04_professii_buduschego
1272,профессия будущего человек человек,877,1,top,E,info,—,—,—,—,flat,main,,e04_professii_buduschego
1273,профессии после 9 класса барнаул,876,1,top,C,info,9,—,—,барнаул,июнь-июль,aggregator,,c03_professii_posle_9
1274,социальная профориентации,876,1,top,0,info,—,—,—,—,сент-окт,main,,p01_proforientaciya
1275,вы поступили бы также,873,1,assoc,C,info,—,—,—,—,июнь-июль,main,,e01_professii_spisok
1276,тест на профессию после 9 класса девушке,872,2,top,D,info,9,f,—,—,сент-окт,main,,c03_professii_posle_9;d05_test_na_professiyu
1277,госслужба тестирование,870,1,assoc,D,info,—,—,—,—,сент-окт,main,,d05_test_na_professiyu
1278,какая профессия востребована через 5,870,1,top,E,info,—,—,—,—,flat,main,,e02_vostrebovannye
1279,психологическая профориентация,865,1,top,0,info,—,—,—,—,сент-окт,main,,p01_proforientaciya
1280,профориентация результаты,864,1,top,0,info,—,—,—,—,сент-окт,main,,p01_proforientaciya
1281,на кого пойти учиться в колледж,862,2,top,C,info,—,—,—,—,июнь-июль,main,,b04_na_kogo_pojti_uchitsya
1282,профессии после 9 класса кемерово,862,1,top,C,info,9,—,—,кемеров,июнь-июль,aggregator,,c03_professii_posle_9
1283,5 профориентация,862,1,top,0,info,—,—,—,—,сент-окт,main,,p01_proforientaciya
1284,профессии для девушек после 11 класса востребованные,861,2,top,C,info,11,f,—,—,июнь-июль,main,,c04_professii_posle_11;e02_vostrebovannye
1285,какая профессия подходит мне для девушек,860,1,top,B,info,—,f,—,—,март-апр,main,,b05_kakaya_professiya_podhodit
1286,список запрещенных профессий,860,1,top,E,info,—,—,—,—,flat,main,,e01_professii_spisok
1287,куда поступать с русским литературой и обществознанием,859,1,top,C,info,—,—,обществознание,—,июнь-июль,main,,c10_s_obschestvoznaniem
1288,куда поступать с химией кроме меда,859,1,top,C,info,—,—,химия,—,июнь-июль,main,,c14_s_himiej
1289,голланд профориентация,859,1,top,D,info,—,—,—,—,сент-окт,main,,p01_proforientaciya
1290,орел куда поступить после 9 класса,858,1,top,C,info,9,—,—,—,июнь-июль,main,,c01_kuda_postupat_posle_9
1291,куда поступить с биологией кроме меда,858,1,top,C,info,—,—,биология,—,июнь-июль,main,,c12_s_biologiej
1292,какую профессию выбрать девушке,857,1,top,B,info,—,f,—,—,март-апр,main,,b01_kakuyu_professiyu_vybrat
1293,самые востребованные профессии 2026 года в россии,857,1,top,E,info,—,—,—,—,flat,main,,e02_vostrebovannye
1294,профориентация для школьников 9,857,2,top,0,info,—,—,—,—,сент-окт,main,,p01_proforientaciya;p03_prof_dlya_shkolnikov
1295,какая профессия мне подходит тест для девушек,856,1,top,D,info,—,f,—,—,сент-окт,main,,b05_kakaya_professiya_podhodit
1296,куда поступить после окончания 9 класса,855,1,top,C,info,9,—,—,—,июнь-июль,main,,c01_kuda_postupat_posle_9
1297,куда поступать после 9 класса общество,850,1,top,C,info,9,—,—,—,июнь-июль,main,,c01_kuda_postupat_posle_9
1298,профориентация 4,850,1,top,0,info,—,—,—,—,сент-окт,main,,p01_proforientaciya
1299,ддо е а климова,849,1,top,D,info,—,—,—,—,сент-окт,main,,d09_ddo_klimova
1300,тест на профессию 9 класс бесплатно,847,3,top,D,commercial,9,—,—,—,сент-окт,main,,c03_professii_posle_9;d05_test_na_professiyu
1301,профессии будущего отзывы,845,1,top,E,info,—,—,—,—,flat,main,,e04_professii_buduschego
1302,вредное производство список профессий,843,1,top,E,info,—,—,—,—,flat,main,,e01_professii_spisok
1303,куда поступить после 11 класса в омске,841,1,top,C,info,11,—,—,омск,июнь-июль,aggregator,,c02_kuda_postupat_posle_11
1304,куда нужно поступать после 9 класса,839,1,top,C,info,9,—,—,—,июнь-июль,main,,c01_kuda_postupat_posle_9
1305,проект по профориентации,838,1,top,0,info,—,—,—,—,сент-окт,main,,p01_proforientaciya
1306,хочу профессию будущего,836,1,top,E,info,—,—,—,—,flat,main,,e04_professii_buduschego
1307,куда поступить после 9 девушке бесплатно,832,1,top,C,commercial,9,f,—,—,июнь-июль,main,бесплатно=бюджет (резолюция v2),c08_kuda_postupat_devushke
1308,пройти тест на профориентацию бесплатно,832,5,top,D,commercial,—,—,—,—,сент-окт,main,,d01_test_na_proforientaciyu;d02_test_besplatno;d04_projti_test;p01_proforientaciya;p06_projti_proforientaciyu
1309,куда можно поступить после 9 класса спб,827,1,top,C,info,9,—,—,спб,июнь-июль,aggregator,,c01_kuda_postupat_posle_9
1310,профориентация холланда,827,1,top,0,info,—,—,—,—,сент-окт,main,,p01_proforientaciya
1311,медицинские профессии после 9 класса,826,1,top,C,info,9,—,—,—,июнь-июль,main,,c03_professii_posle_9
1312,профориентация для школьников 9 класс,824,3,top,0,info,9,—,—,—,сент-окт,main,,p01_proforientaciya;p03_prof_dlya_shkolnikov;p05_prof_9_klass
1313,ставрополь куда поступить после 9 класса,823,1,top,C,info,9,—,—,ставропол,июнь-июль,aggregator,,c01_kuda_postupat_posle_9
1314,куда поступать с биологией русским и обществознанием,823,2,top,C,info,—,—,обществознание,—,июнь-июль,main,,c10_s_obschestvoznaniem;c12_s_biologiej
1315,какие профессии будут востребованы через 5 лет,823,1,top,E,info,—,—,—,—,flat,main,,e02_vostrebovannye
1316,профориентация в доу,823,1,top,0,info,—,—,—,—,сент-окт,main,,p01_proforientaciya
1317,какие профессии после 9 класса список,820,2,top,C,info,9,—,—,—,июнь-июль,main,,c03_professii_posle_9;e01_professii_spisok
1318,психолог профориентация,819,1,top,0,info,—,—,—,—,сент-окт,main,,p01_proforientaciya
1319,медколледж иркутск,818,1,assoc,C,info,—,—,—,иркутск,июнь-июль,aggregator,,g05_kolledzhi_irkutsk
1320,куда поступить с биологией москва,817,1,top,C,info,—,—,биология,москв,июнь-июль,aggregator,,c12_s_biologiej
1321,профессия дизайнера после 9 класса,816,1,top,C,info,9,—,—,—,июнь-июль,main,,c03_professii_posle_9
1322,работа востребованные профессии,816,1,top,E,info,—,—,—,—,flat,main,,e02_vostrebovannye
1323,профессии после 9 класса колледжи бюджет,814,1,top,C,info,9,—,—,—,июнь-июль,main,,c03_professii_posle_9
1324,высокооплачиваемые профессии после 9 класса в россии,811,1,top,C,info,9,—,—,—,июнь-июль,main,,c03_professii_posle_9
1325,куда поступить после 9 го класса,808,1,top,C,info,9,—,—,—,июнь-июль,main,,c01_kuda_postupat_posle_9
1326,учиться после 9 класса список профессий,807,2,top,C,info,9,—,—,—,июнь-июль,main,,c03_professii_posle_9;e01_professii_spisok
1327,профориентация профессии 9 класс,807,2,top,0,info,9,—,—,—,сент-окт,main,,p01_proforientaciya;p05_prof_9_klass
1328,куда поступить с базовой историей и,804,1,top,C,info,—,—,история,—,июнь-июль,main,,c11_s_istoriej
1329,обществознание после 9 класса куда поступить,803,1,top,C,info,9,—,обществознание,—,июнь-июль,main,,c01_kuda_postupat_posle_9
1330,профессии после 9 класса для девушек 2026,803,1,top,C,info,9,f,—,—,июнь-июль,main,,c03_professii_posle_9
1331,профориентация вузов,802,1,top,0,info,—,—,—,—,сент-окт,main,,p01_proforientaciya
1332,профессии после 9 класса колледжи для девушек,801,1,top,C,info,9,f,—,—,июнь-июль,main,,c03_professii_posle_9
1333,куда поступить с обществознанием русским москва,801,1,top,C,info,—,—,обществознание,москв,июнь-июль,aggregator,,c10_s_obschestvoznaniem
1334,ребенок не знает кем быть,798,1,top,A,info,—,—,—,—,сент-окт,main,,a01_rebenok_ne_znaet
1335,куда поступать после 11 класса в иркутске,798,1,top,C,info,11,—,—,иркутск,июнь-июль,aggregator,,c02_kuda_postupat_posle_11
1336,10 профессия будущего,797,1,top,E,info,—,—,—,—,flat,main,,e04_professii_buduschego
1337,куда поступить после 9 класса в астрахани,796,1,top,C,info,9,—,—,астрахан,июнь-июль,aggregator,,c01_kuda_postupat_posle_9
1338,куда можно поступить с обществознанием бюджет,796,1,top,C,info,—,—,обществознание,—,июнь-июль,main,,c10_s_obschestvoznaniem
1339,тест на профессию после 9 бесплатно,796,1,top,D,commercial,9,—,—,—,сент-окт,main,,d05_test_na_professiyu
1340,профессии высокооплачиваемые профессии востребованы в россии,796,1,top,E,info,—,—,—,—,flat,main,,e02_vostrebovannye
1341,профориентация 3,796,1,top,0,info,—,—,—,—,сент-окт,main,,p01_proforientaciya
1342,как выбрать какую профессию выбрать,795,1,top,B,info,—,—,—,—,март-апр,main,,b02_kak_vybrat_professiyu
1343,куда поступить заочно после 11 класса,792,1,top,C,info,11,—,—,—,июнь-июль,main,,c02_kuda_postupat_posle_11
1344,куда поступить после 11 класса история общество,790,1,top,C,info,11,—,история,—,июнь-июль,main,,c02_kuda_postupat_posle_11
1345,куда поступать с профильной математикой и историей,790,1,top,C,info,—,—,история,—,июнь-июль,main,,c11_s_istoriej
1346,куда поступить после 11 класса по аттестату,789,1,top,C,info,11,—,—,—,июнь-июль,main,,c02_kuda_postupat_posle_11
1347,тест какую профессию выбрать,787,1,top,D,info,—,—,—,—,сент-окт,main,,b01_kakuyu_professiyu_vybrat
1348,куда можно поступить после 9 класса томск,785,1,top,C,info,9,—,—,томск,июнь-июль,aggregator,,c01_kuda_postupat_posle_9
1349,куда поступить после 9 класса в туле,785,1,top,C,info,9,—,—,туле,июнь-июль,aggregator,,c01_kuda_postupat_posle_9
1350,профессии для поступления после 9 класса,785,1,top,C,info,9,—,—,—,июнь-июль,main,,c03_professii_posle_9
1351,техникум это какое образование считается,785,2,assoc,C,info,—,—,—,—,июнь-июль,main,,c05_postupit_v_kolledzh;c06_specialnosti_posle_9
1352,хорошая профориентация,785,1,top,0,info,—,—,—,—,сент-окт,main,,p01_proforientaciya
1353,список профессий и организаций,784,1,top,E,info,—,—,—,—,flat,main,,e01_professii_spisok
1354,какие профессии сдавать после 11 класса,782,1,top,C,info,11,—,—,—,июнь-июль,main,,c04_professii_posle_11
1355,какие профессии сейчас востребованы в россии,782,1,top,E,info,—,—,—,—,flat,main,,e02_vostrebovannye
1356,профессии более востребованные,781,1,top,E,info,—,—,—,—,flat,main,,e02_vostrebovannye
1357,куда можно поступить после 11 класса красноярск,778,1,top,C,info,11,—,—,красноярск,июнь-июль,aggregator,,c02_kuda_postupat_posle_11
1358,куда поступать с географией после 9,778,1,top,C,info,9,—,география,—,июнь-июль,main,,c16_s_geografiej
1359,эссе моя будущая профессия,778,1,top,E,info,—,—,—,—,flat,main,,e04_professii_buduschego
1360,востребованные профессии 2026 для женщин,777,1,top,E,info,—,—,—,—,flat,main,,e02_vostrebovannye
1361,куда поступить с химией москва,776,1,top,C,info,—,—,химия,москв,июнь-июль,aggregator,,c14_s_himiej
1362,профессии будущего щепкина 38,776,1,top,E,info,—,—,—,—,flat,main,,e04_professii_buduschego
1363,профориентация тесты онлайн без регистрации,774,4,top,D,commercial,—,—,—,—,сент-окт,main,,d01_test_na_proforientaciyu;d03_test_online;p01_proforientaciya;p04_prof_online
1364,профессии будущего 2026,774,1,top,E,info,—,—,—,—,flat,main,,e04_professii_buduschego
1365,куда можно поступить с егэ по физике,773,1,top,C,info,—,—,физика,—,июнь-июль,main,,c15_s_fizikoj
1366,программа профессии будущего,773,1,top,E,info,—,—,—,—,flat,main,,e04_professii_buduschego
1367,кем можно пойти работать с образованием,772,2,top,B,info,—,—,—,—,март-апр,main,,b06_kem_pojti_rabotat
1368,питер куда поступить после 11 класса,772,1,top,C,info,11,—,—,питер,июнь-июль,aggregator,,c02_kuda_postupat_posle_11
1369,кем пойти работать после колледжа,770,1,top,C,info,—,—,—,—,июнь-июль,main,,b06_kem_pojti_rabotat
1370,профориентация человек человек,770,1,top,0,info,—,—,—,—,сент-окт,main,,p01_proforientaciya
1371,рамка профориентация,769,1,top,0,info,—,—,—,—,сент-окт,main,,p01_proforientaciya
1372,куда поступить после 9 класса в калуге,767,1,top,C,info,9,—,—,калуг,июнь-июль,aggregator,,c01_kuda_postupat_posle_9
1373,куда можно поступить с профилем обществознание,767,1,top,C,info,—,—,обществознание,—,июнь-июль,main,,c10_s_obschestvoznaniem
1374,колледж это какое образование считается,766,1,assoc,C,info,—,—,—,—,июнь-июль,main,,c07_kem_stat_posle_9
1375,куда поступить с егэ история общество,765,1,top,C,info,—,—,история,—,июнь-июль,main,,c11_s_istoriej
1376,профориентация онлайн профессии,765,2,top,0,commercial,—,—,—,—,сент-окт,main,,p01_proforientaciya;p04_prof_online
1377,профориентация тест онлайн бесплатно без регистрации,764,5,top,D,commercial,—,—,—,—,сент-окт,main,,d01_test_na_proforientaciyu;d02_test_besplatno;d03_test_online;p01_proforientaciya;p04_prof_online
1378,вредная работа список профессий,763,1,top,E,info,—,—,—,—,flat,main,,e01_professii_spisok
1379,куда поступать с профилем и физикой,762,1,top,C,info,—,—,физика,—,июнь-июль,main,,c15_s_fizikoj
1380,как выбрать профессию тест,761,2,top,D,info,—,—,—,—,сент-окт,main,,b02_kak_vybrat_professiyu
1381,дифференциально диагностический опросник климова ддо,761,1,top,D,info,—,—,—,—,сент-окт,main,,d09_ddo_klimova
1382,список вредных должностей и профессий,761,1,top,E,info,—,—,—,—,flat,main,,e01_professii_spisok
1383,какие профессии нужны после 9 класса,760,1,top,C,info,9,—,—,—,июнь-июль,main,,c03_professii_posle_9
1384,профессии после 9 класса спб,759,1,top,C,info,9,—,—,спб,июнь-июль,aggregator,,c03_professii_posle_9
1385,куда поступить после 11 класса в перми,757,1,top,C,info,11,—,—,перм,июнь-июль,aggregator,,c02_kuda_postupat_posle_11
1386,топ профессий после 9 класса,755,1,top,C,info,9,—,—,—,июнь-июль,main,,c03_professii_posle_9
1387,тесты на выбор профессии 9 класс,755,5,top,D,info,9,—,—,—,сент-окт,main,,c03_professii_posle_9;d05_test_na_professiyu;d06_test_na_vybor_professii
1388,образование будущего профессии,755,1,top,E,info,—,—,—,—,flat,main,,e04_professii_buduschego
1389,40.03 01 специальность,755,1,assoc,E,info,—,—,—,—,flat,main,,e04_professii_buduschego
1390,какие специальности востребованы в 2026,755,1,assoc,E,info,—,—,—,—,flat,main,,e04_professii_buduschego
1391,куда поступить на автомеханика после 9 класса,752,1,top,C,info,9,—,—,—,июнь-июль,main,,c01_kuda_postupat_posle_9
1392,куда поступить после 9 класса в сыктывкаре,751,1,top,C,info,9,—,—,—,июнь-июль,main,,c01_kuda_postupat_posle_9
1393,куда можно поступить с английским и историей,751,1,top,C,info,—,—,история,—,июнь-июль,main,,c11_s_istoriej
1394,куда можно поступить с биологией и географией,751,2,top,C,info,—,—,биология,—,июнь-июль,main,,c12_s_biologiej;c16_s_geografiej
1395,киров куда можно поступить после 9 класса,750,1,top,C,info,9,—,—,киров,июнь-июль,aggregator,,c01_kuda_postupat_posle_9
1396,профориентация 9 класс онлайн,749,3,top,0,commercial,9,—,—,—,сент-окт,main,,p01_proforientaciya;p04_prof_online;p05_prof_9_klass
1397,профориентация 8 класс,748,1,top,0,info,8,—,—,—,сент-окт,main,,p01_proforientaciya
1398,куда можно поступить девушке бесплатно,746,1,top,C,commercial,—,f,—,—,июнь-июль,main,бесплатно=бюджет (резолюция v2),c08_kuda_postupat_devushke
1399,гиктест пройти тестирование,746,2,assoc,D,commercial,—,—,—,—,сент-окт,main,,d01_test_na_proforientaciyu;d05_test_na_professiyu
1400,самые востребованные профессии после 9,746,1,top,C,info,9,—,—,—,июнь-июль,main,,e02_vostrebovannye
1401,востребованные гуманитарные профессии,746,1,top,E,info,—,—,—,—,flat,main,,e02_vostrebovannye
1402,профессия будущего 5,745,1,top,E,info,—,—,—,—,flat,main,,e04_professii_buduschego
1403,онлайн тесты на выбор профессии,744,2,top,D,commercial,—,—,—,—,сент-окт,main,,d05_test_na_professiyu;d06_test_na_vybor_professii
1404,какие профессии востребованные на 10 лет,744,1,top,E,info,—,—,—,—,flat,main,,e02_vostrebovannye
1405,самые востребованные профессии для девушек,739,1,top,E,info,—,f,—,—,flat,main,,e02_vostrebovannye
1406,профессии будущего 9 класс,738,1,top,C,info,9,—,—,—,июнь-июль,main,,e04_professii_buduschego
1407,вузы куда можно поступить с биологией,737,1,top,C,info,—,—,биология,—,июнь-июль,main,,c12_s_biologiej
1408,список 2 вредных профессий для досрочной,737,1,top,E,info,—,—,—,—,flat,main,,e01_professii_spisok
1409,кем можно стать в будущем профессия,736,2,top,B,info,—,—,—,—,март-апр,main,,b03_kem_mozhno_stat;e04_professii_buduschego
1410,профессии куда можно пойти после 9 класса,736,1,top,C,info,9,—,—,—,июнь-июль,main,,c03_professii_posle_9
1411,образование профессии список,736,1,top,E,info,—,—,—,—,flat,main,,e01_professii_spisok
1412,список 2 вредных профессий для досрочной пенсии,735,1,top,E,info,—,—,—,—,flat,main,,e01_professii_spisok
1413,реализации единой модели профориентации,735,1,top,0,info,—,—,—,—,сент-окт,main,,p01_proforientaciya
1414,профессия будущего центр щепкина 38,734,1,top,E,commercial,—,—,—,—,flat,main,,e04_professii_buduschego
1415,профессия повар после 9 класса,733,1,top,C,info,9,—,—,—,июнь-июль,main,,c03_professii_posle_9
1416,10 самых востребованных профессий в россии,732,1,top,E,info,—,—,—,—,flat,main,,e02_vostrebovannye
1417,самара куда можно поступить после 9 класса,731,1,top,C,info,9,—,—,самар,июнь-июль,aggregator,,c01_kuda_postupat_posle_9
1418,после 9 классов куда можно поступить брянск,729,1,top,C,info,9,—,—,брянск,июнь-июль,aggregator,,c01_kuda_postupat_posle_9
1419,профориентация 10,729,1,top,0,info,—,—,—,—,сент-окт,main,,p01_proforientaciya
1420,на кого можно пойти учиться после 11,727,1,top,C,info,11,—,—,—,июнь-июль,main,,b04_na_kogo_pojti_uchitsya
1421,профессии нужные в будущем,723,1,top,E,info,—,—,—,—,flat,main,,e04_professii_buduschego
1422,профессии после 9 класса онлайн,720,1,top,C,info,9,—,—,—,июнь-июль,main,,c03_professii_posle_9
1423,пройти тест климова,719,2,top,D,commercial,—,—,—,—,сент-окт,main,,d08_test_klimova
1424,профориентация педагога,719,1,top,0,info,—,—,—,—,сент-окт,main,,p01_proforientaciya
1425,амур тест,718,1,assoc,D,info,—,—,—,—,сент-окт,main,,d08_test_klimova
1426,опросники ддо е а климова,718,1,top,D,info,—,—,—,—,сент-окт,main,,d09_ddo_klimova
1427,куда поступить после 11 класса в самаре,717,1,top,C,info,11,—,—,самар,июнь-июль,aggregator,,c02_kuda_postupat_posle_11
1428,возможности профориентации,716,1,top,0,info,—,—,—,—,сент-окт,main,,p01_proforientaciya
1429,хорошие профессии после 11 класса для девушек,713,1,top,C,info,11,f,—,—,июнь-июль,main,,c04_professii_posle_11
1430,опросник профориентация,713,1,top,D,info,—,—,—,—,сент-окт,main,,p01_proforientaciya
1431,современная профориентация,713,1,top,0,info,—,—,—,—,сент-окт,main,,p01_proforientaciya
1432,тест климова онлайн,711,2,top,D,commercial,—,—,—,—,сент-окт,main,,d08_test_klimova
1433,коммуникации профессии будущее,711,1,top,E,info,—,—,—,—,flat,main,,e04_professii_buduschego
1434,профессии после 9 класса география,710,1,top,C,info,9,—,география,—,июнь-июль,main,,c03_professii_posle_9
1435,список профессий в колледжах после 9,710,1,top,C,info,9,—,—,—,июнь-июль,aggregator,,e01_professii_spisok
1436,куда поступить учиться после 11 класса,709,1,top,C,info,11,—,—,—,июнь-июль,main,,c02_kuda_postupat_posle_11
1437,10 профессий после 9 класса,709,1,top,C,info,9,—,—,—,июнь-июль,main,,c03_professii_posle_9
1438,казань куда поступить с обществознанием,708,1,top,C,info,—,—,обществознание,казан,июнь-июль,aggregator,,c10_s_obschestvoznaniem
1439,список профессий на досрочную,708,1,top,E,info,—,—,—,—,flat,main,,e01_professii_spisok
1440,профессии будущего ул щепкина,708,1,top,E,info,—,—,—,—,flat,main,,e04_professii_buduschego
1441,куда можно поступить список профессий,706,1,top,C,info,—,—,—,—,июнь-июль,main,,e01_professii_spisok
1442,социальные профессии будущего,706,1,top,E,info,—,—,—,—,flat,main,,e04_professii_buduschego
1443,как выбрать профессию по душе,705,1,top,B,info,—,—,—,—,март-апр,main,,b02_kak_vybrat_professiyu
1444,профессии после 9 класса новокузнецк,705,1,top,C,info,9,—,—,—,июнь-июль,main,,c03_professii_posle_9
1445,тест на профориентацию голланда,704,3,top,D,info,—,—,—,—,сент-окт,main,,d01_test_na_proforientaciyu;d07_test_gollanda;p01_proforientaciya
1446,какую рабочую профессию выбрать,703,1,top,B,info,—,—,—,—,март-апр,main,,b01_kakuyu_professiyu_vybrat
1447,самые востребованные профессии после 9 класса,703,1,top,C,info,9,—,—,—,июнь-июль,main,,c03_professii_posle_9
1448,куда можно поступить с обществознанием москва,703,1,top,C,info,—,—,обществознание,москв,июнь-июль,aggregator,,c10_s_obschestvoznaniem
1449,куда поступить в вуз с обществознанием,700,1,top,C,info,—,—,обществознание,—,июнь-июль,main,,c10_s_obschestvoznaniem
1450,пенсия льготная список профессий 2,700,1,top,E,info,—,—,—,—,flat,main,,e01_professii_spisok
1451,центр профессии будущего ул щепкина,700,1,top,E,commercial,—,—,—,—,flat,main,,e04_professii_buduschego
1452,куда поступить после 9 класса в саранске,699,1,top,C,info,9,—,—,—,июнь-июль,main,,c01_kuda_postupat_posle_9
1453,список должностей рабочих профессий,699,1,top,E,info,—,—,—,—,flat,main,,e01_professii_spisok
1454,тест на профессию для подростков,697,1,top,D,info,—,—,—,—,сент-окт,main,,d05_test_na_professiyu
1455,список 1 профессий для досрочной пенсии,696,1,top,E,info,—,—,—,—,flat,main,,e01_professii_spisok
1456,дифференциально диагностический опросник е а климова ддо,695,1,top,D,info,—,—,—,—,сент-окт,main,,d09_ddo_klimova
1457,список профессий вредные условия,693,1,top,E,info,—,—,—,—,flat,main,,e01_professii_spisok
1458,профессии будущего щепкина 38 стр 1,693,1,top,E,info,—,—,—,—,flat,main,,e04_professii_buduschego
1459,списки работников и профессий,692,1,top,E,info,—,—,—,—,flat,main,,e01_professii_spisok
1460,куда поступить в саратове после 11 класса,691,1,top,C,info,11,—,—,саратов,июнь-июль,aggregator,,c02_kuda_postupat_posle_11
1461,профессии после 11 класса для девушек высокооплачиваемая,690,1,top,C,info,11,f,—,—,июнь-июль,main,,c04_professii_posle_11
1462,куда поступить с географией обществознанием и русским,690,2,top,C,info,—,—,обществознание,—,июнь-июль,main,,c10_s_obschestvoznaniem;c16_s_geografiej
1463,как выбрать профессию после 9,689,1,top,C,info,9,—,—,—,июнь-июль,main,,b02_kak_vybrat_professiyu
1464,куда поступить с историей и русским языком,689,1,top,C,info,—,—,история,—,июнь-июль,main,,c11_s_istoriej
1465,профориентация 2025 2026,689,2,top,0,info,—,—,—,—,сент-окт,main,,p01_proforientaciya;p08_proforientaciya_2026
1466,список запрещенных для женщин профессий,687,1,top,E,info,—,—,—,—,flat,main,,e01_professii_spisok
1467,профессии будущего официальный сайт,687,1,top,E,info,—,—,—,—,flat,main,,e04_professii_buduschego
1468,детская профориентация,687,1,top,0,info,—,—,—,—,сент-окт,main,,p01_proforientaciya
1469,куда лучше поступить девушке,686,1,top,C,info,—,f,—,—,июнь-июль,main,,c08_kuda_postupat_devushke
1470,список профессий специальностей и должностей,685,1,top,E,info,—,—,—,—,flat,main,,e01_professii_spisok
1471,кем пойти работать после 9,684,1,top,C,info,9,—,—,—,июнь-июль,main,,b06_kem_pojti_rabotat
1472,получить профессию после 11 класса,684,1,top,C,info,11,—,—,—,июнь-июль,main,,c04_professii_posle_11
1473,какая самая высокооплачиваемая профессия в россии,684,1,top,E,info,—,—,—,—,flat,main,,e03_vysokooplachivaemye
1474,щепкина 38 стр 1 центр профессии будущего,683,1,top,E,commercial,—,—,—,—,flat,main,,e04_professii_buduschego
1475,куда можно поступить после 9 класса волгоград,681,1,top,C,info,9,—,—,волгоград,июнь-июль,aggregator,,c01_kuda_postupat_posle_9
1476,новосибирск куда можно поступить после 11 класса,681,1,top,C,info,11,—,—,новосибирск,июнь-июль,aggregator,,c02_kuda_postupat_posle_11
1477,формирование профориентации,681,1,top,0,info,—,—,—,—,сент-окт,main,,p01_proforientaciya
1478,профориентация 2025 год,680,1,top,0,info,—,—,—,—,сент-окт,main,,p01_proforientaciya
1479,какие профессии после 9 класса для мальчиков,678,1,top,C,info,9,m,—,—,июнь-июль,main,,c03_professii_posle_9
1480,профессия будущего москва сайт,678,1,top,E,info,—,—,—,москв,flat,aggregator,,e04_professii_buduschego
1481,центр профессия будущего сайт,676,1,top,E,commercial,—,—,—,—,flat,main,,e04_professii_buduschego
1482,тест на профориентацию 2026,675,3,top,D,info,—,—,—,—,сент-окт,main,,d01_test_na_proforientaciyu;p01_proforientaciya;p08_proforientaciya_2026
1483,профессия тест на выбор профессии онлайн бесплатно,675,2,top,D,commercial,—,—,—,—,сент-окт,main,,d05_test_na_professiyu;d06_test_na_vybor_professii
1484,условия труда и списки профессий,675,1,top,E,info,—,—,—,—,flat,main,,e01_professii_spisok
1485,сферы профессий будущего,675,1,top,E,info,—,—,—,—,flat,main,,e04_professii_buduschego
1486,4 профессии будущего,673,1,top,E,info,—,—,—,—,flat,main,,e04_professii_buduschego
1487,где учиться профессиям будущего,672,1,top,E,info,—,—,—,—,flat,main,,e04_professii_buduschego
1488,профориентация отзывы,671,1,top,0,info,—,—,—,—,сент-окт,main,,p01_proforientaciya
1489,профессии которые можно поступить после 9 класса,670,1,top,C,info,9,—,—,—,июнь-июль,main,,c03_professii_posle_9
1490,список профессий после 9 и зарплаты,670,1,top,C,info,9,—,—,—,июнь-июль,main,,e01_professii_spisok
1491,куда можно поступить девушке список,669,1,top,C,info,—,f,—,—,июнь-июль,main,,c08_kuda_postupat_devushke
1492,куда можно поступить с предметом биологии,669,1,top,C,info,—,—,биология,—,июнь-июль,main,,c12_s_biologiej
1493,интересные профессии после 9 класса,666,1,top,C,info,9,—,—,—,июнь-июль,main,,c03_professii_posle_9
1494,женские профессии после 9 класса,666,1,top,C,info,9,f,—,—,июнь-июль,main,,c03_professii_posle_9
1495,профессии после 9 класса список и зарплата,664,2,top,C,info,9,—,—,—,июнь-июль,main,,c03_professii_posle_9;e01_professii_spisok
1496,список льготных профессий для досрочной пенсии,664,1,top,E,info,—,—,—,—,flat,main,,e01_professii_spisok
1497,результаты теста на профессию,663,2,top,D,info,—,—,—,—,сент-окт,main,,d05_test_na_professiyu
1498,самые высокооплачиваемые профессии в россии для девушек,661,1,top,E,info,—,f,—,—,flat,main,,e03_vysokooplachivaemye
1499,пройти тест на профориентацию бесплатно онлайн,660,7,top,D,commercial,—,—,—,—,сент-окт,main,,d01_test_na_proforientaciyu;d02_test_besplatno;d03_test_online;d04_projti_test;p01_proforientaciya;p04_prof_online;p06_projti_proforientaciyu
1500,рабочие профессии после 9 класса,658,1,top,C,info,9,—,—,—,июнь-июль,main,,c03_professii_posle_9
1501,востребованные профессии в россии после 9 класса,658,1,top,C,info,9,—,—,—,июнь-июль,main,,c03_professii_posle_9
1502,выборы профессии после 9 класса тест,658,1,top,D,info,9,—,—,—,сент-окт,main,,c03_professii_posle_9
1503,что такое факультет в колледже,658,2,assoc,C,info,—,—,—,—,июнь-июль,main,,c11_s_istoriej;c15_s_fizikoj
1504,какую профессию выбрать ребенку,656,1,top,B,info,—,—,—,—,март-апр,main,,b01_kakuyu_professiyu_vybrat
1505,куда поступить после 11 класса в краснодаре,656,1,top,C,info,11,—,—,краснодар,июнь-июль,aggregator,,c02_kuda_postupat_posle_11
1506,куда поступить после 9 класса санкт петербург,655,1,top,C,info,9,—,—,—,июнь-июль,main,,c01_kuda_postupat_posle_9
1507,что такое профориентация,655,3,assoc,0,info,—,—,—,—,сент-окт,main,,d01_test_na_proforientaciyu;d06_test_na_vybor_professii;p05_prof_9_klass
1508,диагностика профориентации,655,1,top,0,info,—,—,—,—,сент-окт,main,,p01_proforientaciya
1509,профориентация 6,654,1,top,0,info,—,—,—,—,сент-окт,main,,p01_proforientaciya
1510,профориентация школьников онлайн,652,3,top,0,commercial,—,—,—,—,сент-окт,main,,p01_proforientaciya;p03_prof_dlya_shkolnikov;p04_prof_online
1511,ваша будущая профессия,651,1,top,E,info,—,—,—,—,flat,main,,e04_professii_buduschego
1512,профориентации учащихся,648,1,top,0,info,—,—,—,—,сент-окт,main,,p01_proforientaciya
1513,куда можно поступить после 9 класса специальности,647,1,top,C,info,9,—,—,—,июнь-июль,main,,c01_kuda_postupat_posle_9
1514,самые высокооплачиваемые профессии в москве,646,1,top,E,info,—,—,—,москв,flat,aggregator,,e03_vysokooplachivaemye
1515,куда поступить в калининграде после 9 класса,644,1,top,C,info,9,—,—,калининград,июнь-июль,aggregator,,c01_kuda_postupat_posle_9
1516,профориентация 7,644,1,top,0,info,—,—,—,—,сент-окт,main,,p01_proforientaciya
1517,на кого пойти учиться в 2026,643,1,top,B,info,—,—,—,—,март-апр,main,,b04_na_kogo_pojti_uchitsya
1518,кем пойти работать девушке,643,1,top,B,info,—,f,—,—,март-апр,main,,b06_kem_pojti_rabotat
1519,день профориентации,642,1,top,0,info,—,—,—,—,сент-окт,main,,p01_proforientaciya
1520,правоохранительная деятельность профессии после 9 класса,641,1,top,C,info,9,—,—,—,июнь-июль,main,,c03_professii_posle_9
1521,тестирование на профориентацию,641,3,top,D,info,—,—,—,—,сент-окт,main,,d05_test_na_professiyu;d06_test_na_vybor_professii;p01_proforientaciya
1522,центр профессия будущего официальный,641,1,top,E,commercial,—,—,—,—,flat,main,,e04_professii_buduschego
1523,куда поступить после 9 класса в рязани,640,1,top,C,info,9,—,—,рязан,июнь-июль,aggregator,,c01_kuda_postupat_posle_9
1524,куда поступить после 11 класса мальчику,640,1,top,C,info,11,m,—,—,июнь-июль,main,,c02_kuda_postupat_posle_11
1525,куда поступить после 11 класса специальность,640,1,top,C,info,11,—,—,—,июнь-июль,main,,c02_kuda_postupat_posle_11
1526,профессии после 9 класса с 3,640,1,top,C,info,9,—,—,—,июнь-июль,main,,c03_professii_posle_9
1527,тест холланда на профориентацию,640,3,top,D,info,—,—,—,—,сент-окт,main,,d01_test_na_proforientaciyu;d07_test_gollanda;p01_proforientaciya
1528,модуль профориентация,640,1,top,0,info,—,—,—,—,сент-окт,main,,p01_proforientaciya
1529,куда поступить без огэ после 9 класса,639,1,top,C,info,9,—,—,—,июнь-июль,main,,c01_kuda_postupat_posle_9
1530,аим тест,639,2,assoc,D,info,—,—,—,—,сент-окт,main,,d08_test_klimova
1531,список профессий 10,639,1,top,E,info,—,—,—,—,flat,main,,e01_professii_spisok
1532,центр профессий будущего москва сайт,637,1,top,E,commercial,—,—,—,москв,flat,aggregator,,e04_professii_buduschego
1533,профессия будущего технология,636,1,top,E,info,—,—,—,—,flat,main,,e04_professii_buduschego
1534,провели профориентацию,634,1,top,0,info,—,—,—,—,сент-окт,main,,p01_proforientaciya
1535,профориентация классный,633,1,top,0,info,—,—,—,—,сент-окт,main,,p01_proforientaciya
1536,кем можно пойти работать после колледжа,630,1,top,C,info,—,—,—,—,июнь-июль,main,,b06_kem_pojti_rabotat
1537,куда поступить после 9 класса в петрозаводске,630,1,top,C,info,9,—,—,—,июнь-июль,main,,c01_kuda_postupat_posle_9
1538,конкурс профессия будущего,630,1,top,E,info,—,—,—,—,flat,main,,e04_professii_buduschego
1539,школьников профессии будущего,630,1,top,E,info,—,—,—,—,flat,main,,e04_professii_buduschego
1540,варианты профориентации,630,1,top,0,info,—,—,—,—,сент-окт,main,,p01_proforientaciya
1541,профориентация занятости,625,1,top,0,info,—,—,—,—,сент-окт,main,,p01_proforientaciya
1542,льготные профессии список 1,624,1,top,E,info,—,—,—,—,flat,main,,e01_professii_spisok
1543,родителям профориентация,624,1,top,A,info,—,—,—,—,сент-окт,main,,p01_proforientaciya
1544,воспитание профориентации,623,1,top,0,info,—,—,—,—,сент-окт,main,,p01_proforientaciya
1545,куда поступить после 11 класса в волгограде,621,1,top,C,info,11,—,—,волгоград,июнь-июль,aggregator,,c02_kuda_postupat_posle_11
1546,на какую профессию лучше учиться,621,1,assoc,B,info,—,—,—,—,март-апр,main,,c06_specialnosti_posle_9
1547,список профессий и должностей работников,619,1,top,E,info,—,—,—,—,flat,main,,e01_professii_spisok
1548,куда поступить после 9 класса владивосток,618,1,top,C,info,9,—,—,владивосток,июнь-июль,aggregator,,c01_kuda_postupat_posle_9
1549,профессии после 9 класса биология,618,1,top,C,info,9,—,биология,—,июнь-июль,main,,c03_professii_posle_9
1550,куда поступить с егэ биология и обществознание,618,1,top,C,info,—,—,обществознание,—,июнь-июль,main,,c12_s_biologiej
1551,профессии будущего москва центр официальный,618,1,top,E,commercial,—,—,—,москв,flat,aggregator,,e04_professii_buduschego
1552,куда поступить с физикой и математикой профиль,617,1,top,C,info,—,—,физика,—,июнь-июль,main,,c15_s_fizikoj
1553,как выбрать профессию 9 класс,616,3,top,C,info,9,—,—,—,июнь-июль,main,,b02_kak_vybrat_professiyu;c03_professii_posle_9
1554,куда поступить после 11 класса в барнауле,616,1,top,C,info,11,—,—,барнаул,июнь-июль,aggregator,,c02_kuda_postupat_posle_11
1555,как человек выбирает профессию,615,1,top,B,info,—,—,—,—,март-апр,main,,b02_kak_vybrat_professiyu
1556,куда поступить в смоленске после 9 класса,615,1,top,C,info,9,—,—,смоленск,июнь-июль,aggregator,,c01_kuda_postupat_posle_9
1557,профориентация новое,615,1,top,0,info,—,—,—,—,сент-окт,main,,p01_proforientaciya
1558,начальная профориентация,615,1,top,0,info,—,—,—,—,сент-окт,main,,p01_proforientaciya
1559,профессии рф список,614,1,top,E,info,—,—,—,—,flat,main,,e01_professii_spisok
1560,получи профессию будущего,613,1,top,E,info,—,—,—,—,flat,main,,e04_professii_buduschego
1561,атлас профессий будущего,613,1,top,E,nav,—,—,—,—,flat,main,,e04_professii_buduschego
1562,учебные заведения после 9 класса профессии,611,1,top,C,info,9,—,—,—,июнь-июль,main,,c03_professii_posle_9
1563,куда можно поступить с географией и обществом,610,1,top,C,info,—,—,география,—,июнь-июль,main,,c16_s_geografiej
1564,возраст профориентации,610,1,top,0,info,—,—,—,—,сент-окт,main,,p01_proforientaciya
1565,список 1 вредных профессий,609,1,top,E,info,—,—,—,—,flat,main,,e01_professii_spisok
1566,куда поступать во владимире после 9 класса,607,1,top,C,info,9,—,—,владимир,июнь-июль,aggregator,,c01_kuda_postupat_posle_9
1567,твоя будущая профессия,607,1,top,E,info,—,—,—,—,flat,main,,e04_professii_buduschego
1568,какую 2 профессию выбрать,606,1,top,B,info,—,—,—,—,март-апр,main,,b01_kakuyu_professiyu_vybrat
1569,легкие профессии после 9 класса,606,1,top,C,info,9,—,—,—,июнь-июль,main,,c03_professii_posle_9
1570,профессии после 9 класса в москве,605,1,top,C,info,9,—,—,москв,июнь-июль,aggregator,,c03_professii_posle_9
1571,профессии человек человек список профессий,605,1,top,E,info,—,—,—,—,flat,main,,e01_professii_spisok
1572,профориентация тест бесплатный для 9,605,1,top,D,commercial,—,—,—,—,сент-окт,main,,p01_proforientaciya
1573,на кого лучше пойти учиться после 9,602,1,top,C,info,9,—,—,—,июнь-июль,main,,b04_na_kogo_pojti_uchitsya
1574,какая профессия подходит львам,602,1,assoc,B,info,—,—,—,—,март-апр,main,,p06_projti_proforientaciyu
1575,куда поступать после 9 класса в тамбове,601,1,top,C,info,9,—,—,—,июнь-июль,main,,c01_kuda_postupat_posle_9
1576,профессии в новосибирске после 9 класса,600,1,top,C,info,9,—,—,новосибирск,июнь-июль,aggregator,,c03_professii_posle_9
1577,профессии после 9 класса в омске,599,1,top,C,info,9,—,—,омск,июнь-июль,aggregator,,c03_professii_posle_9
1578,заочные профессии после 9 класса,599,1,top,C,info,9,—,—,—,июнь-июль,main,,c03_professii_posle_9
1579,абакан куда можно поступить после 9 класса,598,1,top,C,info,9,—,—,—,июнь-июль,main,,c01_kuda_postupat_posle_9
1580,куда поступать с английским и информатикой,596,1,top,C,info,—,—,информатика,—,июнь-июль,main,,c13_s_informatikoj
1581,куда поступать с физикой и информатикой,595,2,top,C,info,—,—,информатика,—,июнь-июль,main,,c13_s_informatikoj;c15_s_fizikoj
1582,помогающие профессии будущего,595,1,top,E,info,—,—,—,—,flat,main,,e04_professii_buduschego
1583,куда поступить в благовещенске после 9 класса,594,1,top,C,info,9,—,—,—,июнь-июль,main,,c01_kuda_postupat_posle_9
1584,востребованные профессии будущего в россии,594,1,top,E,info,—,—,—,—,flat,main,,e04_professii_buduschego
1585,центр профессии будущего ул щепкина 38,593,1,top,E,commercial,—,—,—,—,flat,main,,e04_professii_buduschego
1586,куда поступить после 11 класса в ростове,591,1,top,C,info,11,—,—,ростов,июнь-июль,aggregator,,c02_kuda_postupat_posle_11
1587,иркутское суворовское училище,591,1,assoc,C,info,—,—,—,иркутск,июнь-июль,aggregator,,g05_kolledzhi_irkutsk
1588,куда поступить девочке после 11 класса,589,1,top,C,info,11,f,—,—,июнь-июль,main,,c02_kuda_postupat_posle_11
1589,профессия будущего москва официальный сайт,589,1,top,E,info,—,—,—,москв,flat,aggregator,,e04_professii_buduschego
1590,куда можно поступить с обществознанием и информатикой,588,1,top,C,info,—,—,обществознание,—,июнь-июль,main,,c13_s_informatikoj
1591,профессии после 9 класса математика,587,1,top,C,info,9,—,математика,—,июнь-июль,main,,c03_professii_posle_9
1592,перспективные профессии после 9 класса,587,1,top,C,info,9,—,—,—,июнь-июль,main,,c03_professii_posle_9
1593,список вредности профессий,585,1,top,E,info,—,—,—,—,flat,main,,e01_professii_spisok
1594,педагогическая профориентация,584,1,top,0,info,—,—,—,—,сент-окт,main,,p01_proforientaciya
1595,профориентация названия,584,1,top,0,info,—,—,—,—,сент-окт,main,,p01_proforientaciya
1596,не знаю куда поступать после 9 класса,583,1,top,C,info,9,—,—,—,июнь-июль,main,,c01_kuda_postupat_posle_9
1597,на кого пойти учиться список,581,1,top,B,info,—,—,—,—,март-апр,main,,b04_na_kogo_pojti_uchitsya
1598,тест на профессию бесплатно с результатом,581,1,top,D,commercial,—,—,—,—,сент-окт,main,,d05_test_na_professiyu
1599,профориентация какие вопросы,581,1,top,0,info,—,—,—,—,сент-окт,main,,p01_proforientaciya
1600,куда поступить работать после 9 класса,578,1,top,C,info,9,—,—,—,июнь-июль,main,,c01_kuda_postupat_posle_9
1601,профориентация практика,578,1,top,0,info,—,—,—,—,сент-окт,main,,p01_proforientaciya
1602,куда поступить после 9 класса в новокузнецке,577,1,top,C,info,9,—,—,—,июнь-июль,main,,c01_kuda_postupat_posle_9
1603,как выбрать профессию ребенку,576,1,top,B,info,—,—,—,—,март-апр,main,,b02_kak_vybrat_professiyu
1604,куда поступать с историей и географией,576,2,top,C,info,—,—,история,—,июнь-июль,main,,c11_s_istoriej;c16_s_geografiej
1605,климов профориентация онлайн,576,2,top,D,commercial,—,—,—,—,сент-окт,main,,p01_proforientaciya;p04_prof_online
1606,список работ производств профессий должностей специальностей,575,1,top,E,info,—,—,—,—,flat,main,,e01_professii_spisok
1607,профессии после 9 класса в нижнем,572,1,top,C,info,9,—,—,—,июнь-июль,main,,c03_professii_posle_9
1608,какую выбрать профессию после 11,571,1,top,C,info,11,—,—,—,июнь-июль,main,,b01_kakuyu_professiyu_vybrat
1609,профессии после 9 класса волгоград,571,1,top,C,info,9,—,—,волгоград,июнь-июль,aggregator,,c03_professii_posle_9
1610,куда можно поступить после 9 класса пенза,570,1,top,C,info,9,—,—,пенз,июнь-июль,aggregator,,c01_kuda_postupat_posle_9
1611,лучшие профессии для девушек список,570,1,top,E,info,—,f,—,—,flat,main,,e01_professii_spisok
1612,центр профессии будущего официальный сайт,570,1,top,E,commercial,—,—,—,—,flat,main,,e04_professii_buduschego
1613,куда поступать на геодезиста после 9 класса,569,1,top,C,info,9,—,—,—,июнь-июль,main,,c01_kuda_postupat_posle_9
1614,куда поступить с информатикой после 9,569,1,top,C,info,9,—,информатика,—,июнь-июль,main,,c13_s_informatikoj
1615,куда поступить после 9 класса челны,568,1,top,C,info,9,—,—,—,июнь-июль,main,,c01_kuda_postupat_posle_9
1616,список самых профессий,566,1,top,E,info,—,—,—,—,flat,main,,e01_professii_spisok
1617,список профессий связанных,566,1,top,E,info,—,—,—,—,flat,main,,e01_professii_spisok
1618,какие есть профессии список,566,1,top,E,info,—,—,—,—,flat,main,,e01_professii_spisok
1619,список профессий с вредными условиями труда,565,1,top,E,info,—,—,—,—,flat,main,,e01_professii_spisok
1620,ульяновск куда можно поступить после 9 класса,564,1,top,C,info,9,—,—,ульяновск,июнь-июль,aggregator,,c01_kuda_postupat_posle_9
1621,куда поступить после 9 класса очно,561,1,top,C,info,9,—,—,—,июнь-июль,main,,c01_kuda_postupat_posle_9
1622,профессии в новгороде после 9 класса,561,1,top,C,info,9,—,—,—,июнь-июль,main,,c03_professii_posle_9
1623,куда пойти после 11 класса профессии,560,1,top,C,info,11,—,—,—,июнь-июль,main,,c04_professii_posle_11
1624,списки профессии в дали,560,1,top,E,info,—,—,—,—,flat,main,,e01_professii_spisok
1625,куда поступить в уфе после 11 класса,559,1,top,C,info,11,—,—,уфе,июнь-июль,aggregator,,c02_kuda_postupat_posle_11
1626,куда поступить омск девушке,558,1,top,C,info,—,f,—,омск,июнь-июль,aggregator,,c08_kuda_postupat_devushke
1627,куда поступить с информатикой москва,558,1,top,C,info,—,—,информатика,москв,июнь-июль,aggregator,,c13_s_informatikoj
1628,работа россии профориентация,558,1,top,0,info,—,—,—,—,сент-окт,main,,p01_proforientaciya
1629,куда можно поступить после 9 класса техникум,556,1,top,C,info,9,—,—,—,июнь-июль,main,,c01_kuda_postupat_posle_9
1630,куда поступить после 9 класса на логиста,556,1,top,C,info,9,—,—,—,июнь-июль,main,,c01_kuda_postupat_posle_9
1631,профориентация что это,556,1,assoc,0,info,—,—,—,—,сент-окт,main,,d06_test_na_vybor_professii
1632,куда поступить после 11 класса челябинск,553,1,top,C,info,11,—,—,челябинск,июнь-июль,aggregator,,c02_kuda_postupat_posle_11
1633,профессии после 9 класса средний балл,553,1,top,C,info,9,—,—,—,июнь-июль,main,,c03_professii_posle_9
1634,самые высокооплачиваемые профессии для женщин,553,1,top,E,info,—,—,—,—,flat,main,,e03_vysokooplachivaemye
1635,специальности после 9 класса список профессий,552,2,top,C,info,9,—,—,—,июнь-июль,main,,c03_professii_posle_9;e01_professii_spisok
1636,вектор профориентация,552,1,top,0,info,—,—,—,—,сент-окт,main,,p01_proforientaciya
1637,вопросы как выбрать профессию,551,1,top,B,info,—,—,—,—,март-апр,main,,b02_kak_vybrat_professiyu
1638,куда поступать после 9 класса английский,550,1,top,C,info,9,—,английский,—,июнь-июль,main,,c01_kuda_postupat_posle_9
1639,медицинский куда поступать после 11 класса,550,1,top,C,info,11,—,—,—,июнь-июль,main,,c02_kuda_postupat_posle_11
1640,центр профессии будущего москва официальный сайт,550,1,top,E,commercial,—,—,—,москв,flat,aggregator,,e04_professii_buduschego
1641,профессия для мужчин после 9 класса,549,1,top,C,info,9,—,—,—,июнь-июль,main,,c03_professii_posle_9
1642,профессии в краснодаре после 9 класса,549,1,top,C,info,9,—,—,краснодар,июнь-июль,aggregator,,c03_professii_posle_9
1643,тесты профориентации онлайн тесты на профессию,548,5,top,D,commercial,—,—,—,—,сент-окт,main,,d01_test_na_proforientaciyu;d03_test_online;d05_test_na_professiyu;p01_proforientaciya;p04_prof_online
1644,профориентация уровни,548,1,top,0,info,—,—,—,—,сент-окт,main,,p01_proforientaciya
1645,тест на профориентацию 11,546,3,top,D,info,—,—,—,—,сент-окт,main,,d01_test_na_proforientaciyu;p01_proforientaciya
1646,список 2 льготных профессий для досрочной,546,1,top,E,info,—,—,—,—,flat,main,,e01_professii_spisok
1647,список 2 льготных профессий для досрочной пенсии,546,1,top,E,info,—,—,—,—,flat,main,,e01_professii_spisok
1648,смешарики профессии будущего,546,1,top,E,info,—,—,—,—,flat,main,,e04_professii_buduschego
1649,перечень профессий список,545,1,top,E,info,—,—,—,—,flat,main,,e01_professii_spisok
1650,куда поступить в москве с историей,542,1,top,C,info,—,—,история,москв,июнь-июль,aggregator,,c11_s_istoriej
1651,профориентация для школьников онлайн тест,542,5,top,D,commercial,—,—,—,—,сент-окт,main,,d01_test_na_proforientaciyu;d03_test_online;p01_proforientaciya;p03_prof_dlya_shkolnikov;p04_prof_online
1652,будущая профессия предложения,541,1,top,E,info,—,—,—,—,flat,main,,e04_professii_buduschego
1653,профессии список на кого пойти учиться,539,1,top,B,info,—,—,—,—,март-апр,main,,b04_na_kogo_pojti_uchitsya
1654,куда поступают после 9 11 классов,538,2,top,C,info,11,—,—,—,июнь-июль,main,,c01_kuda_postupat_posle_9;c02_kuda_postupat_posle_11
1655,профессии после 9 класса в перми,538,1,top,C,info,9,—,—,перм,июнь-июль,aggregator,,c03_professii_posle_9
1656,образование после 9 класса профессии,538,1,top,C,info,9,—,—,—,июнь-июль,main,,c03_professii_posle_9
1657,профессии после 11 класса физика,538,1,top,C,info,11,—,физика,—,июнь-июль,main,,c04_professii_posle_11
1658,тест на профориентацию онлайн выбор,538,4,top,D,commercial,—,—,—,—,сент-окт,main,,d01_test_na_proforientaciyu;d03_test_online;p01_proforientaciya;p04_prof_online
1659,кем пойти работать после 9 класса,536,1,top,C,info,9,—,—,—,июнь-июль,main,,b06_kem_pojti_rabotat
1660,балл 3.2 куда поступить после 9 класса,536,1,top,C,info,9,—,—,—,июнь-июль,main,,c01_kuda_postupat_posle_9
1661,тест на выбор профессии после 9,536,4,top,D,info,9,—,—,—,сент-окт,main,,d05_test_na_professiyu;d06_test_na_vybor_professii
1662,куда поступить после 9 класса на кондитера,535,1,top,C,info,9,—,—,—,июнь-июль,main,,c01_kuda_postupat_posle_9
1663,куда девушке можно поступить после 11,535,1,top,C,info,11,f,—,—,июнь-июль,main,,c08_kuda_postupat_devushke
1664,методы профориентации,534,1,top,0,info,—,—,—,—,сент-окт,main,,p01_proforientaciya
1665,рабочая профориентация,534,1,top,0,info,—,—,—,—,сент-окт,main,,p01_proforientaciya
1666,технологии профориентации,534,1,top,0,info,—,—,—,—,сент-окт,main,,p01_proforientaciya
1667,куда поступить платно после 9 класса,533,1,top,C,commercial,9,—,—,—,июнь-июль,main,,c01_kuda_postupat_posle_9
1668,куда можно поступить список профессий девушке,533,1,top,C,info,—,f,—,—,июнь-июль,main,,c08_kuda_postupat_devushke
1669,тест на профориентацию онлайн выбор профессии,533,5,top,D,commercial,—,—,—,—,сент-окт,main,,d01_test_na_proforientaciyu;d03_test_online;d05_test_na_professiyu;d06_test_na_vybor_professii;p04_prof_online
1670,самые высокооплачиваемые профессии для мужчин,533,1,top,E,info,—,—,—,—,flat,main,,e03_vysokooplachivaemye
1671,где проходит профориентация,532,2,top,0,info,—,—,—,—,сент-окт,main,,p01_proforientaciya;p06_projti_proforientaciyu
1672,профориентация где пройти,532,2,top,0,commercial,—,—,—,—,сент-окт,main,,p01_proforientaciya;p06_projti_proforientaciyu
1673,навык профессии будущего,531,1,top,E,info,—,—,—,—,flat,main,,e04_professii_buduschego
1674,куда можно поступить после окончания 9 класса,530,1,top,C,info,9,—,—,—,июнь-июль,main,,c01_kuda_postupat_posle_9
1675,профориентация официально,530,1,top,0,info,—,—,—,—,сент-окт,main,,p01_proforientaciya
1676,работа как выбрать профессию,529,1,top,B,info,—,—,—,—,март-апр,main,,b02_kak_vybrat_professiyu
1677,профессии после 9 класса много,529,1,top,C,info,9,—,—,—,июнь-июль,main,,c03_professii_posle_9
1678,курган куда можно поступить после 9 класса,528,1,top,C,info,9,—,—,—,июнь-июль,main,,c01_kuda_postupat_posle_9
1679,строительные профессии после 9 класса,528,1,top,C,info,9,—,—,—,июнь-июль,main,,c03_professii_posle_9
1680,профориентация тест онлайн на профессию бесплатно,527,6,top,D,commercial,—,—,—,—,сент-окт,main,,d01_test_na_proforientaciyu;d02_test_besplatno;d03_test_online;d05_test_na_professiyu;p01_proforientaciya;p04_prof_online
1681,кем можно стать после колледжа,526,2,top,C,info,—,—,—,—,июнь-июль,main,,b03_kem_mozhno_stat
1682,куда поступить после 9 класса в костроме,525,1,top,C,info,9,—,—,—,июнь-июль,main,,c01_kuda_postupat_posle_9
1683,профессии после 11 класса нужные,525,1,top,C,info,11,—,—,—,июнь-июль,main,,c04_professii_posle_11
1684,куда поступить в курске после 9 класса,524,1,top,C,info,9,—,—,курск,июнь-июль,aggregator,,c01_kuda_postupat_posle_9
1685,востребованные профессии 2026 после 11 класса,524,1,top,C,info,11,—,—,—,июнь-июль,main,,c04_professii_posle_11
1686,онлайн тест на профессию результаты,524,1,top,D,commercial,—,—,—,—,сент-окт,main,,d05_test_na_professiyu
1687,куда поступить с информатикой и географией,523,2,top,C,info,—,—,информатика,—,июнь-июль,main,,c13_s_informatikoj;c16_s_geografiej
1688,рекомендации профориентации,523,1,top,0,info,—,—,—,—,сент-окт,main,,p01_proforientaciya
1689,специальность профориентация,523,1,top,0,info,—,—,—,—,сент-окт,main,,p01_proforientaciya
1690,образование на кого пойти учиться,522,1,top,B,info,—,—,—,—,март-апр,main,,b04_na_kogo_pojti_uchitsya
1691,профессии после 9 класса что сдавать,522,1,top,C,info,9,—,—,—,июнь-июль,main,,c03_professii_posle_9
1692,школьной профориентации,522,1,top,0,info,—,—,—,—,сент-окт,main,,p01_proforientaciya
1693,куда поступать после 9 класса направление,520,1,top,C,info,9,—,—,—,июнь-июль,main,,c01_kuda_postupat_posle_9
1694,куда поступить после 11 класса на психолога,520,1,top,C,info,11,—,—,—,июнь-июль,main,,c02_kuda_postupat_posle_11
1695,профориентация тест на выбор профессии бесплатно онлайн,520,7,top,D,commercial,—,—,—,—,сент-окт,main,,d01_test_na_proforientaciyu;d02_test_besplatno;d03_test_online;d05_test_na_professiyu;d06_test_na_vybor_professii;p01_proforientaciya;p04_prof_online
1696,ранняя профориентация в доу,520,1,top,0,info,—,—,—,—,сент-окт,main,,p01_proforientaciya
1697,8 профессий будущего,519,1,top,E,info,—,—,—,—,flat,main,,e04_professii_buduschego
1698,проходной балл профессии после 9 класса,518,1,top,C,info,9,—,—,—,июнь-июль,main,,c03_professii_posle_9
1699,онлайн тест на профессию бесплатно с результатом,518,1,top,D,commercial,—,—,—,—,сент-окт,main,,d05_test_na_professiyu
1700,профориентация час,518,1,top,0,info,—,—,—,—,сент-окт,main,,p01_proforientaciya
1701,часы профориентации,518,1,top,0,info,—,—,—,—,сент-окт,main,,p01_proforientaciya
1702,вузы куда можно поступить с химией,517,1,top,C,info,—,—,химия,—,июнь-июль,main,,c14_s_himiej
1703,профориентация проведение,514,1,top,0,info,—,—,—,—,сент-окт,main,,p01_proforientaciya
1704,куда поступить после 11 класса университет,513,1,top,C,info,11,—,—,—,июнь-июль,main,,c02_kuda_postupat_posle_11
1705,куда поступить после 11 класса егэ история,513,1,top,C,info,11,—,история,—,июнь-июль,main,,c02_kuda_postupat_posle_11
1706,у всех ли профессий есть будущее,513,1,top,E,info,—,—,—,—,flat,main,,e04_professii_buduschego
1707,с профилем математика информатика куда поступить,512,1,top,C,info,—,—,информатика,—,июнь-июль,main,,c13_s_informatikoj
1708,бесплатная профориентация онлайн для школьников,512,1,top,0,commercial,—,—,—,—,сент-окт,main,,p03_prof_dlya_shkolnikov
1709,казань куда поступить после 9 класса бюджет,508,1,top,C,info,9,—,—,казан,июнь-июль,aggregator,,c01_kuda_postupat_posle_9
1710,куда поступить после 9 класса набережные,507,1,top,C,info,9,—,—,—,июнь-июль,main,,c01_kuda_postupat_posle_9
1711,какая профессия после 9 класса тест,506,1,top,D,info,9,—,—,—,сент-окт,main,,c03_professii_posle_9
1712,куда поступить после 11 класса россия,505,1,top,C,info,11,—,—,—,июнь-июль,main,,c02_kuda_postupat_posle_11
1713,политехнический колледж профессии после 9 класса,504,1,top,C,info,9,—,—,—,июнь-июль,main,,c03_professii_posle_9
1714,тест ддо климова,504,4,top,D,info,—,—,—,—,сент-окт,main,,d08_test_klimova;d09_ddo_klimova
1715,топ профессий будущего,504,1,top,E,info,—,—,—,—,flat,main,,e04_professii_buduschego
1716,куда поступить после 9 класса в белгороде,503,1,top,C,info,9,—,—,белгород,июнь-июль,aggregator,,c01_kuda_postupat_posle_9
1717,куда поступить после 9 класса в симферополе,502,1,top,C,info,9,—,—,симферопол,июнь-июль,aggregator,,c01_kuda_postupat_posle_9
1718,профессии после 9 класса ижевск,502,1,top,C,info,9,—,—,ижевск,июнь-июль,aggregator,,c03_professii_posle_9
1719,профессии в челябинске после 9 класса,500,1,top,C,info,9,—,—,челябинск,июнь-июль,aggregator,,c03_professii_posle_9
1720,куда поступить с физикой в москве,500,1,top,C,info,—,—,физика,москв,июнь-июль,aggregator,,c15_s_fizikoj
1721,куда поступать после 9 класса набережные челны,499,1,top,C,info,9,—,—,—,июнь-июль,main,,c01_kuda_postupat_posle_9
1722,зарабатываемая профессия после 9 класса,499,1,top,C,info,9,—,—,—,июнь-июль,main,,c03_professii_posle_9
1723,куда поступить с экзаменами русский биология,498,1,top,C,info,—,—,биология,—,июнь-июль,main,,c12_s_biologiej
1724,куда поступать с химией и физикой,498,2,top,C,info,—,—,химия,—,июнь-июль,main,,c14_s_himiej;c15_s_fizikoj
1725,на кого пойти учиться девочке,497,1,top,B,info,—,f,—,—,март-апр,main,,b04_na_kogo_pojti_uchitsya
1726,профессии после 9 класса в уфе,497,1,top,C,info,9,—,—,уфе,июнь-июль,aggregator,,c03_professii_posle_9
1727,куда можно поступить после 9 класса ярославль,495,1,top,C,info,9,—,—,ярославл,июнь-июль,aggregator,,c01_kuda_postupat_posle_9
1728,куда поступить после 9 класса с овз,494,1,top,C,info,9,—,—,—,июнь-июль,main,,c01_kuda_postupat_posle_9
1729,тест куда поступать после 9 класса,494,1,top,D,info,9,—,—,—,сент-окт,main,,c01_kuda_postupat_posle_9
1730,рисунок профессия будущего,494,1,top,E,info,—,—,—,—,flat,main,,e04_professii_buduschego
1731,тест на профессию для школьников,493,1,top,D,info,—,—,—,—,сент-окт,main,,d05_test_na_professiyu
1732,какую профессию выбрать после 11 класса,492,2,top,C,info,11,—,—,—,июнь-июль,main,,b01_kakuyu_professiyu_vybrat;c04_professii_posle_11
1733,оплачиваемые профессии после 9 класса,492,1,top,C,info,9,—,—,—,июнь-июль,main,,c03_professii_posle_9
1734,кем стать после 9 класса девушке,491,1,top,C,info,9,f,—,—,июнь-июль,main,,c07_kem_stat_posle_9
1735,куда поступить с профилем и информатикой,491,1,top,C,info,—,—,информатика,—,июнь-июль,main,,c13_s_informatikoj
1736,профессии после 11 класса и предметы,490,1,top,C,info,11,—,—,—,июнь-июль,main,,c04_professii_posle_11
1737,куда поступить в вуз с биологией,490,1,top,C,info,—,—,биология,—,июнь-июль,main,,c12_s_biologiej
1738,прибыльные профессии после 9 класса,489,1,top,C,info,9,—,—,—,июнь-июль,main,,c03_professii_posle_9
1739,центр профессии будущего печатники,489,1,top,E,commercial,—,—,—,—,flat,main,,e04_professii_buduschego
1740,куда поступить на мчс после 9 класса,488,1,top,C,info,9,—,—,—,июнь-июль,main,,c01_kuda_postupat_posle_9
1741,обществознание какие профессии после 11 класса,488,1,top,C,info,11,—,обществознание,—,июнь-июль,main,,c04_professii_posle_11
1742,университет после 9 класса профессии,487,1,top,C,info,9,—,—,—,июнь-июль,main,,c03_professii_posle_9
1743,поступить на электрика после 9 класса куда,486,1,top,C,info,9,—,—,—,июнь-июль,main,,c01_kuda_postupat_posle_9
1744,профессии после 11 класса русский математика,485,1,top,C,info,11,—,математика,—,июнь-июль,main,,c04_professii_posle_11
1745,тест на профориентацию после 9 бесплатно,485,2,top,D,commercial,9,—,—,—,сент-окт,main,,d01_test_na_proforientaciyu;d02_test_besplatno
1746,самые высокооплачиваемые профессии в россии после 9,484,1,top,C,info,9,—,—,—,июнь-июль,main,,e03_vysokooplachivaemye
1747,профессии после 9 класса в нижнем новгороде,483,1,top,C,info,9,—,—,нижнем новгород,июнь-июль,aggregator,,c03_professii_posle_9
1748,куда поступать с егэ история английский,483,1,top,C,info,—,—,история,—,июнь-июль,main,,c11_s_istoriej
1749,куда поступать с егэ обществознание и географией,482,1,top,C,info,—,—,обществознание,—,июнь-июль,main,,c16_s_geografiej
1750,сургут куда поступить после 9 класса,478,1,top,C,info,9,—,—,сургут,июнь-июль,aggregator,,c01_kuda_postupat_posle_9
1751,тест на профориентацию 11 класс,477,2,top,D,info,11,—,—,—,сент-окт,main,,d01_test_na_proforientaciyu
1752,куда поступить в твери после 9 класса,476,1,top,C,info,9,—,—,твер,июнь-июль,aggregator,,c01_kuda_postupat_posle_9
1753,тест на профессию онлайн без регистрации,476,1,top,D,commercial,—,—,—,—,сент-окт,main,,d05_test_na_professiyu
1754,тест е а климова,476,3,top,D,info,—,—,—,—,сент-окт,main,,d08_test_klimova
1755,важные профессии будущего,476,1,top,E,info,—,—,—,—,flat,main,,e04_professii_buduschego
1756,тест на профориентацию для школьников 9,475,2,top,D,info,—,—,—,—,сент-окт,main,,d01_test_na_proforientaciyu;p03_prof_dlya_shkolnikov
1757,азбука профессий будущего,475,1,top,E,info,—,—,—,—,flat,main,,e04_professii_buduschego
1758,кем можно стать если сдавать,474,1,top,B,info,—,—,—,—,март-апр,main,,b03_kem_mozhno_stat
1759,куда поступать после 9 с химией,474,1,top,C,info,9,—,химия,—,июнь-июль,main,,c14_s_himiej
1760,цель профессии будущего,474,1,top,E,info,—,—,—,—,flat,main,,e04_professii_buduschego
1761,куда поступить после 9 класса краснодарский край,473,1,top,C,info,9,—,—,краснодар,июнь-июль,aggregator,,c01_kuda_postupat_posle_9
1762,куда поступить после 11 го класса,473,1,top,C,info,11,—,—,—,июнь-июль,main,,c02_kuda_postupat_posle_11
1763,куда поступить на бюджет с информатикой,473,1,top,C,info,—,—,информатика,—,июнь-июль,main,,c13_s_informatikoj
1764,куда поступать с базовой математикой и информатикой,473,1,top,C,info,—,—,информатика,—,июнь-июль,main,,c13_s_informatikoj
1765,профессии для мальчиков после 9 класса список,472,1,top,C,info,9,m,—,—,июнь-июль,main,,c03_professii_posle_9
1766,профессии после 9 класса в екатеринбурге,472,1,top,C,info,9,—,—,екатеринбург,июнь-июль,aggregator,,c03_professii_posle_9
1767,профессии после 9 класса в тюмени,472,1,top,C,info,9,—,—,тюмен,июнь-июль,aggregator,,c03_professii_posle_9
1768,куда поступать с химией биологией москва,472,2,top,C,info,—,—,биология,москв,июнь-июль,aggregator,,c12_s_biologiej;c14_s_himiej
1769,куда поступить после 9 класса псков,471,1,top,C,info,9,—,—,—,июнь-июль,main,,c01_kuda_postupat_posle_9
1770,тест на профессию онлайн после 9,471,1,top,D,commercial,9,—,—,—,сент-окт,main,,d05_test_na_professiyu
1771,эссе на тему моя будущая профессия,470,1,top,E,info,—,—,—,—,flat,main,,e04_professii_buduschego
1772,профессии ближайшего будущего,469,1,top,E,info,—,—,—,—,flat,main,,e04_professii_buduschego
1773,кем можно стать в россии,468,1,top,B,info,—,—,—,—,март-апр,main,,b03_kem_mozhno_stat
1774,на кого пойти учиться парню,468,1,top,B,info,—,m,—,—,март-апр,main,,b04_na_kogo_pojti_uchitsya
1775,тест на профессию бесплатно без регистрации онлайн,468,1,top,D,commercial,—,—,—,—,сент-окт,main,,d05_test_na_professiyu
1776,будущие профессии после 9 класса,467,2,top,C,info,9,—,—,—,июнь-июль,main,,c03_professii_posle_9;e04_professii_buduschego
1777,куда можно поступить после 9 класса саранск,466,1,top,C,info,9,—,—,—,июнь-июль,main,,c01_kuda_postupat_posle_9
1778,пройти профориентацию онлайн климов,466,2,top,D,commercial,—,—,—,—,сент-окт,main,,p04_prof_online;p06_projti_proforientaciyu
1779,на кого пойти учиться чтобы работать,465,2,top,B,info,—,—,—,—,март-апр,main,,b04_na_kogo_pojti_uchitsya;b06_kem_pojti_rabotat
1780,профессии после 9 класса в иркутске,464,1,top,C,info,9,—,—,иркутск,июнь-июль,aggregator,,c03_professii_posle_9
1781,бесплатный тест на профориентацию после 9 класса,464,3,top,D,commercial,9,—,—,—,сент-окт,main,,d01_test_na_proforientaciyu;d02_test_besplatno;p05_prof_9_klass
1782,самые высокооплачиваемые профессии в медицине,464,1,top,E,info,—,—,—,—,flat,main,,e03_vysokooplachivaemye
1783,профессии после 9 класса липецк,463,1,top,C,info,9,—,—,липецк,июнь-июль,aggregator,,c03_professii_posle_9
1784,как выбрать будущую профессию,462,1,top,B,info,—,—,—,—,март-апр,main,,b02_kak_vybrat_professiyu
1785,куда можно поступить с литературой и историей,462,1,top,C,info,—,—,история,—,июнь-июль,main,,c11_s_istoriej
1786,куда можно заочно поступить после 11 класса,459,1,top,C,info,11,—,—,—,июнь-июль,main,,c02_kuda_postupat_posle_11
1787,на кого пойти учиться девушке список,458,1,top,B,info,—,f,—,—,март-апр,main,,b04_na_kogo_pojti_uchitsya
1788,тест на профессию после 9 класса онлайн,458,2,top,D,commercial,9,—,—,—,сент-окт,main,,c03_professii_posle_9;d05_test_na_professiyu
1789,тест на профориентацию для школьников 9 класс,458,3,top,D,info,9,—,—,—,сент-окт,main,,d01_test_na_proforientaciyu;p03_prof_dlya_shkolnikov;p05_prof_9_klass
1790,куда поступить на бюджет с физикой,457,1,top,C,info,—,—,физика,—,июнь-июль,main,,c15_s_fizikoj
1791,в каком классе выбирать профессию,456,1,top,B,info,—,—,—,—,март-апр,main,,b01_kakuyu_professiyu_vybrat
1792,техникум зеленогорск красноярский край,456,1,assoc,C,info,—,—,—,красноярск,июнь-июль,aggregator,,g01_kolledzhi_krasnoyarsk
1793,на кого можно пойти учиться в колледж,454,2,top,C,info,—,—,—,—,июнь-июль,main,,b04_na_kogo_pojti_uchitsya
1794,куда поступить после 9 класса магнитогорск,454,1,top,C,info,9,—,—,—,июнь-июль,main,,c01_kuda_postupat_posle_9
1795,профориентация тест на выбор профессии 9,454,3,top,D,info,—,—,—,—,сент-окт,main,,d01_test_na_proforientaciyu;d05_test_na_professiyu;d06_test_na_vybor_professii
1796,высокооплачиваемые профессии в россии после 11 класса,453,1,top,C,info,11,—,—,—,июнь-июль,main,,c04_professii_posle_11
1797,тест профориентация 9 класс на выбор профессии,453,4,top,D,info,9,—,—,—,сент-окт,main,,d01_test_na_proforientaciyu;d05_test_na_professiyu;d06_test_na_vybor_professii;p05_prof_9_klass
1798,профессии после 9 класса чебоксары,452,1,top,C,info,9,—,—,чебоксар,июнь-июль,aggregator,,c03_professii_posle_9
1799,техническое образование это какие специальности,452,2,assoc,C,info,—,—,—,—,июнь-июль,main,,c11_s_istoriej;c15_s_fizikoj
1800,куда поступить с обществом и информатикой,452,1,top,C,info,—,—,информатика,—,июнь-июль,main,,c13_s_informatikoj
1801,гигтест ру пройти тестирование,451,1,assoc,D,commercial,—,—,—,—,сент-окт,main,,d05_test_na_professiyu
1802,гуманитарные профессии после 11 класса,449,1,top,C,info,11,—,—,—,июнь-июль,main,,c04_professii_posle_11
1803,вузы куда поступить с информатикой,449,1,top,C,info,—,—,информатика,—,июнь-июль,main,,c13_s_informatikoj
1804,заведение куда поступают после 9 класса,448,1,top,C,info,9,—,—,—,июнь-июль,main,,c01_kuda_postupat_posle_9
1805,тест климова пройти онлайн,448,1,top,D,commercial,—,—,—,—,сент-окт,main,,d08_test_klimova
1806,тест опросник климова,447,1,top,D,info,—,—,—,—,сент-окт,main,,d08_test_klimova
1807,военная девушка куда поступать,446,1,top,C,info,—,f,—,—,июнь-июль,main,,c08_kuda_postupat_devushke
1808,тест на кого пойти учиться,445,1,top,D,info,—,—,—,—,сент-окт,main,,b04_na_kogo_pojti_uchitsya
1809,после 11 класса куда можно поступить девушке,445,2,top,C,info,11,f,—,—,июнь-июль,main,,c02_kuda_postupat_posle_11;c08_kuda_postupat_devushke
1810,лучшие профессии после 9 класса для мальчиков,445,1,top,C,info,9,m,—,—,июнь-июль,main,,c03_professii_posle_9
1811,пройти тест климова на профориентацию,445,4,top,D,commercial,—,—,—,—,сент-окт,main,,d01_test_na_proforientaciyu;d04_projti_test;d08_test_klimova;p06_projti_proforientaciyu
1812,профессии после 9 класса магнитогорск,444,1,top,C,info,9,—,—,—,июнь-июль,main,,c03_professii_posle_9
1813,куда поступить девушке после колледжа,444,1,top,C,info,—,f,—,—,июнь-июль,main,,c08_kuda_postupat_devushke
1814,сургут профессии после 9 класса,440,1,top,C,info,9,—,—,сургут,июнь-июль,aggregator,,c03_professii_posle_9
1815,профессии после 11 класса с биологией,439,1,top,C,info,11,—,биология,—,июнь-июль,main,,c04_professii_posle_11
1816,кем можно хотеть стать,438,1,top,B,info,—,—,—,—,март-апр,main,,b03_kem_mozhno_stat
1817,профессия кондитер после 9 класса,438,1,top,C,info,9,—,—,—,июнь-июль,main,,c03_professii_posle_9
1818,куда можно поступить после 9 класса сыктывкар,436,1,top,C,info,9,—,—,—,июнь-июль,main,,c01_kuda_postupat_posle_9
1819,куда поступить после 11 класса институт,434,1,top,C,info,11,—,—,—,июнь-июль,main,,c02_kuda_postupat_posle_11
1820,техникум сосновоборск красноярский край,434,1,assoc,C,info,—,—,—,красноярск,июнь-июль,aggregator,,g01_kolledzhi_krasnoyarsk
1821,профориентация 2025 2026 учебный,433,1,top,0,info,—,—,—,—,сент-окт,main,,p08_proforientaciya_2026
1822,как правильно выбрать профессию,432,1,top,B,info,—,—,—,—,март-апр,main,,b02_kak_vybrat_professiyu
1823,какая профессия мне подходит после 9,431,1,top,C,info,9,—,—,—,июнь-июль,main,,b05_kakaya_professiya_podhodit
1824,куда поступить на кинолога после 9 класса,431,1,top,C,info,9,—,—,—,июнь-июль,main,,c01_kuda_postupat_posle_9
1825,востребованные профессии в 2026 после 9 класса,429,1,top,C,info,9,—,—,—,июнь-июль,main,,c03_professii_posle_9
1826,куда поступить на ветеринара после 9 класса,428,1,top,C,info,9,—,—,—,июнь-июль,main,,c01_kuda_postupat_posle_9
1827,какое образование получают в техникуме,428,4,assoc,C,info,—,—,—,—,июнь-июль,main,,c01_kuda_postupat_posle_9;c02_kuda_postupat_posle_11;c03_professii_posle_9;c06_specialnosti_posle_9
1828,какую профессию будущего выбрать,425,1,top,B,info,—,—,—,—,март-апр,main,,b01_kakuyu_professiyu_vybrat
1829,профессия железнодорожный после 9 класса,425,1,top,C,info,9,—,—,—,июнь-июль,main,,c03_professii_posle_9
1830,какая профессия после 9 класса парню,425,1,top,C,info,9,m,—,—,июнь-июль,main,,c03_professii_posle_9
1831,профориентация 2025 2026 учебный год,425,1,top,0,info,—,—,—,—,сент-окт,main,,p08_proforientaciya_2026
1832,училище после 9 класса поступить куда,424,1,top,C,info,9,—,—,—,июнь-июль,main,,c01_kuda_postupat_posle_9
1833,кем пойти работать без опыта,423,1,top,B,info,—,—,—,—,март-апр,main,,b06_kem_pojti_rabotat
1834,куда поступить после 11 класса по предметам,423,1,top,C,info,11,—,—,—,июнь-июль,main,,c02_kuda_postupat_posle_11
1835,на какую профессию идти после 9 класса,420,1,top,C,info,9,—,—,—,июнь-июль,main,,c03_professii_posle_9
1836,куда поступить с русским биологией и обществом,420,1,top,C,info,—,—,биология,—,июнь-июль,main,,c12_s_biologiej
1837,куда поступать на полицейского после 9 класса,419,1,top,C,info,9,—,—,—,июнь-июль,main,,c01_kuda_postupat_posle_9
1838,на кого пойти учиться высшее,418,1,top,B,info,—,—,—,—,март-апр,main,,b04_na_kogo_pojti_uchitsya
1839,калуга куда можно поступить после 9 класса,418,1,top,C,info,9,—,—,калуг,июнь-июль,aggregator,,c01_kuda_postupat_posle_9
1840,куда поступать с профилем и биологией,418,1,top,C,info,—,—,биология,—,июнь-июль,main,,c12_s_biologiej
1841,как помочь выбрать профессию,417,1,top,B,info,—,—,—,—,март-апр,main,,b02_kak_vybrat_professiyu
1842,куда поступить после 11 класса список,417,1,top,C,info,11,—,—,—,июнь-июль,main,,c02_kuda_postupat_posle_11
1843,куда лучше поступить девушке после 9,416,1,top,C,info,9,f,—,—,июнь-июль,main,,c08_kuda_postupat_devushke
1844,овз куда можно поступить после 9 класса,415,1,top,C,info,9,—,—,—,июнь-июль,main,,c01_kuda_postupat_posle_9
1845,куда поступить после 11 класса техникум,415,1,top,C,info,11,—,—,—,июнь-июль,main,,c02_kuda_postupat_posle_11
1846,куда надо поступать после 9 класса,414,1,top,C,info,9,—,—,—,июнь-июль,main,,c01_kuda_postupat_posle_9
1847,куда пойти поступить после 9 класса,413,1,top,C,info,9,—,—,—,июнь-июль,main,,c01_kuda_postupat_posle_9
1848,профессии в оренбурге после 9 класса,413,1,top,C,info,9,—,—,оренбург,июнь-июль,aggregator,,c03_professii_posle_9
1849,популярные профессии после 9 класса,410,1,top,C,info,9,—,—,—,июнь-июль,main,,c03_professii_posle_9
1850,куда поступать с географией русским и обществом,410,1,top,C,info,—,—,география,—,июнь-июль,main,,c16_s_geografiej
1851,10 самых высокооплачиваемых профессий,409,1,top,E,info,—,—,—,—,flat,main,,e03_vysokooplachivaemye
1852,на кого пойти учиться мальчику,406,1,top,B,info,—,m,—,—,март-апр,main,,b04_na_kogo_pojti_uchitsya
1853,тест на профориентацию для подростков,406,2,top,D,info,—,—,—,—,сент-окт,main,,d01_test_na_proforientaciyu;p02_prof_dlya_podrostkov
1854,кем можно пойти работать девушке,403,1,top,B,info,—,f,—,—,март-апр,main,,b06_kem_pojti_rabotat
1855,профессии после 9 класса в ростове,403,1,top,C,info,9,—,—,ростов,июнь-июль,aggregator,,c03_professii_posle_9
1856,какую профессию выбрать в 2026,402,1,top,B,info,—,—,—,—,март-апр,main,,b01_kakuyu_professiyu_vybrat
1857,куда поступить после 9 класса без экзаменов,401,1,top,C,info,9,—,—,—,июнь-июль,main,,c01_kuda_postupat_posle_9
1858,профессия психолог после 9 класса,400,1,top,C,info,9,—,—,—,июнь-июль,main,,c03_professii_posle_9
1859,профессии после 11 класса егэ,400,1,top,C,info,11,—,—,—,июнь-июль,main,,c04_professii_posle_11
1860,куда поступить после 9 класса в череповце,399,1,top,C,info,9,—,—,—,июнь-июль,main,,c01_kuda_postupat_posle_9
1861,орел куда можно поступить после 9 класса,398,1,top,C,info,9,—,—,—,июнь-июль,main,,c01_kuda_postupat_posle_9
1862,химия профессии после 11 класса,398,1,top,C,info,11,—,химия,—,июнь-июль,main,,c04_professii_posle_11
1863,профессии после 11 класса и какие предметы,397,1,top,C,info,11,—,—,—,июнь-июль,main,,c04_professii_posle_11
1864,на кого хочешь пойти учиться,396,1,top,B,info,—,—,—,—,март-апр,main,,b04_na_kogo_pojti_uchitsya
1865,куда можно поступить после 9 класса петрозаводск,396,1,top,C,info,9,—,—,—,июнь-июль,main,,c01_kuda_postupat_posle_9
1866,куда поступить после 9 класса мвд,396,1,top,C,info,9,—,—,—,июнь-июль,main,,c01_kuda_postupat_posle_9
1867,тест климова на профориентацию онлайн,396,4,top,D,commercial,—,—,—,—,сент-окт,main,,d01_test_na_proforientaciyu;d03_test_online;d08_test_klimova;p04_prof_online
1868,куда лучше поступать после 9 класса девушке,395,2,top,C,info,9,f,—,—,июнь-июль,main,,c01_kuda_postupat_posle_9;c08_kuda_postupat_devushke
1869,профессии после 9 класса колледж омск,393,1,top,C,info,9,—,—,омск,июнь-июль,aggregator,,c03_professii_posle_9
1870,профессии после 11 класса с русским,393,1,top,C,info,11,—,русский язык,—,июнь-июль,main,,c04_professii_posle_11
1871,топ самых высокооплачиваемых профессий в россии,392,1,top,E,info,—,—,—,—,flat,main,,e03_vysokooplachivaemye
1872,куда поступить с экзаменами химия биология,391,2,top,C,info,—,—,биология,—,июнь-июль,main,,c12_s_biologiej;c14_s_himiej
1873,кем пойти работать в 14,390,1,top,B,info,—,—,—,—,март-апр,main,,b06_kem_pojti_rabotat
1874,куда поступить в иваново после 9 класса,390,1,top,C,info,9,—,—,иванов,июнь-июль,aggregator,,c01_kuda_postupat_posle_9
1875,после окончания 9 класс профессия,390,1,top,C,info,9,—,—,—,июнь-июль,main,,c03_professii_posle_9
1876,самые востребованные и высокооплачиваемые профессии в россии,390,1,top,E,info,—,—,—,—,flat,main,,e03_vysokooplachivaemye
1877,онлайн какая профессия мне подходит,389,1,top,B,info,—,—,—,—,март-апр,main,,b05_kakaya_professiya_podhodit
1878,тест на профессию девушке бесплатно,388,1,top,D,commercial,—,f,—,—,сент-окт,main,,d05_test_na_professiyu
1879,какую профессию выбрать девушке после 9,387,1,top,C,info,9,f,—,—,июнь-июль,main,,b01_kakuyu_professiyu_vybrat
1880,какую профессию выбрать после 9 класса девушке,386,2,top,C,info,9,f,—,—,июнь-июль,main,,b01_kakuyu_professiyu_vybrat;c03_professii_posle_9
1881,тест на профориентацию 9 класс онлайн,386,5,top,D,commercial,9,—,—,—,сент-окт,main,,d01_test_na_proforientaciyu;d03_test_online;p04_prof_online;p05_prof_9_klass
1882,какая профессия мне подходит после 9 класса,385,2,top,C,info,9,—,—,—,июнь-июль,main,,b05_kakaya_professiya_podhodit;c03_professii_posle_9
1883,профессии после 9 класса информатика,384,1,top,C,info,9,—,информатика,—,июнь-июль,main,,c03_professii_posle_9
1884,тест какая профессия подойдет после 9 класса,384,1,top,D,info,9,—,—,—,сент-окт,main,,c03_professii_posle_9
1885,профориентация онлайн тест бесплатно для 9,384,2,top,D,commercial,—,—,—,—,сент-окт,main,,p04_prof_online
1886,тест какая профессия мне подходит после 9,383,1,top,D,info,9,—,—,—,сент-окт,main,,b05_kakaya_professiya_podhodit
1887,государственные профессии после 9 класса,383,1,top,C,info,9,—,—,—,июнь-июль,main,,c03_professii_posle_9
1888,кем можно работать с образованием юриста,383,1,assoc,B,info,—,—,—,—,март-апр,main,,c04_professii_posle_11
1889,куда поступать с базой и биологией,381,1,top,C,info,—,—,биология,—,июнь-июль,main,,c12_s_biologiej
1890,профориентация онлайн тест бесплатно для 9 класса,381,5,top,D,commercial,9,—,—,—,сент-окт,main,,d01_test_na_proforientaciyu;d02_test_besplatno;d03_test_online;p04_prof_online;p05_prof_9_klass
1891,профессии в саратове после 9 класса,379,1,top,C,info,9,—,—,саратов,июнь-июль,aggregator,,c03_professii_posle_9
1892,полиция куда поступать после 9 класса,377,1,top,C,info,9,—,—,—,июнь-июль,main,,c01_kuda_postupat_posle_9
1893,куда поступить бесплатно после 11 класса,377,1,top,C,commercial,11,—,—,—,июнь-июль,main,бесплатно=бюджет (резолюция v2),c02_kuda_postupat_posle_11
1894,выбрать профессию после 9 класса мальчику,377,1,top,C,info,9,m,—,—,июнь-июль,main,,c03_professii_posle_9
1895,куда поступить с английским историей и русским,377,1,top,C,info,—,—,история,—,июнь-июль,main,,c11_s_istoriej
1896,на кого лучше пойти учиться девушке,376,1,top,B,info,—,f,—,—,март-апр,main,,b04_na_kogo_pojti_uchitsya
1897,профессии после 9 класса полиция,375,1,top,C,info,9,—,—,—,июнь-июль,main,,c03_professii_posle_9
1898,2 как выбрать профессию,374,1,top,B,info,—,—,—,—,март-апр,main,,b02_kak_vybrat_professiyu
1899,куда поступить после 9 класса в стерлитамаке,374,1,top,C,info,9,—,—,—,июнь-июль,main,,c01_kuda_postupat_posle_9
1900,самые высокооплачиваемые профессии в россии для мужчин,374,1,top,E,info,—,—,—,—,flat,main,,e03_vysokooplachivaemye
1901,профессии сколько учиться после 9 класса,373,1,top,C,info,9,—,—,—,июнь-июль,main,,c03_professii_posle_9
1902,куда поступать девушке с математикой,373,1,top,C,info,—,f,математика,—,июнь-июль,main,,c08_kuda_postupat_devushke
1903,матрица выбора профессии,373,1,assoc,D,info,—,—,—,—,сент-окт,main,,d02_test_besplatno
1904,куда и кем пойти работать,372,1,top,B,info,—,—,—,—,март-апр,main,,b06_kem_pojti_rabotat
1905,профессии куда можно поступить после 11 класса,371,2,top,C,info,11,—,—,—,июнь-июль,main,,c02_kuda_postupat_posle_11;c04_professii_posle_11
1906,тест на выберите профессии,371,1,top,D,info,—,—,—,—,сент-окт,main,,d05_test_na_professiyu
1907,профессия автомеханик после 9 класса,370,1,top,C,info,9,—,—,—,июнь-июль,main,,c03_professii_posle_9
1908,куда поступить с химией казань,370,1,top,C,info,—,—,химия,казан,июнь-июль,aggregator,,c14_s_himiej
1909,профориентация для 9 класса выбор,370,1,top,0,info,9,—,—,—,сент-окт,main,,p05_prof_9_klass
1910,что делать если не знаешь кем стать,369,1,top,B,info,—,—,—,—,март-апр,main,,b07_ne_znayu_kem_stat
1911,аграрные профессии после 9 класса,369,1,top,C,info,9,—,—,—,июнь-июль,main,,c03_professii_posle_9
1912,список профессий после 11 класса для девушек,369,1,top,C,info,11,f,—,—,июнь-июль,main,,c04_professii_posle_11
1913,мед профессии после 9 класса,368,1,top,C,info,9,—,—,—,июнь-июль,main,,c03_professii_posle_9
1914,кем можно пойти работать после 9 класса,367,1,top,C,info,9,—,—,—,июнь-июль,main,,b06_kem_pojti_rabotat
1915,вузы куда можно поступить с географией,367,1,top,C,info,—,—,география,—,июнь-июль,main,,c16_s_geografiej
1916,кем можно стать работать,366,1,top,B,info,—,—,—,—,март-апр,main,,b03_kem_mozhno_stat
1917,профессия после 11 класса для мальчиков,366,1,top,C,info,11,m,—,—,июнь-июль,main,,c04_professii_posle_11
1918,профориентация для 9 класса выбор профессии,366,2,top,0,info,9,—,—,—,сент-окт,main,,p05_prof_9_klass
1919,куда поступить в брянске после 11 класса,365,1,top,C,info,11,—,—,брянск,июнь-июль,aggregator,,c02_kuda_postupat_posle_11
1920,профессии после 11 класса вузы,365,1,top,C,info,11,—,—,—,июнь-июль,main,,c04_professii_posle_11
1921,гуманитарные профессии после 9 класса,364,1,top,C,info,9,—,—,—,июнь-июль,main,,c03_professii_posle_9
1922,куда нужно поступать после 11 класса,363,1,top,C,info,11,—,—,—,июнь-июль,main,,c02_kuda_postupat_posle_11
1923,профессия повар после 9 класса колледж,363,1,top,C,info,9,—,—,—,июнь-июль,main,,c03_professii_posle_9
1924,тест на профессию вопросы,363,1,top,D,info,—,—,—,—,сент-окт,main,,d05_test_na_professiyu
1925,куда можно поступить с предметом химия,361,1,top,C,info,—,—,химия,—,июнь-июль,main,,c14_s_himiej
1926,как понять как выбрать профессию,360,1,top,B,info,—,—,—,—,март-апр,main,,b02_kak_vybrat_professiyu
1927,куда поступить с экзаменом география,360,1,top,C,info,—,—,география,—,июнь-июль,main,,c16_s_geografiej
1928,куда поступить после 11 класса в ярославле,359,1,top,C,info,11,—,—,ярославл,июнь-июль,aggregator,,c02_kuda_postupat_posle_11
1929,куда поступать на программиста после 11 класса,359,1,top,C,info,11,—,—,—,июнь-июль,main,,c02_kuda_postupat_posle_11
1930,профессии после 9 класса колледжи для мальчиков,359,1,top,C,info,9,m,—,—,июнь-июль,main,,c03_professii_posle_9
1931,куда поступать с географией москва,359,1,top,C,info,—,—,география,москв,июнь-июль,aggregator,,c16_s_geografiej
1932,профессия логист после 9 класса,358,1,top,C,info,9,—,—,—,июнь-июль,main,,c03_professii_posle_9
1933,определить какую профессию выбрать,357,1,top,B,info,—,—,—,—,март-апр,main,,b01_kakuyu_professiyu_vybrat
1934,куда поступить после 9 класса в бийске,357,1,top,C,info,9,—,—,—,июнь-июль,main,,c01_kuda_postupat_posle_9
1935,профессии после 9 класса бийск,357,1,top,C,info,9,—,—,—,июнь-июль,main,,c03_professii_posle_9
1936,тест кто ты из хср,357,1,assoc,D,info,—,—,—,—,сент-окт,main,,d03_test_online
1937,онлайн тест какая профессия мне подходит,356,1,top,D,commercial,—,—,—,—,сент-окт,main,,b05_kakaya_professiya_podhodit
1938,тест голланда пройти,356,1,top,D,commercial,—,—,—,—,сент-окт,main,,d07_test_gollanda
1939,куда можно поступить после 9 го класса,355,1,top,C,info,9,—,—,—,июнь-июль,main,,c01_kuda_postupat_posle_9
1940,профориентация для подростков в москве,353,1,top,0,info,—,—,—,москв,сент-окт,aggregator,,p02_prof_dlya_podrostkov
1941,на кого можно пойти учиться профессии,351,1,top,B,info,—,—,—,—,март-апр,main,,b04_na_kogo_pojti_uchitsya
1942,колледжи спб после 9 класса профессии,351,1,top,C,info,9,—,—,спб,июнь-июль,aggregator,,c03_professii_posle_9
1943,колледжи краснодара после 9 класса профессии,351,1,top,C,info,9,—,—,краснодар,июнь-июль,aggregator,,c03_professii_posle_9
1944,профессии после 11 класса для парней,351,1,top,C,info,11,m,—,—,июнь-июль,main,,c04_professii_posle_11
1945,тест на профориентацию бесплатно онлайн для школьников,351,5,top,D,commercial,—,—,—,—,сент-окт,main,,d01_test_na_proforientaciyu;d02_test_besplatno;d03_test_online;p03_prof_dlya_shkolnikov;p04_prof_online
1946,куда поступить после 9 класса казань девушке,350,2,top,C,info,9,f,—,казан,июнь-июль,aggregator,,c01_kuda_postupat_posle_9;c08_kuda_postupat_devushke
1947,куда можно поступить с информатикой и профилем,350,1,top,C,info,—,—,информатика,—,июнь-июль,main,,c13_s_informatikoj
1948,тест на будущую профессию для подростков,350,1,top,D,info,—,—,—,—,сент-окт,main,,d05_test_na_professiyu
1949,куда поступать после 9 класса с химией,349,2,top,C,info,9,—,химия,—,июнь-июль,main,,c01_kuda_postupat_posle_9;c14_s_himiej
1950,куда поступить после 9 класса на парикмахера,349,1,top,C,info,9,—,—,—,июнь-июль,main,,c01_kuda_postupat_posle_9
1951,профессии после 9 класса в воронеже,347,1,top,C,info,9,—,—,воронеж,июнь-июль,aggregator,,c03_professii_posle_9
1952,куда можно поступить с физикой и информатикой,347,2,top,C,info,—,—,информатика,—,июнь-июль,main,,c13_s_informatikoj;c15_s_fizikoj
1953,куда идти поступать после 9 класса,346,1,top,C,info,9,—,—,—,июнь-июль,main,,c01_kuda_postupat_posle_9
1954,куда поступить в томске после 11 класса,346,1,top,C,info,11,—,—,томск,июнь-июль,aggregator,,c02_kuda_postupat_posle_11
1955,политех профессии после 9 класса,346,1,top,C,info,9,—,—,—,июнь-июль,main,,c03_professii_posle_9
1956,как выбрать профессию после 11,345,1,top,C,info,11,—,—,—,июнь-июль,main,,b02_kak_vybrat_professiyu
1957,тест голланда онлайн,345,1,top,D,commercial,—,—,—,—,сент-окт,main,,d07_test_gollanda
1958,профессии после 9 класса томск,344,1,top,C,info,9,—,—,томск,июнь-июль,aggregator,,c03_professii_posle_9
1959,педагогический профессии после 9 класса,343,1,top,C,info,9,—,—,—,июнь-июль,main,,c03_professii_posle_9
1960,самая высокооплачиваемая профессия после 11,343,1,top,C,info,11,—,—,—,июнь-июль,main,,e03_vysokooplachivaemye
1961,куда поступить на бухгалтера после 9 класса,342,1,top,C,info,9,—,—,—,июнь-июль,main,,c01_kuda_postupat_posle_9
1962,кем можно стать после 11,341,1,top,C,info,11,—,—,—,июнь-июль,main,,b03_kem_mozhno_stat
1963,куда поступить после 9 класса волжский,341,1,top,C,info,9,—,—,—,июнь-июль,main,,c01_kuda_postupat_posle_9
1964,профессия геодезист после 9 класса,339,1,top,C,info,9,—,—,—,июнь-июль,main,,c03_professii_posle_9
1965,куда можно поступить после 11 класса специальности,338,1,top,C,info,11,—,—,—,июнь-июль,main,,c02_kuda_postupat_posle_11
1966,список высокооплачиваемых профессий после 9 класса,338,1,top,C,info,9,—,—,—,июнь-июль,main,,c03_professii_posle_9
1967,куда поступить в мед после 9 класса,337,1,top,C,info,9,—,—,—,июнь-июль,main,,c01_kuda_postupat_posle_9
1968,тест климова на профориентацию пройти онлайн,337,6,top,D,commercial,—,—,—,—,сент-окт,main,,d01_test_na_proforientaciyu;d03_test_online;d04_projti_test;d08_test_klimova;p04_prof_online;p06_projti_proforientaciyu
1969,какую профессию нужно выбрать,336,1,top,B,info,—,—,—,—,март-апр,main,,b01_kakuyu_professiyu_vybrat
1970,колледж саратов после 9 класса профессии,336,1,top,C,info,9,—,—,саратов,июнь-июль,aggregator,,c03_professii_posle_9
1971,техникумы кемерово после 9 класса список профессий,336,1,top,C,info,9,—,—,кемеров,июнь-июль,aggregator,,c03_professii_posle_9
1972,колледжи профессии после 9 класса красноярск,336,1,top,C,info,9,—,—,красноярск,июнь-июль,aggregator,,c03_professii_posle_9
1973,куда поступать с биологией воронеж,336,1,top,C,info,—,—,биология,воронеж,июнь-июль,aggregator,,c12_s_biologiej
1974,тест на подходящую профессию бесплатно,336,1,top,D,commercial,—,—,—,—,сент-окт,main,,d05_test_na_professiyu
1975,профессия электрик после 9 класса,335,1,top,C,info,9,—,—,—,июнь-июль,main,,c03_professii_posle_9
1976,профессии после 11 класса информатика,335,1,top,C,info,11,—,информатика,—,июнь-июль,main,,c04_professii_posle_11
1977,куда поступать с предметами биология химия,334,2,top,C,info,—,—,биология,—,июнь-июль,main,,c12_s_biologiej;c14_s_himiej
1978,хорошо оплачиваемые профессии после 9 класса,333,1,top,C,info,9,—,—,—,июнь-июль,main,,c03_professii_posle_9
1979,кем стать на кого пойти учиться,331,1,top,B,info,—,—,—,—,март-апр,main,,b04_na_kogo_pojti_uchitsya
1980,кем пойти работать в 14 лет,331,1,top,B,info,—,—,—,—,март-апр,main,,b06_kem_pojti_rabotat
1981,куда можно поступить после 9 класса владивосток,329,1,top,C,info,9,—,—,владивосток,июнь-июль,aggregator,,c01_kuda_postupat_posle_9
1982,востребованные профессии после 9 класса для мальчиков,329,1,top,C,info,9,m,—,—,июнь-июль,main,,c03_professii_posle_9
1983,куда пойти после 11 класса девушке профессии,329,1,top,C,info,11,f,—,—,июнь-июль,main,,c04_professii_posle_11
1984,пройти тест какая профессия мне подходит,328,1,top,D,commercial,—,—,—,—,сент-окт,main,,b05_kakaya_professiya_podhodit
1985,какие профессии востребованы после 11 класса,328,1,top,C,info,11,—,—,—,июнь-июль,main,,c04_professii_posle_11
1986,куда можно поступить с историей и географией,328,2,top,C,info,—,—,история,—,июнь-июль,main,,c11_s_istoriej;c16_s_geografiej
1987,сайт гигтест пройти тестирование,327,1,assoc,D,commercial,—,—,—,—,сент-окт,main,,d03_test_online
1988,профессии медицины после 9 класса,326,1,top,C,info,9,—,—,—,июнь-июль,main,,c03_professii_posle_9
1989,куда можно поступить после 11 класса барнаул,325,1,top,C,info,11,—,—,барнаул,июнь-июль,aggregator,,c02_kuda_postupat_posle_11
1990,куда можно поступить с информатикой и географией,324,2,top,C,info,—,—,информатика,—,июнь-июль,main,,c13_s_informatikoj;c16_s_geografiej
1991,куда поступить на юриста после 11 класса,323,1,top,C,info,11,—,—,—,июнь-июль,main,,c02_kuda_postupat_posle_11
1992,платные профессии после 9 класса,323,1,top,C,commercial,9,—,—,—,июнь-июль,main,,c03_professii_posle_9
1993,престижные профессии после 9 класса,323,1,top,C,info,9,—,—,—,июнь-июль,main,,c03_professii_posle_9
1994,профессии с высокой зарплатой после 9 класса,322,1,top,C,info,9,—,—,—,июнь-июль,main,,c03_professii_posle_9
1995,проф ориентировочный тест,322,1,assoc,D,info,—,—,—,—,сент-окт,main,,p08_proforientaciya_2026
1996,юриспруденция профессии после 9 класса,321,1,top,C,info,9,—,—,—,июнь-июль,main,,c03_professii_posle_9
1997,куда идти после 9 класса профессии,321,1,top,C,info,9,—,—,—,июнь-июль,main,,c03_professii_posle_9
1998,самая высокооплачиваемая профессия в россии для женщин,321,1,top,E,info,—,—,—,—,flat,main,,e03_vysokooplachivaemye
1999,как выбрать профессию девушке,320,1,top,B,info,—,f,—,—,март-апр,main,,b02_kak_vybrat_professiyu
2000,правоохранительные органы профессии после 9 класса,319,1,top,C,info,9,—,—,—,июнь-июль,main,,c03_professii_posle_9
2001,кем можно стать девушке после 9,318,1,top,C,info,9,f,—,—,июнь-июль,main,,b03_kem_mozhno_stat
2002,профессии после 11 класса университеты,318,1,top,C,info,11,—,—,—,июнь-июль,main,,c04_professii_posle_11
2003,куда поступить на дизайнера после 11 класса,317,1,top,C,info,11,—,—,—,июнь-июль,main,,c02_kuda_postupat_posle_11
2004,история и обществознание профессии после 11 класса,317,1,top,C,info,11,—,обществознание,—,июнь-июль,main,,c04_professii_posle_11
2005,на кого пойти учиться в 2026 году,316,1,top,B,info,—,—,—,—,март-апр,main,,b04_na_kogo_pojti_uchitsya
2006,нижний тагил куда поступить после 9 класса,316,1,top,C,info,9,—,—,—,июнь-июль,main,,c01_kuda_postupat_posle_9
2007,профессии после 9 класса химия,316,1,top,C,info,9,—,химия,—,июнь-июль,main,,c03_professii_posle_9
2008,актуальные профессии после 9 класса,316,1,top,C,info,9,—,—,—,июнь-июль,main,,c03_professii_posle_9
2009,профессии техникума после 11 класса,316,1,top,C,info,11,—,—,—,июнь-июль,main,,c04_professii_posle_11
2010,куда поступать с русским литературой историей,316,1,top,C,info,—,—,история,—,июнь-июль,main,,c11_s_istoriej
2011,куда поступать с биологией в казань,316,1,top,C,info,—,—,биология,казан,июнь-июль,aggregator,,c12_s_biologiej
2012,кем можно стать после 9 класса девушке,315,2,top,C,info,9,f,—,—,июнь-июль,main,,b03_kem_mozhno_stat;c07_kem_stat_posle_9
2013,профессии после 9 класса обществознание,315,1,top,C,info,9,—,обществознание,—,июнь-июль,main,,c03_professii_posle_9
2014,профессии специальности после 11 класса,315,1,top,C,info,11,—,—,—,июнь-июль,main,,c04_professii_posle_11
2015,куда поступить ребенку после 11 класса,314,1,top,C,info,11,—,—,—,июнь-июль,main,,c02_kuda_postupat_posle_11
2016,самые высокооплачиваемые профессии после 11 класса,314,2,top,C,info,11,—,—,—,июнь-июль,main,,c04_professii_posle_11;e03_vysokooplachivaemye
2017,какую профессию выбрать список профессий,313,1,top,B,info,—,—,—,—,март-апр,main,,b01_kakuyu_professiyu_vybrat
2018,новокузнецк техникумы после 9 класса профессии,313,1,top,C,info,9,—,—,—,июнь-июль,main,,c03_professii_posle_9
2019,творческие профессии после 11 класса,313,1,top,C,info,11,—,—,—,июнь-июль,main,,c04_professii_posle_11
2020,куда поступить с физика математика информатика,313,2,top,C,info,—,—,информатика,—,июнь-июль,main,,c13_s_informatikoj;c15_s_fizikoj
2021,тест на профессию девушке онлайн бесплатно,313,1,top,D,commercial,—,f,—,—,сент-окт,main,,d05_test_na_professiyu
2022,самые высокооплачиваемые рабочие профессии,312,1,top,E,info,—,—,—,—,flat,main,,e03_vysokooplachivaemye
2023,работа кем пойти работать,308,1,top,B,info,—,—,—,—,март-апр,main,,b06_kem_pojti_rabotat
2024,какие хорошие профессии после 11 класса,308,1,top,C,info,11,—,—,—,июнь-июль,main,,c04_professii_posle_11
2025,пройти тест на профессию бесплатно,308,1,top,D,commercial,—,—,—,—,сент-окт,main,,d05_test_na_professiyu
2026,куда поступить после 11 класса за границу,307,1,top,C,info,11,—,—,—,июнь-июль,main,,c02_kuda_postupat_posle_11
2027,кем можно пойти работать в 14,306,1,top,B,info,—,—,—,—,март-апр,main,,b06_kem_pojti_rabotat
2028,профессии в чите после 9 класса,305,1,top,C,info,9,—,—,чите,июнь-июль,aggregator,,c03_professii_posle_9
2029,работы профессии после 9 класса,305,1,top,C,info,9,—,—,—,июнь-июль,main,,c03_professii_posle_9
2030,выбор профессии как выбрать,304,1,top,B,info,—,—,—,—,март-апр,main,,b02_kak_vybrat_professiyu
2031,профессия повар кондитер после 9 класса,304,1,top,C,info,9,—,—,—,июнь-июль,main,,c03_professii_posle_9
2032,востребованные профессии в россии после 11 класса,304,1,top,C,info,11,—,—,—,июнь-июль,main,,c04_professii_posle_11
2033,бесплатные профессии после 11 класса,304,1,top,C,commercial,11,—,—,—,июнь-июль,main,,c04_professii_posle_11
2034,куда поступить с географией и английским,304,1,top,C,info,—,—,география,—,июнь-июль,main,,c16_s_geografiej
2035,профессии педагогического колледжа после 9 класса,303,1,top,C,info,9,—,—,—,июнь-июль,main,,c03_professii_posle_9
2036,губернский колледж профессии после 9 класса,303,1,top,C,info,9,—,—,—,июнь-июль,main,,c03_professii_posle_9
2037,куда поступить в иркутске девушке,303,1,top,C,info,—,f,—,иркутск,июнь-июль,aggregator,,c08_kuda_postupat_devushke
2038,как выбрать профессию 11 класс,302,3,top,C,info,11,—,—,—,июнь-июль,main,,b02_kak_vybrat_professiyu;c04_professii_posle_11
2039,куда поступить после 11 класса мед,302,1,top,C,info,11,—,—,—,июнь-июль,main,,c02_kuda_postupat_posle_11
2040,куда можно поступить с предметом географии,302,1,top,C,info,—,—,география,—,июнь-июль,main,,c16_s_geografiej
2041,самые лучшие профессии после 9 класса,301,1,top,C,info,9,—,—,—,июнь-июль,main,,c03_professii_posle_9
2042,профессии в ставрополе после 9 класса,301,1,top,C,info,9,—,—,ставропол,июнь-июль,aggregator,,c03_professii_posle_9
2043,какие бывают инженеры специальности,301,1,assoc,E,info,—,—,—,—,flat,main,,e04_professii_buduschego
2044,профориентация в школе 2026,301,1,top,0,info,—,—,—,—,сент-окт,main,,p08_proforientaciya_2026
2045,куда поступить учиться девушке,300,1,top,C,info,—,f,—,—,июнь-июль,main,,c08_kuda_postupat_devushke
2046,какую профессию выбрать мальчику после 9,299,1,top,C,info,9,m,—,—,июнь-июль,main,,b01_kakuyu_professiyu_vybrat
2047,куда поступить после 11 класса в пензе,299,1,top,C,info,11,—,—,пенз,июнь-июль,aggregator,,c02_kuda_postupat_posle_11
2048,колледжи екатеринбурга после 9 класса профессии,299,1,top,C,info,9,—,—,екатеринбург,июнь-июль,aggregator,,c03_professii_posle_9
2049,какие профессии выбрать после 9 класса мальчикам,298,1,top,C,info,9,m,—,—,июнь-июль,main,,b01_kakuyu_professiyu_vybrat
2050,куда поступить с биологией новосибирск,297,1,top,C,info,—,—,биология,новосибирск,июнь-июль,aggregator,,c12_s_biologiej
2051,тест на выбор профессии 11 класс,296,4,top,D,info,11,—,—,—,сент-окт,main,,c04_professii_posle_11;d05_test_na_professiyu;d06_test_na_vybor_professii
2052,биология какие профессии после 11 класса,294,1,top,C,info,11,—,биология,—,июнь-июль,main,,c04_professii_posle_11
2053,география профессии после 11 класса,294,1,top,C,info,11,—,география,—,июнь-июль,main,,c04_professii_posle_11
2054,куда поступить с базовой математикой и физикой,294,1,top,C,info,—,—,физика,—,июнь-июль,main,,c15_s_fizikoj
2055,куда поступать после 11 класса специалитет,293,1,top,C,info,11,—,—,—,июнь-июль,main,,c02_kuda_postupat_posle_11
2056,выборы профессии после 11 класса,293,1,top,C,info,11,—,—,—,июнь-июль,main,,c04_professii_posle_11
2057,куда поступить с информатикой 40 баллов,293,1,top,C,info,—,—,информатика,—,июнь-июль,main,,c13_s_informatikoj
2058,куда поступить с химией спб,293,1,top,C,info,—,—,химия,спб,июнь-июль,aggregator,,c14_s_himiej
2059,выбор профессии после 11 класса,292,1,top,C,info,11,—,—,—,июнь-июль,main,,c04_professii_posle_11
2060,куда можно поступить с английским и информатикой,292,1,top,C,info,—,—,информатика,—,июнь-июль,main,,c13_s_informatikoj
2061,какую профессию выбрать в колледже,290,2,top,C,info,—,—,—,—,июнь-июль,main,,b01_kakuyu_professiyu_vybrat
2062,на кого пойти учиться девочке после 9,290,1,top,C,info,9,f,—,—,июнь-июль,main,,b04_na_kogo_pojti_uchitsya
2063,кем пойти работать в 16,290,1,top,B,info,—,—,—,—,март-апр,main,,b06_kem_pojti_rabotat
2064,техникум какое образование считается по закону,290,1,assoc,C,info,—,—,—,—,июнь-июль,main,,c05_postupit_v_kolledzh
2065,куда поступать с биологией и математикой профиль,290,1,top,C,info,—,—,биология,—,июнь-июль,main,,c12_s_biologiej
2066,работа в голландии,290,1,assoc,D,info,—,—,—,—,сент-окт,main,,d07_test_gollanda
2067,самые высокооплачиваемые профессии в 2026 году,290,1,top,E,info,—,—,—,—,flat,main,,e03_vysokooplachivaemye
2068,куда можно поступить в красноярске девушке,289,1,top,C,info,—,f,—,красноярск,июнь-июль,aggregator,,c08_kuda_postupat_devushke
2069,профессии после 11 класса с историей,288,1,top,C,info,11,—,история,—,июнь-июль,main,,c04_professii_posle_11
2070,куда поступать с физикой девушке,288,2,top,C,info,—,f,физика,—,июнь-июль,main,,c08_kuda_postupat_devushke;c15_s_fizikoj
2071,низкие баллы куда поступить с биологией,288,1,top,C,info,—,—,биология,—,июнь-июль,main,,c12_s_biologiej
2072,куда поступить после 11 класса военное,287,1,top,C,info,11,—,—,—,июнь-июль,main,,c02_kuda_postupat_posle_11
2073,диагностический тест климова,286,1,top,D,info,—,—,—,—,сент-окт,main,,d08_test_klimova
2074,классификатор специальностей высшего образования,284,1,assoc,C,info,—,—,—,—,июнь-июль,main,,c04_professii_posle_11
2075,вузы куда можно поступить с информатикой,284,1,top,C,info,—,—,информатика,—,июнь-июль,main,,c13_s_informatikoj
2076,вузы куда можно поступить с физикой,282,1,top,C,info,—,—,физика,—,июнь-июль,main,,c15_s_fizikoj
2077,тест на будущую профессию бесплатно,282,1,top,D,commercial,—,—,—,—,сент-окт,main,,d05_test_na_professiyu
2078,тест на какую профессию идти,281,1,top,D,info,—,—,—,—,сент-окт,main,,d05_test_na_professiyu
2079,профессии для поступления после 11 класса,280,1,top,C,info,11,—,—,—,июнь-июль,main,,c04_professii_posle_11
2080,куда поступить с химией в питере,280,1,top,C,info,—,—,химия,питер,июнь-июль,aggregator,,c14_s_himiej
2081,дифференциальный тест климова,280,1,top,D,info,—,—,—,—,сент-окт,main,,d08_test_klimova
2082,кем можно стать в классе,278,1,top,B,info,—,—,—,—,март-апр,main,,b03_kem_mozhno_stat
2083,куда поступать с профматом и физикой,278,1,top,C,info,—,—,физика,—,июнь-июль,main,,c15_s_fizikoj
2084,тест на психолога профессия,278,1,top,D,info,—,—,—,—,сент-окт,main,,d05_test_na_professiyu
2085,тест профориентация бесплатно для школьников 9 класс,278,2,top,D,commercial,9,—,—,—,сент-окт,main,,p03_prof_dlya_shkolnikov;p05_prof_9_klass
2086,профессии кем можно стать девушке,277,1,top,B,info,—,f,—,—,март-апр,main,,b03_kem_mozhno_stat
2087,после 11 класса куда можно поступить учиться,277,1,top,C,info,11,—,—,—,июнь-июль,main,,c02_kuda_postupat_posle_11
2088,куда пойти учиться на кого,276,1,top,B,info,—,—,—,—,март-апр,main,,b04_na_kogo_pojti_uchitsya
2089,кем пойти работать женщине,275,1,top,B,info,—,—,—,—,март-апр,main,,b06_kem_pojti_rabotat
2090,куда можно поступить после 9 11 класса,275,1,top,C,info,11,—,—,—,июнь-июль,main,,c02_kuda_postupat_posle_11
2091,куда можно поступить с экзаменами химия биология,275,1,top,C,info,—,—,биология,—,июнь-июль,main,,c14_s_himiej
2092,как проходит профориентация,275,1,top,0,info,—,—,—,—,сент-окт,main,,p06_projti_proforientaciyu
2093,не знаю какую профессию выбрать,274,1,top,B,info,—,—,—,—,март-апр,main,,b01_kakuyu_professiyu_vybrat
2094,куда можно поступить с обществом и информатикой,273,1,top,C,info,—,—,информатика,—,июнь-июль,main,,c13_s_informatikoj
2095,тест климова дифференциально диагностический,273,1,top,D,info,—,—,—,—,сент-окт,main,,d08_test_klimova
2096,куда поступать после школы 11 классов,272,1,top,C,info,11,—,—,—,июнь-июль,main,,c02_kuda_postupat_posle_11
2097,куда поступать после 11 парню,272,1,top,C,info,11,m,—,—,июнь-июль,main,,c09_kuda_postupat_parnyu
2098,куда поступить с информатикой казань,272,1,top,C,info,—,—,информатика,казан,июнь-июль,aggregator,,c13_s_informatikoj
2099,тест на профориентацию 8 класс,272,1,top,D,info,8,—,—,—,сент-окт,main,,d01_test_na_proforientaciyu
2100,тест голланда пройти онлайн,271,1,top,D,commercial,—,—,—,—,сент-окт,main,,d07_test_gollanda
2101,профориентация для школьников 8,271,1,top,0,info,—,—,—,—,сент-окт,main,,p03_prof_dlya_shkolnikov
2102,профориентация для школьников 8 класс,269,1,top,0,info,8,—,—,—,сент-окт,main,,p03_prof_dlya_shkolnikov
2103,куда поступить в чите после 11 класса,268,1,top,C,info,11,—,—,чите,июнь-июль,aggregator,,c02_kuda_postupat_posle_11
2104,тест климова дифференциально диагностический опросник,268,1,top,D,info,—,—,—,—,сент-окт,main,,d08_test_klimova
2105,пройду тест по профориентации,268,1,top,D,info,—,—,—,—,сент-окт,main,,p06_projti_proforientaciyu
2106,казань куда поступить с физикой,267,1,top,C,info,—,—,физика,казан,июнь-июль,aggregator,,c15_s_fizikoj
2107,куда поступать с профилем и географией,267,1,top,C,info,—,—,география,—,июнь-июль,main,,c16_s_geografiej
2108,какую лучше выбрать профессию после 9,266,1,top,C,info,9,—,—,—,июнь-июль,main,,b01_kakuyu_professiyu_vybrat
2109,лечебное дело кем можно стать,266,2,top,B,info,—,—,—,—,март-апр,main,,b03_kem_mozhno_stat
2110,куда поступать с информатикой и биологией,266,1,top,C,info,—,—,биология,—,июнь-июль,main,,c13_s_informatikoj
2111,куда поступить после 11 класса платно,265,1,top,C,commercial,11,—,—,—,июнь-июль,main,,c02_kuda_postupat_posle_11
2112,куда поступить после 11 класса в оренбурге,265,1,top,C,info,11,—,—,оренбург,июнь-июль,aggregator,,c02_kuda_postupat_posle_11
2113,центры профориентации молодежи,264,1,top,0,info,—,—,—,—,сент-окт,main,,p07_centr_proforientacii
2114,куда поступить с профилем и химией,262,1,top,C,info,—,—,химия,—,июнь-июль,main,,c14_s_himiej
2115,кем можно пойти работать в 14 лет,261,1,top,B,info,—,—,—,—,март-апр,main,,b06_kem_pojti_rabotat
2116,куда поступить в ставрополе после 11 класса,261,1,top,C,info,11,—,—,ставропол,июнь-июль,aggregator,,c02_kuda_postupat_posle_11
2117,кем пойти работать в 16 лет,260,1,top,B,info,—,—,—,—,март-апр,main,,b06_kem_pojti_rabotat
2118,куда поступить после 11 девушке профессии,260,1,top,C,info,11,f,—,—,июнь-июль,main,,c08_kuda_postupat_devushke
2119,куда поступить после 11 класса в ижевске,259,1,top,C,info,11,—,—,ижевск,июнь-июль,aggregator,,c02_kuda_postupat_posle_11
2120,куда поступить в хабаровске после 11 класса,259,1,top,C,info,11,—,—,хабаровск,июнь-июль,aggregator,,c02_kuda_postupat_posle_11
2121,обучение после 11 класса профессии,259,1,top,C,info,11,—,—,—,июнь-июль,main,,c04_professii_posle_11
2122,тест климова человек человек,257,1,top,D,info,—,—,—,—,сент-окт,main,,d08_test_klimova
2123,на кого пойти учиться высшее образование,255,1,top,B,info,—,—,—,—,март-апр,main,,b04_na_kogo_pojti_uchitsya
2124,единая модель профориентации 2026,255,1,top,0,info,—,—,—,—,сент-окт,main,,p08_proforientaciya_2026
2125,куда поступить после 11 класса в смоленске,254,1,top,C,info,11,—,—,смоленск,июнь-июль,aggregator,,c02_kuda_postupat_posle_11
2126,куда поступают после 11 класса на бакалавриат,254,1,top,C,info,11,—,—,—,июнь-июль,main,,c02_kuda_postupat_posle_11
2127,профессии для девочек после 11 класса,254,1,top,C,info,11,—,—,—,июнь-июль,main,,c04_professii_posle_11
2128,куда поступать с физикой и биологией,254,1,top,C,info,—,—,биология,—,июнь-июль,main,,c15_s_fizikoj
2129,какую профессию лучше выбрать после 9 класса,253,1,top,C,info,9,—,—,—,июнь-июль,main,,b01_kakuyu_professiyu_vybrat
2130,как можно выбрать профессию,253,1,top,B,info,—,—,—,—,март-апр,main,,b02_kak_vybrat_professiyu
2131,куда поступить после 9 класса челябинск девушке,252,1,top,C,info,9,f,—,челябинск,июнь-июль,aggregator,,c08_kuda_postupat_devushke
2132,куда поступить с информатикой спб,252,1,top,C,info,—,—,информатика,спб,июнь-июль,aggregator,,c13_s_informatikoj
2133,куда поступать с химией и профматом,252,1,top,C,info,—,—,химия,—,июнь-июль,main,,c14_s_himiej
2134,какая профессия мне подходит без регистрации,251,1,top,B,info,—,—,—,—,март-апр,main,,b05_kakaya_professiya_podhodit
2135,кем можно стать после 11 класса,250,1,top,C,info,11,—,—,—,июнь-июль,main,,b03_kem_mozhno_stat
2136,тест какая профессия мне подходит бесплатно онлайн,250,1,top,D,commercial,—,—,—,—,сент-окт,main,,b05_kakaya_professiya_podhodit
2137,тест какая профессия мне подходит без регистрации,249,1,top,D,info,—,—,—,—,сент-окт,main,,b05_kakaya_professiya_podhodit
2138,какие профессии можно выбрать после 9,248,1,top,C,info,9,—,—,—,июнь-июль,main,,b01_kakuyu_professiyu_vybrat
2139,куда поступать 11 класса парню,248,3,top,C,info,11,m,—,—,июнь-июль,main,,c02_kuda_postupat_posle_11;c09_kuda_postupat_parnyu
2140,куда поступить на стоматолога после 11 класса,247,1,top,C,info,11,—,—,—,июнь-июль,main,,c02_kuda_postupat_posle_11
2141,куда можно поступить с физикой и химией,247,2,top,C,info,—,—,химия,—,июнь-июль,main,,c14_s_himiej;c15_s_fizikoj
2142,как выбрать профессию жизни,245,1,top,B,info,—,—,—,—,март-апр,main,,b02_kak_vybrat_professiyu
2143,какая профессия мне больше подходит,243,1,top,B,info,—,—,—,—,март-апр,main,,b05_kakaya_professiya_podhodit
2144,с экзаменом истории куда можно поступить,242,1,top,C,info,—,—,история,—,июнь-июль,main,,c11_s_istoriej
2145,как понять какую профессию выбрать,241,2,top,B,info,—,—,—,—,март-апр,main,,b01_kakuyu_professiyu_vybrat;b02_kak_vybrat_professiyu
2146,на кого можно пойти работать после 9,241,1,top,C,info,9,—,—,—,июнь-июль,main,,b06_kem_pojti_rabotat
2147,психологический тест на профессию,240,1,top,D,info,—,—,—,—,сент-окт,main,,d05_test_na_professiyu
2148,куда поступить после 11 девушке список,238,1,top,C,info,11,f,—,—,июнь-июль,main,,c08_kuda_postupat_devushke
2149,тест типа голланда,238,1,top,D,info,—,—,—,—,сент-окт,main,,d07_test_gollanda
2150,востребованные профессии после 11 класса список,236,1,top,C,info,11,—,—,—,июнь-июль,main,,c04_professii_posle_11
2151,какие профессии самые востребованные и высокооплачиваемые,236,1,top,E,info,—,—,—,—,flat,main,,e03_vysokooplachivaemye
2152,как помочь ребенку выбрать профессию,234,1,top,A,info,—,—,—,—,сент-окт,main,,b02_kak_vybrat_professiyu
2153,куда поступать с литературой и историей егэ,233,1,top,C,info,—,—,история,—,июнь-июль,main,,c11_s_istoriej
2154,тест на профессию после 11 бесплатно,233,1,top,D,commercial,11,—,—,—,сент-окт,main,,d05_test_na_professiyu
2155,тест опросник е а климова,233,1,top,D,info,—,—,—,—,сент-окт,main,,d08_test_klimova
2156,интересные профессии после 11 класса,232,1,top,C,info,11,—,—,—,июнь-июль,main,,c04_professii_posle_11
2157,тюмень куда поступить девушке,232,1,top,C,info,—,f,—,тюмен,июнь-июль,aggregator,,c08_kuda_postupat_devushke
2158,куда поступить после 9 класса томск девушке,232,1,top,C,info,9,f,—,томск,июнь-июль,aggregator,,c08_kuda_postupat_devushke
2159,тест климова бесплатно,232,1,top,D,commercial,—,—,—,—,сент-окт,main,,d08_test_klimova
2160,самые высокооплачиваемые профессии после 9 класса девушке,232,1,top,C,info,9,f,—,—,июнь-июль,main,,e03_vysokooplachivaemye
2161,обществознание кем можно стать,231,1,top,B,info,—,—,обществознание,—,март-апр,main,,b03_kem_mozhno_stat
2162,самые высокооплачиваемые профессии в россии после 11,231,1,top,C,info,11,—,—,—,июнь-июль,main,,e03_vysokooplachivaemye
2163,кем пойти работать юристу,230,1,top,B,info,—,—,—,—,март-апр,main,,b06_kem_pojti_rabotat
2164,проф тест на профессию,230,1,top,D,info,—,—,—,—,сент-окт,main,,d05_test_na_professiyu
2165,тест на профориентацию бесплатно для школьников 9,229,3,top,D,commercial,—,—,—,—,сент-окт,main,,d01_test_na_proforientaciyu;d02_test_besplatno;p03_prof_dlya_shkolnikov
2166,тест профориентации для школьников 8,229,1,top,D,info,—,—,—,—,сент-окт,main,,p03_prof_dlya_shkolnikov
2167,куда поступить после 11 класса во владивостоке,228,1,top,C,info,11,—,—,владивосток,июнь-июль,aggregator,,c02_kuda_postupat_posle_11
2168,куда поступить в вуз с географией,227,1,top,C,info,—,—,география,—,июнь-июль,main,,c16_s_geografiej
2169,дифференциально диагностический опросник е а климова тест,227,1,top,D,info,—,—,—,—,сент-окт,main,,d08_test_klimova
2170,тест климова е а дифференциально диагностический,227,1,top,D,info,—,—,—,—,сент-окт,main,,d08_test_klimova
2171,куда поступить после 11 класса в чебоксарах,225,1,top,C,info,11,—,—,чебоксар,июнь-июль,aggregator,,c02_kuda_postupat_posle_11
2172,как выбрать профессию тест бесплатно,224,1,top,D,commercial,—,—,—,—,сент-окт,main,,b02_kak_vybrat_professiyu
2173,какую профессию выбрать с хорошей зарплатой,223,1,top,B,info,—,—,—,—,март-апр,main,,b01_kakuyu_professiyu_vybrat
2174,тест профориентация холланда онлайн,223,3,top,D,commercial,—,—,—,—,сент-окт,main,,d01_test_na_proforientaciyu;d03_test_online;p04_prof_online
2175,тест на профессию для девушек,223,1,top,D,info,—,f,—,—,сент-окт,main,,d05_test_na_professiyu
2176,какие профессии стоит выбрать,222,1,top,B,info,—,—,—,—,март-апр,main,,b01_kakuyu_professiyu_vybrat
2177,куда поступать девушке с русским,222,1,top,C,info,—,f,русский язык,—,июнь-июль,main,,c08_kuda_postupat_devushke
2178,онлайн профориентация для школьников 9 класс,222,3,top,0,commercial,9,—,—,—,сент-окт,main,,p03_prof_dlya_shkolnikov;p04_prof_online;p05_prof_9_klass
2179,профориентация в школе 2025 2026,222,1,top,0,info,—,—,—,—,сент-окт,main,,p08_proforientaciya_2026
2180,какие профессии можно выбрать после 9 класса,221,1,top,C,info,9,—,—,—,июнь-июль,main,,b01_kakuyu_professiyu_vybrat
2181,история какие профессии после 11 класса,221,1,top,C,info,11,—,история,—,июнь-июль,main,,c04_professii_posle_11
2182,профессиональные тесты голланда,221,1,top,D,info,—,—,—,—,сент-окт,main,,d07_test_gollanda
2183,на кого можно пойти учиться мальчику,220,1,top,B,info,—,m,—,—,март-апр,main,,b04_na_kogo_pojti_uchitsya
2184,куда поступить после 11 с егэ информатикой,220,1,top,C,info,11,—,информатика,—,июнь-июль,main,,c13_s_informatikoj
2185,кем можно стать сдавая биологию,219,1,top,B,info,—,—,биология,—,март-апр,main,,b03_kem_mozhno_stat
2186,на кого пойти учиться заочно,219,1,top,B,info,—,—,—,—,март-апр,main,,b04_na_kogo_pojti_uchitsya
2187,на кого пойти учиться в вуз,219,1,top,C,info,—,—,—,—,июнь-июль,main,,b04_na_kogo_pojti_uchitsya
2188,куда поступить после 11 класса в кирове,219,1,top,C,info,11,—,—,киров,июнь-июль,aggregator,,c02_kuda_postupat_posle_11
2189,куда можно поступить бесплатно после 11 класса,219,1,top,C,commercial,11,—,—,—,июнь-июль,main,бесплатно=бюджет (резолюция v2),c02_kuda_postupat_posle_11
2190,лучший тест на профориентацию,219,1,top,D,info,—,—,—,—,сент-окт,main,,d01_test_na_proforientaciyu
2191,тест на профориентацию 11 класс бесплатно,219,4,top,D,commercial,11,—,—,—,сент-окт,main,,d01_test_na_proforientaciyu;d02_test_besplatno
2192,ддо климова профориентация,218,1,top,D,info,—,—,—,—,сент-окт,main,,d09_ddo_klimova
2193,как понять какая профессия мне подходит,217,1,top,B,info,—,—,—,—,март-апр,main,,b05_kakaya_professiya_podhodit
2194,тест на определение профессии для подростка,217,1,top,D,info,—,—,—,—,сент-окт,main,,d05_test_na_professiyu
2195,тест на выбор профессии для школьников,217,2,top,D,info,—,—,—,—,сент-окт,main,,d05_test_na_professiyu;d06_test_na_vybor_professii
2196,тест на профессию после 11 девушке,217,1,top,D,info,11,f,—,—,сент-окт,main,,d05_test_na_professiyu
2197,выбор профессии профориентация для школьников,217,1,top,0,info,—,—,—,—,сент-окт,main,,p03_prof_dlya_shkolnikov
2198,куда поступить с географией казань,216,1,top,C,info,—,—,география,казан,июнь-июль,aggregator,,c16_s_geografiej
2199,текст какую профессию выбрать,215,1,top,B,info,—,—,—,—,март-апр,main,,b01_kakuyu_professiyu_vybrat
2200,биология и химия профессии после 11 класса,215,1,top,C,info,11,—,биология,—,июнь-июль,main,,c04_professii_posle_11
2201,10 самых высокооплачиваемых профессий в россии,215,1,top,E,info,—,—,—,—,flat,main,,e03_vysokooplachivaemye
2202,тест на профессию после 11 класса девушке,214,2,top,D,info,11,f,—,—,сент-окт,main,,c04_professii_posle_11;d05_test_na_professiyu
2203,куда поступить девушке в москве,214,1,top,C,info,—,f,—,москв,июнь-июль,aggregator,,c08_kuda_postupat_devushke
2204,тест по текущей профессии кр на адм,214,1,top,D,info,—,—,—,—,сент-окт,main,,d05_test_na_professiyu
2205,тест методика голланда,214,1,top,D,info,—,—,—,—,сент-окт,main,,d07_test_gollanda
2206,какую профессию выбрать в 2026 году,213,1,top,B,info,—,—,—,—,март-апр,main,,b01_kakuyu_professiyu_vybrat
2207,на кого можно пойти учиться девочке,213,1,top,B,info,—,f,—,—,март-апр,main,,b04_na_kogo_pojti_uchitsya
2208,пройти тест на профессию онлайн,213,1,top,D,commercial,—,—,—,—,сент-окт,main,,d05_test_na_professiyu
2209,куда можно поступить с информатикой 40 баллов,212,1,top,C,info,—,—,информатика,—,июнь-июль,main,,c13_s_informatikoj
2210,тест голланда профориентация онлайн,212,4,top,D,commercial,—,—,—,—,сент-окт,main,,d01_test_na_proforientaciyu;d03_test_online;d07_test_gollanda;p04_prof_online
2211,профориентация для школьников без регистрации,212,2,top,0,info,—,—,—,—,сент-окт,main,,p03_prof_dlya_shkolnikov
2212,как выбрать профессию подростку,210,1,top,B,info,—,—,—,—,март-апр,main,,b02_kak_vybrat_professiyu
2213,на кого пойти учиться на вышку,209,1,top,B,info,—,—,—,—,март-апр,main,,b04_na_kogo_pojti_uchitsya
2214,кем можно пойти работать в 16,209,1,top,B,info,—,—,—,—,март-апр,main,,b06_kem_pojti_rabotat
2215,тест на профессию после 11 класса бесплатно,209,2,top,D,commercial,11,—,—,—,сент-окт,main,,c04_professii_posle_11;d05_test_na_professiyu
2216,тест голланда на профориентацию пройти,209,4,top,D,commercial,—,—,—,—,сент-окт,main,,d01_test_na_proforientaciyu;d04_projti_test;d07_test_gollanda;p06_projti_proforientaciyu
2217,как выбрать профессию после 9 класса девушке,208,1,top,C,info,9,f,—,—,июнь-июль,main,,b02_kak_vybrat_professiyu
2218,куда поступить в архангельске после 11 класса,208,1,top,C,info,11,—,—,архангельск,июнь-июль,aggregator,,c02_kuda_postupat_posle_11
2219,куда поступить с физикой спб,208,1,top,C,info,—,—,физика,спб,июнь-июль,aggregator,,c15_s_fizikoj
2220,физика и математика куда поступить девушке,207,1,top,C,info,—,f,физика,—,июнь-июль,main,,c08_kuda_postupat_devushke
2221,пройти профориентацию 9 класс,206,4,top,0,commercial,9,—,—,—,сент-окт,main,,p05_prof_9_klass;p06_projti_proforientaciyu
2222,готика ремейк кем можно стать,205,1,top,B,info,—,—,—,—,март-апр,main,,b03_kem_mozhno_stat
2223,физика на кого пойти учиться,205,1,top,B,info,—,—,физика,—,март-апр,main,,b04_na_kogo_pojti_uchitsya
2224,куда поступить с историей в питере,205,1,top,C,info,—,—,история,питер,июнь-июль,aggregator,,c11_s_istoriej
2225,тест на определение профессии бесплатно,205,1,top,D,commercial,—,—,—,—,сент-окт,main,,d05_test_na_professiyu
2226,какую профессию выбрать девушке после 11,204,1,top,C,info,11,f,—,—,июнь-июль,main,,b01_kakuyu_professiyu_vybrat
2227,куда поступать на инженера после 11 класса,204,1,top,C,info,11,—,—,—,июнь-июль,main,,c02_kuda_postupat_posle_11
2228,какую профессию выбрать девушке после 11 класса,203,2,top,C,info,11,f,—,—,июнь-июль,main,,b01_kakuyu_professiyu_vybrat;c04_professii_posle_11
2229,куда поступить после 11 класса в рязани,203,1,top,C,info,11,—,—,рязан,июнь-июль,aggregator,,c02_kuda_postupat_posle_11
2230,список лучших профессий после 11 класса,203,1,top,C,info,11,—,—,—,июнь-июль,main,,c04_professii_posle_11
2231,не знаю как выбрать профессию,202,1,top,B,info,—,—,—,—,март-апр,main,,b02_kak_vybrat_professiyu
2232,как выбрать профессию образование,202,1,top,B,info,—,—,—,—,март-апр,main,,b02_kak_vybrat_professiyu
2233,профессии после 11 го класса,202,1,top,C,info,11,—,—,—,июнь-июль,main,,c04_professii_posle_11
2234,куда поступить в томске после 9 девушке,202,1,top,C,info,9,f,—,томск,июнь-июль,aggregator,,c08_kuda_postupat_devushke
2235,екатеринбург куда поступить с химией,202,1,top,C,info,—,—,химия,екатеринбург,июнь-июль,aggregator,,c14_s_himiej
2236,профориентация какие тест на профориентацию,202,1,top,D,info,—,—,—,—,сент-окт,main,,d01_test_na_proforientaciyu
2237,методика ддо климова,202,1,top,D,info,—,—,—,—,сент-окт,main,,d09_ddo_klimova
2238,не знаю куда поступать после 11 класса,201,1,top,C,info,11,—,—,—,июнь-июль,main,,c02_kuda_postupat_posle_11
2239,тест куда поступать после 11 класса,201,1,top,D,info,11,—,—,—,сент-окт,main,,c02_kuda_postupat_posle_11
2240,какие профессии можно получить после 11 класса,201,1,top,C,info,11,—,—,—,июнь-июль,main,,c04_professii_posle_11
2241,профессии для девушек куда поступить,201,1,top,C,info,—,f,—,—,июнь-июль,main,,c08_kuda_postupat_devushke
2242,профориентация тест на выбор профессии 11,201,3,top,D,info,—,—,—,—,сент-окт,main,,d01_test_na_proforientaciyu;d05_test_na_professiyu;d06_test_na_vybor_professii
2243,куда поступать с экзаменом физика,200,1,top,C,info,—,—,физика,—,июнь-июль,main,,c15_s_fizikoj
2244,кем пойти работать в 15,199,1,top,B,info,—,—,—,—,март-апр,main,,b06_kem_pojti_rabotat
2245,профориентация тест на выбор профессии 11 класс,199,3,top,D,info,11,—,—,—,сент-окт,main,,d01_test_na_proforientaciyu;d05_test_na_professiyu;d06_test_na_vybor_professii
2246,яндекс тест на профориентацию,199,1,top,D,info,—,—,—,—,сент-окт,main,,d01_test_na_proforientaciyu
2247,тема как выбрать профессию,198,1,top,B,info,—,—,—,—,март-апр,main,,b02_kak_vybrat_professiyu
2248,куда поступать с физикой после 9,198,1,top,C,info,9,—,физика,—,июнь-июль,main,,c15_s_fizikoj
2249,тест на профориентацию 2026 бесплатно,198,3,top,D,commercial,—,—,—,—,сент-окт,main,,d01_test_na_proforientaciyu;d02_test_besplatno;p08_proforientaciya_2026
2250,тест личности голланда,198,1,top,D,info,—,—,—,—,сент-окт,main,,d07_test_gollanda
2251,центр профориентации и трудоустройства,198,1,top,0,commercial,—,—,—,—,сент-окт,main,,p07_centr_proforientacii
2252,прибыльные профессии после 11 класса,197,1,top,C,info,11,—,—,—,июнь-июль,main,,c04_professii_posle_11
2253,куда поступить с географией пермь,197,1,top,C,info,—,—,география,перм,июнь-июль,aggregator,,c16_s_geografiej
2254,мгу профориентация для школьников,197,1,top,0,info,—,—,—,—,сент-окт,main,,p03_prof_dlya_shkolnikov
2255,тест на профессии человек человек,196,1,top,D,info,—,—,—,—,сент-окт,main,,d05_test_na_professiyu
2256,как выбрать профессию по душе тест,195,1,top,D,info,—,—,—,—,сент-окт,main,,b02_kak_vybrat_professiyu
2257,как выбрать новую профессию,195,1,top,B,info,—,—,—,—,март-апр,main,,b02_kak_vybrat_professiyu
2258,тесты на профессию и специальность,195,1,top,D,info,—,—,—,—,сент-окт,main,,d05_test_na_professiyu
2259,профессии с высокой зарплатой после 11 класса,194,1,top,C,info,11,—,—,—,июнь-июль,main,,c04_professii_posle_11
2260,тест на работу профессию,194,1,top,D,info,—,—,—,—,сент-окт,main,,d05_test_na_professiyu
2261,кем можно стать список,193,1,top,B,info,—,—,—,—,март-апр,main,,b03_kem_mozhno_stat
2262,профессии будущего после 11 класса,193,1,top,C,info,11,—,—,—,июнь-июль,main,,c04_professii_posle_11
2263,тест на профориентацию холланда бесплатно,193,2,top,D,commercial,—,—,—,—,сент-окт,main,,d01_test_na_proforientaciyu;d02_test_besplatno
2264,куда поступать с профматом и информатикой,192,1,top,C,info,—,—,информатика,—,июнь-июль,main,,c13_s_informatikoj
2265,профессии после 9 и 11 класса,191,1,top,C,info,11,—,—,—,июнь-июль,main,,c04_professii_posle_11
2266,тест на профориентацию для школьников 8 класс,191,2,top,D,info,8,—,—,—,сент-окт,main,,d01_test_na_proforientaciyu;p03_prof_dlya_shkolnikov
2267,самые высокооплачиваемые профессии в сша,191,1,top,E,info,—,—,—,—,flat,main,,e03_vysokooplachivaemye
2268,какие профессии выбирают женщины,190,1,top,B,info,—,—,—,—,март-апр,main,,b01_kakuyu_professiyu_vybrat
2269,какие профессии лучше выбирать девушкам,190,1,top,B,info,—,f,—,—,март-апр,main,,b01_kakuyu_professiyu_vybrat
2270,как нужно выбрать профессию,190,1,top,B,info,—,—,—,—,март-апр,main,,b02_kak_vybrat_professiyu
2271,как выбрать лучшую профессию,190,1,top,B,info,—,—,—,—,март-апр,main,,b02_kak_vybrat_professiyu
2272,на кого пойти учиться женщине,190,1,top,B,info,—,—,—,—,март-апр,main,,b04_na_kogo_pojti_uchitsya
2273,не знаю кем стать в будущем,190,1,top,B,info,—,—,—,—,март-апр,main,,b07_ne_znayu_kem_stat
2274,куда поступить с русским физикой информатикой,190,2,top,C,info,—,—,информатика,—,июнь-июль,main,,c13_s_informatikoj;c15_s_fizikoj
2275,топ 10 самых высокооплачиваемых профессий,190,1,top,E,info,—,—,—,—,flat,main,,e03_vysokooplachivaemye
2276,самые высокооплачиваемые профессии врачей,190,1,top,E,info,—,—,—,—,flat,main,,e03_vysokooplachivaemye
2277,юриспруденция кем можно стать,189,2,top,B,info,—,—,—,—,март-апр,main,,b03_kem_mozhno_stat
2278,на кого пойти учиться чтобы зарабатывать,189,1,top,B,info,—,—,—,—,март-апр,main,,b04_na_kogo_pojti_uchitsya
2279,профессии для мужчин после 11 класса,189,1,top,C,info,11,—,—,—,июнь-июль,main,,c04_professii_posle_11
2280,куда поступать с предметами физика математика,188,1,top,C,info,—,—,физика,—,июнь-июль,main,,c15_s_fizikoj
2281,тест голланда на профориентацию пройти онлайн,188,6,top,D,commercial,—,—,—,—,сент-окт,main,,d01_test_na_proforientaciyu;d03_test_online;d04_projti_test;d07_test_gollanda;p04_prof_online;p06_projti_proforientaciyu
2282,методика климова профориентация тест,188,2,top,D,info,—,—,—,—,сент-окт,main,,d01_test_na_proforientaciyu;d08_test_klimova
2283,тест по методике климова,188,1,top,D,info,—,—,—,—,сент-окт,main,,d08_test_klimova
2284,центр профориентации серпухов,188,1,top,0,commercial,—,—,—,—,сент-окт,main,,p07_centr_proforientacii
2285,текст как выбрать профессию,187,1,top,B,info,—,—,—,—,март-апр,main,,b02_kak_vybrat_professiyu
2286,медицинский кем можно стать,187,2,top,B,info,—,—,—,—,март-апр,main,,b03_kem_mozhno_stat
2287,на кого пойти учиться востребованные профессии,187,1,top,B,info,—,—,—,—,март-апр,main,,b04_na_kogo_pojti_uchitsya
2288,кем можно пойти работать в 16 лет,187,1,top,B,info,—,—,—,—,март-апр,main,,b06_kem_pojti_rabotat
2289,куда поступить с химией и информатикой,187,2,top,C,info,—,—,информатика,—,июнь-июль,main,,c13_s_informatikoj;c14_s_himiej
2290,кем пойти работать в 15 лет,186,1,top,B,info,—,—,—,—,март-апр,main,,b06_kem_pojti_rabotat
2291,куда поступать с физикой и географией,186,2,top,C,info,—,—,физика,—,июнь-июль,main,,c15_s_fizikoj;c16_s_geografiej
2292,куда поступать с физикой и обществознанием,186,1,top,C,info,—,—,обществознание,—,июнь-июль,main,,c15_s_fizikoj
2293,эрготерапевт кто это по специальности,186,1,assoc,E,info,—,—,—,—,flat,main,,e04_professii_buduschego
2294,кем можно пойти работать если учишься,184,1,top,B,info,—,—,—,—,март-апр,main,,b06_kem_pojti_rabotat
2295,куда поступать с физикой в питере,184,1,top,C,info,—,—,физика,питер,июнь-июль,aggregator,,c15_s_fizikoj
2296,высшее сестринское образование кем можно работать,183,1,assoc,B,info,—,—,—,—,март-апр,main,,c04_professii_posle_11
2297,куда поступать с географией огэ,183,1,top,C,info,—,—,география,—,июнь-июль,main,,c16_s_geografiej
2298,куда поступать с географией спб,183,1,top,C,info,—,—,география,спб,июнь-июль,aggregator,,c16_s_geografiej
2299,тест на ориентацию quiz,183,1,assoc,D,info,—,—,—,—,сент-окт,main,,d07_test_gollanda
2300,куда поступить на ветеринара после 11 класса,182,1,top,C,info,11,—,—,—,июнь-июль,main,,c02_kuda_postupat_posle_11
2301,куда после 9 поступать с историей,182,1,top,C,info,9,—,история,—,июнь-июль,main,,c11_s_istoriej
2302,куда поступать с химией и обществознанием,182,1,top,C,info,—,—,обществознание,—,июнь-июль,main,,c14_s_himiej
2303,тест на выбор профессии после 11,182,2,top,D,info,11,—,—,—,сент-окт,main,,d05_test_na_professiyu;d06_test_na_vybor_professii
2304,университет на кого пойти учиться,181,1,top,B,info,—,—,—,—,март-апр,main,,b04_na_kogo_pojti_uchitsya
2305,работы на кого пойти учиться,181,1,top,B,info,—,—,—,—,март-апр,main,,b04_na_kogo_pojti_uchitsya
2306,тест голланда типы личности,181,2,top,D,info,—,—,—,—,сент-окт,main,,d07_test_gollanda
2307,какую профессию выбрать если нравится,180,1,top,B,info,—,—,—,—,март-апр,main,,b01_kakuyu_professiyu_vybrat
2308,куда поступить с математикой физикой химией,180,2,top,C,info,—,—,химия,—,июнь-июль,main,,c14_s_himiej;c15_s_fizikoj
2309,тест на выбор профессии без регистрации,180,2,top,D,info,—,—,—,—,сент-окт,main,,d05_test_na_professiyu;d06_test_na_vybor_professii
2310,юриспруденция куда поступать после 11 класса,179,1,top,C,info,11,—,—,—,июнь-июль,main,,c02_kuda_postupat_posle_11
2311,как выбрать другую профессию,178,1,top,B,info,—,—,—,—,март-апр,main,,b02_kak_vybrat_professiyu
2312,тест голланда бесплатно,178,1,top,D,commercial,—,—,—,—,сент-окт,main,,d07_test_gollanda
2313,кем можно стать с бывшими,177,1,top,B,info,—,—,—,—,март-апр,main,,b03_kem_mozhno_stat
2314,не знаю кем стать в жизни,177,1,top,B,info,—,—,—,—,март-апр,main,,b07_ne_znayu_kem_stat
2315,медицинские профессии после 11 класса,177,1,top,C,info,11,—,—,—,июнь-июль,main,,c04_professii_posle_11
2316,питер куда поступить с информатикой,177,1,top,C,info,—,—,информатика,питер,июнь-июль,aggregator,,c13_s_informatikoj
2317,тест на профориентацию холланда бесплатно онлайн,177,4,top,D,commercial,—,—,—,—,сент-окт,main,,d01_test_na_proforientaciyu;d02_test_besplatno;d03_test_online;p04_prof_online
2318,тест на профессию для подростков бесплатно,177,1,top,D,commercial,—,—,—,—,сент-окт,main,,d05_test_na_professiyu
2319,тест на литромантика,177,1,assoc,D,info,—,—,—,—,сент-окт,main,,d08_test_klimova
2320,профориентация для школьников в спб,177,1,top,0,info,—,—,—,спб,сент-окт,aggregator,,p03_prof_dlya_shkolnikov
2321,тест профориентация по профессиям 9 класс,177,1,top,D,info,9,—,—,—,сент-окт,main,,p05_prof_9_klass
2322,куда поступить после 11 класса в калуге,175,1,top,C,info,11,—,—,калуг,июнь-июль,aggregator,,c02_kuda_postupat_posle_11
2323,куда поступить в туле после 11 класса,175,1,top,C,info,11,—,—,туле,июнь-июль,aggregator,,c02_kuda_postupat_posle_11
2324,как выбрать направление в профессии,174,1,top,B,info,—,—,—,—,март-апр,main,,b02_kak_vybrat_professiyu
2325,список высокооплачиваемых профессий после 11 класса,174,1,top,C,info,11,—,—,—,июнь-июль,main,,c04_professii_posle_11
2326,ддо тест на профориентацию,174,1,top,D,info,—,—,—,—,сент-окт,main,,d01_test_na_proforientaciyu
2327,ярославль куда поступить после 9 девушке,173,1,top,C,info,9,f,—,ярославл,июнь-июль,aggregator,,c08_kuda_postupat_devushke
2328,кем можно стать сдавая обществознание,172,1,top,B,info,—,—,обществознание,—,март-апр,main,,b03_kem_mozhno_stat
2329,кем можно пойти работать юристу,171,1,top,B,info,—,—,—,—,март-апр,main,,b06_kem_pojti_rabotat
2330,куда поступить в кемерово после 11 класса,171,1,top,C,info,11,—,—,кемеров,июнь-июль,aggregator,,c02_kuda_postupat_posle_11
2331,куда поступить с химией в самаре,171,1,top,C,info,—,—,химия,самар,июнь-июль,aggregator,,c14_s_himiej
2332,пройти тест на профессию после 9,171,1,top,D,commercial,9,—,—,—,сент-окт,main,,d05_test_na_professiyu
2333,тесты климова и холланда,171,1,top,D,info,—,—,—,—,сент-окт,main,,d08_test_klimova
2334,профориентация в центре занятости,171,1,top,0,info,—,—,—,—,сент-окт,main,,p07_centr_proforientacii
2335,кем можно стать работа,170,1,top,B,info,—,—,—,—,март-апр,main,,b03_kem_mozhno_stat
2336,профессии после 11 класса бюджет,170,1,top,C,info,11,—,—,—,июнь-июль,main,,c04_professii_posle_11
2337,куда можно поступить с биологией и информатикой,170,1,top,C,info,—,—,биология,—,июнь-июль,main,,c13_s_informatikoj
2338,центр профориентации вектор,170,1,top,0,commercial,—,—,—,—,сент-окт,main,,p07_centr_proforientacii
2339,колледж как выбрать профессию,169,1,top,C,info,—,—,—,—,июнь-июль,main,,b02_kak_vybrat_professiyu
2340,список на кого можно пойти учиться,169,1,top,E,info,—,—,—,—,flat,main,,b04_na_kogo_pojti_uchitsya
2341,выгодные профессии после 11 класса,169,1,top,C,info,11,—,—,—,июнь-июль,main,,c04_professii_posle_11
2342,профессии после 11 класса барнаул,169,1,top,C,info,11,—,—,барнаул,июнь-июль,aggregator,,c04_professii_posle_11
2343,казань куда поступить с химией и биологией,169,1,top,C,info,—,—,биология,казан,июнь-июль,aggregator,,c14_s_himiej
2344,куда поступать с химией и математикой профиль,169,1,top,C,info,—,—,химия,—,июнь-июль,main,,c14_s_himiej
2345,какая профессия мне подходит для школьников,168,1,top,B,info,—,—,—,—,март-апр,main,,b05_kakaya_professiya_podhodit
2346,тест какая профессия мне подходит для школьников,168,1,top,D,info,—,—,—,—,сент-окт,main,,b05_kakaya_professiya_podhodit
2347,куда поступить с 43 баллами по информатике,168,1,top,C,info,—,—,информатика,—,июнь-июль,main,,c13_s_informatikoj
2348,куда поступить в твери после 11 класса,167,1,top,C,info,11,—,—,твер,июнь-июль,aggregator,,c02_kuda_postupat_posle_11
2349,куда поступать после 9 класса девушке кемерово,167,1,top,C,info,9,f,—,кемеров,июнь-июль,aggregator,,c08_kuda_postupat_devushke
2350,куда поступить с химией в воронеже,167,1,top,C,info,—,—,химия,воронеж,июнь-июль,aggregator,,c14_s_himiej
2351,практикум тест на профориентацию,167,1,top,D,nav,—,—,—,—,сент-окт,main,,d01_test_na_proforientaciyu
2352,тест климова онлайн бесплатно,167,1,top,D,commercial,—,—,—,—,сент-окт,main,,d08_test_klimova
2353,какую профессию выбрать учителю,166,1,top,B,info,—,—,—,—,март-апр,main,,b01_kakuyu_professiyu_vybrat
2354,какую профессию выбрать для девочки,166,1,top,B,info,—,f,—,—,март-апр,main,,b01_kakuyu_professiyu_vybrat
2355,куда поступать с физикой и английским,166,1,top,C,info,—,—,физика,—,июнь-июль,main,,c15_s_fizikoj
2356,результаты теста на профориентацию,166,2,top,D,info,—,—,—,—,сент-окт,main,,d01_test_na_proforientaciyu
2357,пройти тест 9 класс на профессию,166,2,top,D,commercial,9,—,—,—,сент-окт,main,,d05_test_na_professiyu
2358,какую профессию я хочу выбрать,165,1,top,B,info,—,—,—,—,март-апр,main,,b01_kakuyu_professiyu_vybrat
2359,на кого пойти учиться в институт,165,1,top,B,info,—,—,—,—,март-апр,main,,b04_na_kogo_pojti_uchitsya
2360,биология обществознание профессии после 11 класса,165,1,top,C,info,11,—,обществознание,—,июнь-июль,main,,c04_professii_posle_11
2361,психологический тест по климову,165,1,top,D,info,—,—,—,—,сент-окт,main,,d08_test_klimova
2362,какое право выбирать профессию,164,1,top,B,info,—,—,—,—,март-апр,main,,b01_kakuyu_professiyu_vybrat
2363,топ профессий после 11 класса,164,1,top,C,info,11,—,—,—,июнь-июль,main,,c04_professii_posle_11
2364,профессиональный тест на профессию,164,1,top,D,info,—,—,—,—,сент-окт,main,,d05_test_na_professiyu
2365,ддо климова онлайн,164,1,top,D,info,—,—,—,—,сент-окт,main,,d09_ddo_klimova
2366,самые востребованные и высокооплачиваемые профессии для девушек,164,1,top,E,info,—,f,—,—,flat,main,,e03_vysokooplachivaemye
2367,куда можно поступить с биологией и физикой,163,1,top,C,info,—,—,биология,—,июнь-июль,main,,c15_s_fizikoj
2368,профориентация как выбрать профессию,162,1,top,0,info,—,—,—,—,сент-окт,main,,b02_kak_vybrat_professiyu
2369,тест на кого пойти учиться после 9,162,1,top,D,info,9,—,—,—,сент-окт,main,,b04_na_kogo_pojti_uchitsya
2370,кем пойти работать после 11,162,1,top,C,info,11,—,—,—,июнь-июль,main,,b06_kem_pojti_rabotat
2371,дизайнер после 11 класса куда можно поступить,162,1,top,C,info,11,—,—,—,июнь-июль,main,,c02_kuda_postupat_posle_11
2372,куда поступить после 11 класса в ульяновске,161,1,top,C,info,11,—,—,ульяновск,июнь-июль,aggregator,,c02_kuda_postupat_posle_11
2373,профессии после 11 класса в тюмени,161,1,top,C,info,11,—,—,тюмен,июнь-июль,aggregator,,c04_professii_posle_11
2374,тест профессионального типа голланда,161,1,top,D,info,—,—,—,—,сент-окт,main,,d07_test_gollanda
2375,кем можно пойти работать в 15,160,1,top,B,info,—,—,—,—,март-апр,main,,b06_kem_pojti_rabotat
2376,тест на профориентацию методика,160,1,top,D,info,—,—,—,—,сент-окт,main,,d01_test_na_proforientaciyu
2377,какую профессию врача выбрать,159,1,top,B,info,—,—,—,—,март-апр,main,,b01_kakuyu_professiyu_vybrat
2378,на кого лучше пойти учиться парню,159,1,top,B,info,—,m,—,—,март-апр,main,,b04_na_kogo_pojti_uchitsya
2379,куда можно поступить с физикой казань,159,1,top,C,info,—,—,физика,казан,июнь-июль,aggregator,,c15_s_fizikoj
2380,пройти тест на профессию онлайн бесплатно,159,1,top,D,commercial,—,—,—,—,сент-окт,main,,d05_test_na_professiyu
2381,тест дж голланда,159,1,top,D,info,—,—,—,—,сент-окт,main,,d07_test_gollanda
2382,екб куда поступить после 11 класса,158,1,top,C,info,11,—,—,—,июнь-июль,main,,c02_kuda_postupat_posle_11
2383,куда можно поступить мальчику после 11 класса,158,1,top,C,info,11,m,—,—,июнь-июль,main,,c02_kuda_postupat_posle_11
2384,кем пойти работать с хорошей зарплатой,157,1,top,B,info,—,—,—,—,март-апр,main,,b06_kem_pojti_rabotat
2385,тест на профориентацию яндекс практикум,157,1,top,D,nav,—,—,—,—,сент-окт,main,,d01_test_na_proforientaciyu
2386,тест на 1 профессию,157,1,top,D,info,—,—,—,—,сент-окт,main,,d05_test_na_professiyu
2387,какую профессию выбрать подростку,156,1,top,B,info,—,—,—,—,март-апр,main,,b01_kakuyu_professiyu_vybrat
2388,в каком возрасте выбирать профессию,156,1,top,B,info,—,—,—,—,март-апр,main,,b01_kakuyu_professiyu_vybrat
2389,как выбрать профессию ответить на вопросы,156,1,top,B,info,—,—,—,—,март-апр,main,,b02_kak_vybrat_professiyu
2390,ранняя профориентация для детей,155,1,top,0,info,—,—,—,—,сент-окт,main,,a04_prof_dlya_rebenka
2391,какую медицинскую профессию выбрать,155,1,top,B,info,—,—,—,—,март-апр,main,,b01_kakuyu_professiyu_vybrat
2392,не знаю на кого пойти учиться,155,1,top,B,info,—,—,—,—,март-апр,main,,b04_na_kogo_pojti_uchitsya
2393,куда поступать гуманитарию после 11 класса,155,1,top,C,info,11,—,—,—,июнь-июль,main,,c02_kuda_postupat_posle_11
2394,тест на профессию для школьников бесплатно,155,1,top,D,commercial,—,—,—,—,сент-окт,main,,d05_test_na_professiyu
2395,большой тест на профессию,155,1,top,D,info,—,—,—,—,сент-окт,main,,d05_test_na_professiyu
2396,история какую профессию выбрать,154,1,top,B,info,—,—,история,—,март-апр,main,,b01_kakuyu_professiyu_vybrat
2397,на кого пойти учиться с обществознанием,154,1,top,B,info,—,—,обществознание,—,март-апр,main,,b04_na_kogo_pojti_uchitsya
2398,куда можно поступить девочке после 11 класса,154,1,top,C,info,11,f,—,—,июнь-июль,main,,c02_kuda_postupat_posle_11
2399,тестометрика тест на профориентацию,154,1,top,D,nav,—,—,—,—,сент-окт,main,,d01_test_na_proforientaciyu
2400,самые высокооплачиваемые медицинские профессии,154,1,top,E,info,—,—,—,—,flat,main,,e03_vysokooplachivaemye
2401,кем пойти работать в 2026,153,1,top,B,info,—,—,—,—,март-апр,main,,b06_kem_pojti_rabotat
2402,ребенок не знает кем стать,153,1,top,A,info,—,—,—,—,сент-окт,main,,b07_ne_znayu_kem_stat
2403,профессии после 11 класса москва,153,1,top,C,info,11,—,—,москв,июнь-июль,aggregator,,c04_professii_posle_11
2404,куда можно поступить с английским и географией,153,1,top,C,info,—,—,география,—,июнь-июль,main,,c16_s_geografiej
2405,куда поступить с химией географией,152,2,top,C,info,—,—,химия,—,июнь-июль,main,,c14_s_himiej;c16_s_geografiej
2406,кем можно стать по профессии,151,1,top,B,info,—,—,—,—,март-апр,main,,b03_kem_mozhno_stat
2407,кем можно стать сдавая математику,151,1,top,B,info,—,—,математика,—,март-апр,main,,b03_kem_mozhno_stat
2408,куда поступить после 11 класса физмат,151,1,top,C,info,11,—,—,—,июнь-июль,main,,c02_kuda_postupat_posle_11
2409,куда поступить после 11 класса в саранске,151,1,top,C,info,11,—,—,—,июнь-июль,main,,c02_kuda_postupat_posle_11
2410,куда поступать с биологией и историей,151,1,top,C,info,—,—,история,—,июнь-июль,main,,c11_s_istoriej
2411,тест на подходящую профессию онлайн,151,1,top,D,commercial,—,—,—,—,сент-окт,main,,d05_test_na_professiyu
2412,центр профориентации москва,151,1,top,0,commercial,—,—,—,москв,сент-окт,aggregator,,p07_centr_proforientacii
2413,кем пойти работать на пенсии,150,1,top,B,info,—,—,—,—,март-апр,main,,b06_kem_pojti_rabotat
2414,куда поступить после 11 класса в калининграде,150,1,top,C,info,11,—,—,калининград,июнь-июль,aggregator,,c02_kuda_postupat_posle_11
2415,куда поступать на геодезиста после 11 класса,150,1,top,C,info,11,—,—,—,июнь-июль,main,,c02_kuda_postupat_posle_11
2416,профессии с базовой математикой после 11 класса,150,1,top,C,info,11,—,математика,—,июнь-июль,main,,c04_professii_posle_11
2417,куда можно поступить в воронеже девушке,150,1,top,C,info,—,f,—,воронеж,июнь-июль,aggregator,,c08_kuda_postupat_devushke
2418,тест д д климова,150,1,top,D,info,—,—,—,—,сент-окт,main,,d08_test_klimova
2419,кем можно стать сдавая общество,149,1,top,B,info,—,—,—,—,март-апр,main,,b03_kem_mozhno_stat
2420,профессии после 11 класса заочно,149,1,top,C,info,11,—,—,—,июнь-июль,main,,c04_professii_posle_11
2421,физика какие профессии выбрать,148,1,top,B,info,—,—,физика,—,март-апр,main,,b01_kakuyu_professiyu_vybrat
2422,как относится к выбранной профессии,148,1,top,B,info,—,—,—,—,март-апр,main,,b02_kak_vybrat_professiyu
2423,кем можно стать профессии список,148,1,top,B,info,—,—,—,—,март-апр,main,,b03_kem_mozhno_stat
2424,кем можно пойти работать в 15 лет,148,1,top,B,info,—,—,—,—,март-апр,main,,b06_kem_pojti_rabotat
2425,куда надо поступать после 11 класса,148,1,top,C,info,11,—,—,—,июнь-июль,main,,c02_kuda_postupat_posle_11
2426,самые высокооплачиваемые профессии на ближайшие 10,148,1,top,E,info,—,—,—,—,flat,main,,e03_vysokooplachivaemye
2427,самые высокооплачиваемые профессии на ближайшие 10 лет,148,1,top,E,info,—,—,—,—,flat,main,,e03_vysokooplachivaemye
2428,кем можно стать сдавая химию,147,1,top,B,info,—,—,химия,—,март-апр,main,,b03_kem_mozhno_stat
2429,пройти тест какая профессия мне подходит бесплатно,147,1,top,D,commercial,—,—,—,—,сент-окт,main,,b05_kakaya_professiya_podhodit
2430,куда поступить в кургане после 11 класса,147,1,top,C,info,11,—,—,—,июнь-июль,main,,c02_kuda_postupat_posle_11
2431,какая профессия подойдет после 11 класса,147,1,top,C,info,11,—,—,—,июнь-июль,main,,c04_professii_posle_11
2432,самые востребованные профессии после 11 класса,147,1,top,C,info,11,—,—,—,июнь-июль,main,,c04_professii_posle_11
2433,обучение в колледже это какое образование,147,1,assoc,C,info,—,—,—,—,июнь-июль,main,,c06_specialnosti_posle_9
2434,куда поступить после 9 девушке пенза,147,1,top,C,info,9,f,—,пенз,июнь-июль,aggregator,,c08_kuda_postupat_devushke
2435,тест на профориентацию 2026 бесплатно онлайн,147,5,top,D,commercial,—,—,—,—,сент-окт,main,,d01_test_na_proforientaciyu;d02_test_besplatno;d03_test_online;p04_prof_online;p08_proforientaciya_2026
2436,специальности на кого можно пойти учиться,146,1,top,B,info,—,—,—,—,март-апр,main,,b04_na_kogo_pojti_uchitsya
2437,кем лучше стать после 9 класса,146,1,top,C,info,9,—,—,—,июнь-июль,main,,c07_kem_stat_posle_9
2438,куда поступить на следователя после 11 класса,145,1,top,C,info,11,—,—,—,июнь-июль,main,,c02_kuda_postupat_posle_11
2439,куда поступать после 11 гуманитарного класса,145,1,top,C,info,11,—,—,—,июнь-июль,main,,c02_kuda_postupat_posle_11
2440,куда поступить на логиста после 11 класса,145,1,top,C,info,11,—,—,—,июнь-июль,main,,c02_kuda_postupat_posle_11
2441,куда лучше поступить девушке после 11,145,1,top,C,info,11,f,—,—,июнь-июль,main,,c08_kuda_postupat_devushke
2442,единая модель профориентации 2025 2026,145,1,top,0,info,—,—,—,—,сент-окт,main,,p08_proforientaciya_2026
2443,тестирование какую профессию выбрать,144,1,top,D,info,—,—,—,—,сент-окт,main,,b01_kakuyu_professiyu_vybrat
2444,кем можно пойти работать без опыта,144,1,top,B,info,—,—,—,—,март-апр,main,,b06_kem_pojti_rabotat
2445,военная профессия после 11 класса,144,1,top,C,info,11,—,—,—,июнь-июль,main,,c04_professii_posle_11
2446,самая лучшая высокооплачиваемая профессия,144,1,top,E,info,—,—,—,—,flat,main,,e03_vysokooplachivaemye
2447,какую профессию выбрать высшее образование,143,1,top,B,info,—,—,—,—,март-апр,main,,b01_kakuyu_professiyu_vybrat
2448,тест холланда riasec,143,1,assoc,D,info,—,—,—,—,сент-окт,main,,d07_test_gollanda
2449,как выбрать профессию после 9 тест,142,1,top,D,info,9,—,—,—,сент-окт,main,,b02_kak_vybrat_professiyu
2450,на кого пойти учиться с биологией,142,1,top,B,info,—,—,биология,—,март-апр,main,,b04_na_kogo_pojti_uchitsya
2451,куда поступить после 11 класса в орле,142,1,top,C,info,11,—,—,—,июнь-июль,main,,c02_kuda_postupat_posle_11
2452,тесто для сосиков в тесте,142,1,assoc,D,info,—,—,—,—,сент-окт,main,,d08_test_klimova
2453,куда поступить на архитектора после 11 класса,141,1,top,C,info,11,—,—,—,июнь-июль,main,,c02_kuda_postupat_posle_11
2454,специальности куда можно поступить с историей,141,1,top,C,info,—,—,история,—,июнь-июль,main,,c11_s_istoriej
2455,какая самая высокооплачиваемая профессия после 9,141,1,top,C,info,9,—,—,—,июнь-июль,main,,e03_vysokooplachivaemye
2456,не знаю кем стать по профессии,140,1,top,B,info,—,—,—,—,март-апр,main,,b07_ne_znayu_kem_stat
2457,в какой сфере выбрать профессию,139,1,top,B,info,—,—,—,—,март-апр,main,,b01_kakuyu_professiyu_vybrat
2458,какие профессии выбирают чаще всего,139,1,top,B,info,—,—,—,—,март-апр,main,,b01_kakuyu_professiyu_vybrat
2459,на кого пойти учиться после школы,139,1,top,B,info,11,—,—,—,март-апр,main,,b04_na_kogo_pojti_uchitsya
2460,куда лучше поступить после 11 класса девушке,139,2,top,C,info,11,f,—,—,июнь-июль,main,,c02_kuda_postupat_posle_11;c08_kuda_postupat_devushke
2461,куда поступать с химией и биологией спб,139,1,top,C,info,—,—,биология,спб,июнь-июль,aggregator,,c14_s_himiej
2462,тест на профориентацию мгу,139,1,top,D,info,—,—,—,—,сент-окт,main,,d01_test_na_proforientaciyu
2463,центр профориентации сайт,139,1,top,0,commercial,—,—,—,—,сент-окт,main,,p07_centr_proforientacii
2464,центр социальной адаптации профориентации,139,1,top,0,commercial,—,—,—,—,сент-окт,main,,p07_centr_proforientacii
2465,кем можно стать девочке,138,1,top,B,info,—,f,—,—,март-апр,main,,b03_kem_mozhno_stat
2466,медицинский на кого пойти учиться,138,1,top,B,info,—,—,—,—,март-апр,main,,b04_na_kogo_pojti_uchitsya
2467,кем можно пойти работать девочке,138,1,top,B,info,—,f,—,—,март-апр,main,,b06_kem_pojti_rabotat
2468,престижные профессии после 11 класса,138,1,top,C,info,11,—,—,—,июнь-июль,main,,c04_professii_posle_11
2469,какую творческую профессию выбрать,137,1,top,B,info,—,—,—,—,март-апр,main,,b01_kakuyu_professiyu_vybrat
2470,тест профессиональной личности голланда,137,1,top,D,info,—,—,—,—,сент-окт,main,,d07_test_gollanda
2471,профориентация для подростков онлайн,137,2,top,0,commercial,—,—,—,—,сент-окт,main,,p02_prof_dlya_podrostkov;p04_prof_online
2472,центр профориентация школьников,137,2,top,0,commercial,—,—,—,—,сент-окт,main,,p03_prof_dlya_shkolnikov;p07_centr_proforientacii
2473,какую профессию выбрать девушке с хорошей зарплатой,136,1,top,B,info,—,f,—,—,март-апр,main,,b01_kakuyu_professiyu_vybrat
2474,на кого пойти учиться медсестре,136,1,top,B,info,—,—,—,—,март-апр,main,,b04_na_kogo_pojti_uchitsya
2475,какие профессии после 11 класса список,136,1,top,C,info,11,—,—,—,июнь-июль,main,,c04_professii_posle_11
2476,центр развития профориентации,136,1,top,0,commercial,—,—,—,—,сент-окт,main,,p07_centr_proforientacii
2477,какую профессию выбрать и почему,135,1,top,B,info,—,—,—,—,март-апр,main,,b01_kakuyu_professiyu_vybrat
2478,кем можно стать сдавая географию,135,1,top,B,info,—,—,география,—,март-апр,main,,b03_kem_mozhno_stat
2479,техникум на кого можно пойти учиться,135,2,top,C,info,—,—,—,—,июнь-июль,main,,b04_na_kogo_pojti_uchitsya
2480,кем пойти работать после 9 класса девушке,135,1,top,C,info,9,f,—,—,июнь-июль,main,,b06_kem_pojti_rabotat
2481,профессии после 11 класса красноярск,135,1,top,C,info,11,—,—,красноярск,июнь-июль,aggregator,,c04_professii_posle_11
2482,направления профессий после 11 класса,135,1,top,C,info,11,—,—,—,июнь-июль,main,,c04_professii_posle_11
2483,куда поступать после 9 класса девушки вологда,135,1,top,C,info,9,f,—,вологд,июнь-июль,aggregator,,c08_kuda_postupat_devushke
2484,тест климова пройти бесплатно,135,1,top,D,commercial,—,—,—,—,сент-окт,main,,d08_test_klimova
2485,кем пойти работать после 11 класса,134,1,top,C,info,11,—,—,—,июнь-июль,main,,b06_kem_pojti_rabotat
2486,астрахань куда поступить девушке после 9 класса,134,1,top,C,info,9,f,—,астрахан,июнь-июль,aggregator,,c08_kuda_postupat_devushke
2487,точный тест на профориентацию,134,1,top,D,info,—,—,—,—,сент-окт,main,,d01_test_na_proforientaciyu
2488,тест на профориентацию холланда пройти,134,3,top,D,commercial,—,—,—,—,сент-окт,main,,d01_test_na_proforientaciyu;d04_projti_test;p06_projti_proforientaciyu
2489,как выбрать профессию по душе тест бесплатно,133,1,top,D,commercial,—,—,—,—,сент-окт,main,,b02_kak_vybrat_professiyu
2490,как выбрать профессию тест 9 класс,133,2,top,D,info,9,—,—,—,сент-окт,main,,b02_kak_vybrat_professiyu
2491,на кого пойти учиться в 40,133,1,top,B,info,—,—,—,—,март-апр,main,,b04_na_kogo_pojti_uchitsya
2492,на кого пойти учиться после девятого класса,133,1,top,C,info,9,—,—,—,июнь-июль,main,,b04_na_kogo_pojti_uchitsya
2493,профессия дизайнер после 11 класса,133,1,top,C,info,11,—,—,—,июнь-июль,main,,c04_professii_posle_11
2494,перспективные профессии после 11 класса,133,1,top,C,info,11,—,—,—,июнь-июль,main,,c04_professii_posle_11
2495,куда поступать после 9 класса девушке волгоград,133,1,top,C,info,9,f,—,волгоград,июнь-июль,aggregator,,c08_kuda_postupat_devushke
2496,екатеринбург куда поступить с химией и биологией,133,1,top,C,info,—,—,биология,екатеринбург,июнь-июль,aggregator,,c14_s_himiej
2497,на кого пойти учиться в техникум,132,2,top,C,info,—,—,—,—,июнь-июль,main,,b04_na_kogo_pojti_uchitsya
2498,профессии связанные с биологией после 11 класса,132,1,top,C,info,11,—,биология,—,июнь-июль,main,,c04_professii_posle_11
2499,где учиться после 11 класса профессии,132,1,top,C,info,11,—,—,—,июнь-июль,main,,c04_professii_posle_11
2500,тест на профориентацию ддо климова,132,2,top,D,info,—,—,—,—,сент-окт,main,,d01_test_na_proforientaciyu;d09_ddo_klimova
2501,тест голланда riasec,132,1,top,D,info,—,—,—,—,сент-окт,main,,d07_test_gollanda
2502,какие самые высокооплачиваемые профессии после 9 класса,132,1,top,C,info,9,—,—,—,июнь-июль,main,,e03_vysokooplachivaemye
2503,самые высокооплачиваемые профессии сейчас,132,1,top,E,info,—,—,—,—,flat,main,,e03_vysokooplachivaemye
2504,профориентация поступи онлайн,132,1,top,0,nav,—,—,—,—,сент-окт,main,,p04_prof_online
2505,кем можно стать сдавая историю,131,1,top,B,info,—,—,история,—,март-апр,main,,b03_kem_mozhno_stat
2506,юриспруденция на кого можно пойти работать,131,2,top,B,info,—,—,—,—,март-апр,main,,b06_kem_pojti_rabotat
2507,университеты куда можно поступить с географией,131,1,top,C,info,—,—,география,—,июнь-июль,main,,c16_s_geografiej
2508,7 тестов на профориентацию,131,1,top,D,info,—,—,—,—,сент-окт,main,,d01_test_na_proforientaciyu
2509,какие профессии надо выбрать,130,1,top,B,info,—,—,—,—,март-апр,main,,b01_kakuyu_professiyu_vybrat
2510,кем можно пойти работать в полицию,130,1,top,B,info,—,—,—,—,март-апр,main,,b06_kem_pojti_rabotat
2511,куда поступить после 11 класса в петрозаводске,130,1,top,C,info,11,—,—,—,июнь-июль,main,,c02_kuda_postupat_posle_11
2512,профессии куда поступать с физикой,130,1,top,C,info,—,—,физика,—,июнь-июль,main,,c15_s_fizikoj
2513,тест голланда онлайн бесплатно,130,1,top,D,commercial,—,—,—,—,сент-окт,main,,d07_test_gollanda
2514,тестирование на профориентацию для школьников,130,1,top,D,info,—,—,—,—,сент-окт,main,,p03_prof_dlya_shkolnikov
2515,где пройти профориентацию школьнику,130,2,top,0,commercial,—,—,—,—,сент-окт,main,,p03_prof_dlya_shkolnikov;p06_projti_proforientaciyu
2516,какую новую профессию выбрать,129,1,top,B,info,—,—,—,—,март-апр,main,,b01_kakuyu_professiyu_vybrat
2517,куда поступить девушке вуз,129,1,top,C,info,—,f,—,—,июнь-июль,main,,c08_kuda_postupat_devushke
2518,тест голланда пройти бесплатно,129,1,top,D,commercial,—,—,—,—,сент-окт,main,,d07_test_gollanda
2519,10 самых высокооплачиваемых востребованных профессий,129,1,top,E,info,—,—,—,—,flat,main,,e03_vysokooplachivaemye
2520,кем можно пойти работать летом,128,1,top,B,info,—,—,—,—,март-апр,main,,b06_kem_pojti_rabotat
2521,куда поступить после 11 класса астрахань,128,1,top,C,info,11,—,—,астрахан,июнь-июль,aggregator,,c02_kuda_postupat_posle_11
2522,как понять куда поступать после 11 класса,128,1,top,C,info,11,—,—,—,июнь-июль,main,,c02_kuda_postupat_posle_11
2523,куда поступить с профилем и историей,128,1,top,C,info,—,—,история,—,июнь-июль,main,,c11_s_istoriej
2524,куда лучше поступить с физикой,128,1,top,C,info,—,—,физика,—,июнь-июль,main,,c15_s_fizikoj
2525,куда поступать с обществом и физикой,128,1,top,C,info,—,—,физика,—,июнь-июль,main,,c15_s_fizikoj
2526,тест на профориентацию skillbox,128,1,top,D,nav,—,—,—,—,сент-окт,main,,d01_test_na_proforientaciyu
2527,кем можно стать сдавая английский,127,1,top,B,info,—,—,английский,—,март-апр,main,,b03_kem_mozhno_stat
2528,на кого можно пойти учиться заочно,127,1,top,B,info,—,—,—,—,март-апр,main,,b04_na_kogo_pojti_uchitsya
2529,куда можно поступить с географией огэ,127,1,top,C,info,—,—,география,—,июнь-июль,main,,c16_s_geografiej
2530,куда поступить с географией в новосибирске,127,1,top,C,info,—,—,география,новосибирск,июнь-июль,aggregator,,c16_s_geografiej
2531,uat тестирование это,127,1,assoc,D,info,—,—,—,—,сент-окт,main,,d01_test_na_proforientaciyu
2532,профориентация для школьников 7,127,1,top,0,info,—,—,—,—,сент-окт,main,,p03_prof_dlya_shkolnikov
2533,кем можно стать сдавая физику,126,1,top,B,info,—,—,физика,—,март-апр,main,,b03_kem_mozhno_stat
2534,на кого пойти учиться по егэ,126,1,top,B,info,—,—,—,—,март-апр,main,,b04_na_kogo_pojti_uchitsya
2535,куда поступить после 9 девушке москве,126,1,top,C,info,9,f,—,москв,июнь-июль,aggregator,,c08_kuda_postupat_devushke
2536,университеты куда можно поступить с физикой,126,1,top,C,info,—,—,физика,—,июнь-июль,main,,c15_s_fizikoj
2537,тест на профориентацию бесплатно 8 класс,126,2,top,D,commercial,8,—,—,—,сент-окт,main,,d01_test_na_proforientaciyu;d02_test_besplatno
2538,тест на профориентацию бесплатно климова,126,3,top,D,commercial,—,—,—,—,сент-окт,main,,d01_test_na_proforientaciyu;d02_test_besplatno;d08_test_klimova
2539,тест холланда профориентация пройти онлайн,126,5,top,D,commercial,—,—,—,—,сент-окт,main,,d01_test_na_proforientaciyu;d03_test_online;d04_projti_test;p04_prof_online;p06_projti_proforientaciyu
2540,какую профессию выбрать помогите,125,1,top,B,info,—,—,—,—,март-апр,main,,b01_kakuyu_professiyu_vybrat
2541,кем можно стать юристу,125,1,top,B,info,—,—,—,—,март-апр,main,,b03_kem_mozhno_stat
2542,куда можно поступить с профматом и физикой,125,1,top,C,info,—,—,физика,—,июнь-июль,main,,c15_s_fizikoj
2543,правоохранительная деятельность кем можно стать,124,2,top,B,info,—,—,—,—,март-апр,main,,b03_kem_mozhno_stat
2544,тест на профориентацию 7 класс,124,1,top,D,info,—,—,—,—,сент-окт,main,,d01_test_na_proforientaciyu
2545,профориентации тест онлайн 11 класс,124,3,top,D,commercial,11,—,—,—,сент-окт,main,,d01_test_na_proforientaciyu;d03_test_online;p04_prof_online
2546,тест голланда определение типа личности,124,2,top,D,info,—,—,—,—,сент-окт,main,,d07_test_gollanda
2547,пройти тест голланда онлайн бесплатно,124,1,top,D,commercial,—,—,—,—,сент-окт,main,,d07_test_gollanda
2548,профессиональный тип личности тест голланда,124,1,top,D,info,—,—,—,—,сент-окт,main,,d07_test_gollanda
2549,тест климова пройти онлайн бесплатно,124,1,top,D,commercial,—,—,—,—,сент-окт,main,,d08_test_klimova
2550,самые высокооплачиваемые профессии колледжа,124,2,top,C,info,—,—,—,—,июнь-июль,main,,e03_vysokooplachivaemye
2551,центр профориентации официальный сайт,124,1,top,0,commercial,—,—,—,—,сент-окт,main,,p07_centr_proforientacii
2552,какую профессию выбрать сейчас,123,1,top,B,info,—,—,—,—,март-апр,main,,b01_kakuyu_professiyu_vybrat
2553,на кого пойти учиться сдавая обществознание,123,1,top,B,info,—,—,обществознание,—,март-апр,main,,b04_na_kogo_pojti_uchitsya
2554,куда можно поступить с информатикой казань,123,1,top,C,info,—,—,информатика,казан,июнь-июль,aggregator,,c13_s_informatikoj
2555,куда можно поступить с обществознанием и физикой,123,1,top,C,info,—,—,обществознание,—,июнь-июль,main,,c15_s_fizikoj
2556,билет в будущее тест на профориентацию,123,1,top,D,nav,—,—,—,—,сент-окт,main,,d01_test_na_proforientaciyu
2557,тест голланда на определение,123,1,top,D,info,—,—,—,—,сент-окт,main,,d07_test_gollanda
2558,методика ддо е а климова,123,1,top,D,info,—,—,—,—,сент-окт,main,,d09_ddo_klimova
2559,куда поступить после 11 класса в курске,122,1,top,C,info,11,—,—,курск,июнь-июль,aggregator,,c02_kuda_postupat_posle_11
2560,куда можно поступить с профматом и информатикой,122,1,top,C,info,—,—,информатика,—,июнь-июль,main,,c13_s_informatikoj
2561,где можно пройти профориентацию,122,1,top,0,commercial,—,—,—,—,сент-окт,main,,p06_projti_proforientaciyu
2562,центр профориентации мгу,122,1,top,0,commercial,—,—,—,—,сент-окт,main,,p07_centr_proforientacii
2563,самые востребованные и высокооплачиваемые профессии в 2026,121,1,top,E,info,—,—,—,—,flat,main,,e03_vysokooplachivaemye
2564,профориентация для школьников 11 класса,121,1,top,0,info,11,—,—,—,сент-окт,main,,p03_prof_dlya_shkolnikov
2565,пройти профориентацию в москве,121,1,top,0,commercial,—,—,—,москв,сент-окт,aggregator,,p06_projti_proforientaciyu
2566,кем можно стать после юридического,120,1,top,B,info,—,—,—,—,март-апр,main,,b03_kem_mozhno_stat
2567,мчс девушки куда поступать,120,1,top,C,info,—,f,—,—,июнь-июль,main,,c08_kuda_postupat_devushke
2568,тест на профориентацию бесплатно с результатом,120,2,top,D,commercial,—,—,—,—,сент-окт,main,,d01_test_na_proforientaciyu;d02_test_besplatno
2569,профориентация для школьников в москве,120,1,top,0,info,—,—,—,москв,сент-окт,aggregator,,p03_prof_dlya_shkolnikov
2570,профориентация климов онлайн бесплатно,120,1,top,D,commercial,—,—,—,—,сент-окт,main,,p04_prof_online
2571,какая профессия мне подходит после 11,119,1,top,C,info,11,—,—,—,июнь-июль,main,,b05_kakaya_professiya_podhodit
2572,тест на профориентацию человек человек,119,1,top,D,info,—,—,—,—,сент-окт,main,,d01_test_na_proforientaciyu
2573,куда поступить с информатикой красноярск,118,1,top,C,info,—,—,информатика,красноярск,июнь-июль,aggregator,,c13_s_informatikoj
2574,тест голланда на определение профессионального,118,1,top,D,info,—,—,—,—,сент-окт,main,,d07_test_gollanda
2575,тест голанда,118,1,assoc,D,info,—,—,—,—,сент-окт,main,,d07_test_gollanda
2576,самые высокооплачиваемые рабочие профессии в россии,118,1,top,E,info,—,—,—,—,flat,main,,e03_vysokooplachivaemye
2577,какие профессии можно выбрать после 11,117,1,top,C,info,11,—,—,—,июнь-июль,main,,b01_kakuyu_professiyu_vybrat
2578,как выбрать профессию мальчику,117,1,top,B,info,—,m,—,—,март-апр,main,,b02_kak_vybrat_professiyu
2579,куда поступить с географией в воронеже,117,1,top,C,info,—,—,география,воронеж,июнь-июль,aggregator,,c16_s_geografiej
2580,психологический тест на профориентацию,117,1,top,D,info,—,—,—,—,сент-окт,main,,d01_test_na_proforientaciyu
2581,профориентационный тест климова,117,1,top,D,info,—,—,—,—,сент-окт,main,,d08_test_klimova
2582,топ самых высокооплачиваемых профессий в россии 2026,117,1,top,E,info,—,—,—,—,flat,main,,e03_vysokooplachivaemye
2583,центр адаптации и профориентации,117,1,top,0,commercial,—,—,—,—,сент-окт,main,,p07_centr_proforientacii
2584,как понять на кого пойти учиться,116,1,top,B,info,—,—,—,—,март-апр,main,,b04_na_kogo_pojti_uchitsya
2585,пройти профориентацию подростку,116,2,top,0,commercial,—,—,—,—,сент-окт,main,,p02_prof_dlya_podrostkov;p06_projti_proforientaciyu
2586,профориентация для школьников 7 класса,116,1,top,0,info,—,—,—,—,сент-окт,main,,p03_prof_dlya_shkolnikov
2587,профотбор для пилотов курсантов и поступающих,116,1,assoc,C,info,—,—,—,—,июнь-июль,main,,p08_proforientaciya_2026
2588,кем можно стать в готике,115,1,top,B,info,—,—,—,—,март-апр,main,,b03_kem_mozhno_stat
2589,куда поступить после 11 класса в крыму,115,1,top,C,info,11,—,—,крым,июнь-июль,aggregator,,c02_kuda_postupat_posle_11
2590,куда можно поступить с физикой и географией,115,1,top,C,info,—,—,физика,—,июнь-июль,main,,c16_s_geografiej
2591,тест для подростка на профориентацию бесплатно,115,3,top,D,commercial,—,—,—,—,сент-окт,main,,d01_test_na_proforientaciyu;d02_test_besplatno;p02_prof_dlya_podrostkov
2592,опросники климова шмишека и леонгарда тест холланда,115,1,top,D,info,—,—,—,—,сент-окт,main,,d08_test_klimova
2593,профориентация климов тест онлайн бесплатно,115,2,top,D,commercial,—,—,—,—,сент-окт,main,,d08_test_klimova;p04_prof_online
2594,климова ддо пройти,115,1,top,D,commercial,—,—,—,—,сент-окт,main,,d09_ddo_klimova
2595,какую профессию выбрать после 9 девочке,114,1,top,C,info,9,f,—,—,июнь-июль,main,,b01_kakuyu_professiyu_vybrat
2596,ответ на вопрос как выбрать профессию,114,1,top,B,info,—,—,—,—,март-апр,main,,b02_kak_vybrat_professiyu
2597,кем можно стать в жизни,114,1,top,B,info,—,—,—,—,март-апр,main,,b03_kem_mozhno_stat
2598,куда поступать в питер с географией,114,1,top,C,info,—,—,география,питер,июнь-июль,aggregator,,c16_s_geografiej
2599,фоксфорд тест на профориентацию,114,1,top,D,nav,—,—,—,—,сент-окт,main,,d01_test_na_proforientaciyu
2600,какую техническую профессию выбрать,113,1,top,B,info,—,—,—,—,март-апр,main,,b01_kakuyu_professiyu_vybrat
2601,кем можно стать сдавая информатику,113,1,top,B,info,—,—,информатика,—,март-апр,main,,b03_kem_mozhno_stat
2602,туризм кем можно стать,113,1,top,B,info,—,—,—,—,март-апр,main,,b03_kem_mozhno_stat
2603,на кого можно пойти учиться после девятого,113,1,top,C,info,9,—,—,—,июнь-июль,main,,b04_na_kogo_pojti_uchitsya
2604,куда идти поступать после 11 класса,113,1,top,C,info,11,—,—,—,июнь-июль,main,,c02_kuda_postupat_posle_11
2605,пройти тест на профориентацию без регистрации,113,3,top,D,commercial,—,—,—,—,сент-окт,main,,d01_test_na_proforientaciyu;d04_projti_test;p06_projti_proforientaciyu
2606,тест голланда на определение профессионального типа,113,1,top,D,info,—,—,—,—,сент-окт,main,,d07_test_gollanda
2607,самые высокооплачиваемые профессии с химией,113,1,top,E,info,—,—,химия,—,flat,main,,e03_vysokooplachivaemye
2608,какая профессия самая высокооплачиваемая для женщин,113,1,top,E,info,—,—,—,—,flat,main,,e03_vysokooplachivaemye
2609,курсы какую профессию выбрать,112,1,top,B,info,—,—,—,—,март-апр,main,,b01_kakuyu_professiyu_vybrat
2610,как выбрать профессию психолог,112,1,top,B,info,—,—,—,—,март-апр,main,,b02_kak_vybrat_professiyu
2611,международные отношения кем можно стать,112,1,top,B,info,—,—,—,—,март-апр,main,,b03_kem_mozhno_stat
2612,на кого можно пойти учиться на вышку,112,1,top,B,info,—,—,—,—,март-апр,main,,b04_na_kogo_pojti_uchitsya
2613,на кого лучше пойти учиться в 2026,112,1,top,B,info,—,—,—,—,март-апр,main,,b04_na_kogo_pojti_uchitsya
2614,тесты климова на профориентацию онлайн бесплатно,112,3,top,D,commercial,—,—,—,—,сент-окт,main,,d01_test_na_proforientaciyu;d02_test_besplatno;d03_test_online
2615,самая высокая высокооплачиваемая профессия,112,1,top,E,info,—,—,—,—,flat,main,,e03_vysokooplachivaemye
2616,школа профориентации для детей,111,1,top,0,info,—,—,—,—,сент-окт,main,,a04_prof_dlya_rebenka
2617,тест на профориентацию девушке,111,1,top,D,info,—,f,—,—,сент-окт,main,,d01_test_na_proforientaciyu
2618,центр социальной трудовой адаптации и профориентации,111,1,top,0,commercial,—,—,—,—,сент-окт,main,,p07_centr_proforientacii
2619,куда поступить в тамбове после 11 класса,110,1,top,C,info,11,—,—,—,июнь-июль,main,,c02_kuda_postupat_posle_11
2620,куда поступать с обществом и историей москва,110,1,top,C,info,—,—,история,москв,июнь-июль,aggregator,,c11_s_istoriej
2621,профориентация тест на выбор профессии для школьников,110,3,top,D,info,—,—,—,—,сент-окт,main,,d01_test_na_proforientaciyu;d06_test_na_vybor_professii;p03_prof_dlya_shkolnikov
2622,профориентация онлайн 8 класс,110,1,top,0,commercial,8,—,—,—,сент-окт,main,,p04_prof_online
2623,центр профориентации спб,110,1,top,0,commercial,—,—,—,спб,сент-окт,aggregator,,p07_centr_proforientacii
2624,какие профессии выбирают парни,109,1,top,B,info,—,—,—,—,март-апр,main,,b01_kakuyu_professiyu_vybrat
2625,куда поступить на стюардессу после 11 класса,109,1,top,C,info,11,—,—,—,июнь-июль,main,,c02_kuda_postupat_posle_11
2626,куда поступать с географией и литературой,109,1,top,C,info,—,—,география,—,июнь-июль,main,,c16_s_geografiej
2627,какая профессия самая высокооплачиваемая для девушки,109,1,top,E,info,—,f,—,—,flat,main,,e03_vysokooplachivaemye
2628,самые высокооплачиваемые профессии в будущем,109,1,top,E,info,—,—,—,—,flat,main,,e03_vysokooplachivaemye
2629,опросник по профориентации онлайн,109,1,top,D,commercial,—,—,—,—,сент-окт,main,,p04_prof_online
2630,кем можно стать после университета,108,2,top,B,info,—,—,—,—,март-апр,main,,b03_kem_mozhno_stat
2631,профориентация кадровый центр,108,1,top,0,commercial,—,—,—,—,сент-окт,main,,p07_centr_proforientacii
2632,какую профессию выбрать девушке список профессий,107,1,top,B,info,—,f,—,—,март-апр,main,,b01_kakuyu_professiyu_vybrat
2633,какую профессию выбрать девочке после 9 класса,107,1,top,C,info,9,f,—,—,июнь-июль,main,,b01_kakuyu_professiyu_vybrat
2634,куда поступить заграницу после 11 класса,107,1,top,C,info,11,—,—,—,июнь-июль,main,,c02_kuda_postupat_posle_11
2635,пилот куда поступать после 11 класса,107,1,top,C,info,11,—,—,—,июнь-июль,main,,c02_kuda_postupat_posle_11
2636,профориентация для детей с овз,106,1,top,0,info,—,—,—,—,сент-окт,main,,a04_prof_dlya_rebenka
2637,какую профессию выбрать в россии,106,1,top,B,info,—,—,—,—,март-апр,main,,b01_kakuyu_professiyu_vybrat
2638,профориентация тест 8 класс онлайн,106,3,top,D,commercial,8,—,—,—,сент-окт,main,,d01_test_na_proforientaciyu;d03_test_online;p04_prof_online
2639,центр профориентация подростков,106,2,top,0,commercial,—,—,—,—,сент-окт,main,,p02_prof_dlya_podrostkov;p07_centr_proforientacii
2640,профориентация онлайн тест с результатом,106,1,top,D,commercial,—,—,—,—,сент-окт,main,,p04_prof_online
2641,профориентация мероприятия для детей,105,1,top,0,info,—,—,—,—,сент-окт,main,,a04_prof_dlya_rebenka
2642,на кого пойти учиться после 11 парню,105,1,top,C,info,11,m,—,—,июнь-июль,main,,b04_na_kogo_pojti_uchitsya
2643,вопросы теста на профориентацию,105,2,top,D,info,—,—,—,—,сент-окт,main,,d01_test_na_proforientaciyu
2644,профориентация тесты онлайн бесплатно с результатом,105,3,top,D,commercial,—,—,—,—,сент-окт,main,,d02_test_besplatno;d03_test_online;p04_prof_online
2645,опросник климова по профориентации пройти,105,1,top,D,commercial,—,—,—,—,сент-окт,main,,p06_projti_proforientaciyu
2646,на кого пойти учиться сдавая химию,104,1,top,B,info,—,—,химия,—,март-апр,main,,b04_na_kogo_pojti_uchitsya
2647,куда поступить на журналиста после 11 класса,104,1,top,C,info,11,—,—,—,июнь-июль,main,,c02_kuda_postupat_posle_11
2648,симферополь куда поступить после 11 класса,104,1,top,C,info,11,—,—,симферопол,июнь-июль,aggregator,,c02_kuda_postupat_posle_11
2649,куда поступить с экзаменами история общество,104,1,top,C,info,—,—,история,—,июнь-июль,main,,c11_s_istoriej
2650,тест на выбор профессии для девушек,104,1,top,D,info,—,f,—,—,сент-окт,main,,d06_test_na_vybor_professii
2651,прошла профориентация для школьников,104,2,top,0,info,—,—,—,—,сент-окт,main,,p03_prof_dlya_shkolnikov;p06_projti_proforientaciyu
2652,центр профориентации омск,104,1,top,0,commercial,—,—,—,омск,сент-окт,aggregator,,p07_centr_proforientacii
2653,какую современную профессию выбрать,103,1,top,B,info,—,—,—,—,март-апр,main,,b01_kakuyu_professiyu_vybrat
2654,как папа выбирал профессию,103,1,top,B,info,—,—,—,—,март-апр,main,,b02_kak_vybrat_professiyu
2655,как называется человек выбирающий профессию,103,1,top,B,info,—,—,—,—,март-апр,main,,b02_kak_vybrat_professiyu
2656,как выбрать профессию и виды профессий,103,1,top,B,info,—,—,—,—,март-апр,main,,b02_kak_vybrat_professiyu
2657,кем можно стать героем,103,1,top,B,info,—,—,—,—,март-апр,main,,b03_kem_mozhno_stat
2658,на кого пойти учиться на бюджете,103,1,top,B,info,—,—,—,—,март-апр,main,,b04_na_kogo_pojti_uchitsya
2659,тест климова на профориентацию пройти бесплатно,103,5,top,D,commercial,—,—,—,—,сент-окт,main,,d01_test_na_proforientaciyu;d02_test_besplatno;d04_projti_test;d08_test_klimova;p06_projti_proforientaciyu
2660,тест климова на профориентацию пройти онлайн бесплатно,103,7,top,D,commercial,—,—,—,—,сент-окт,main,,d01_test_na_proforientaciyu;d02_test_besplatno;d03_test_online;d04_projti_test;d08_test_klimova;p04_prof_online;p06_projti_proforientaciyu
2661,тест на профориентацию для детей,102,2,top,D,info,—,—,—,—,сент-окт,main,,a04_prof_dlya_rebenka;d01_test_na_proforientaciyu
2662,мвд куда поступать после 11 класса,102,1,top,C,info,11,—,—,—,июнь-июль,main,,c02_kuda_postupat_posle_11
2663,куда поступить после 11 класса в белгороде,102,1,top,C,info,11,—,—,белгород,июнь-июль,aggregator,,c02_kuda_postupat_posle_11
2664,тест голланда на профориентацию бесплатно,102,3,top,D,commercial,—,—,—,—,сент-окт,main,,d01_test_na_proforientaciyu;d02_test_besplatno;d07_test_gollanda
2665,топ 10 самых высокооплачиваемых профессий в россии,102,1,top,E,info,—,—,—,—,flat,main,,e03_vysokooplachivaemye
2666,профориентация для школьников лучшие,102,1,top,0,info,—,—,—,—,сент-окт,main,,p03_prof_dlya_shkolnikov
2667,скиллбокс тест на профориентацию,101,1,top,D,info,—,—,—,—,сент-окт,main,,d01_test_na_proforientaciyu
2668,пройти профориентацию на профессию,101,1,top,0,commercial,—,—,—,—,сент-окт,main,,p06_projti_proforientaciyu
2669,программа профориентации 2025 2026,101,1,top,0,info,—,—,—,—,сент-окт,main,,p08_proforientaciya_2026
2670,на кого пойти учиться с химией,100,1,top,B,info,—,—,химия,—,март-апр,main,,b04_na_kogo_pojti_uchitsya
2671,как узнать какая профессия мне подходит,100,1,top,B,info,—,—,—,—,март-апр,main,,b05_kakaya_professiya_podhodit
2672,куда поступить на хореографа после 11 класса,100,1,top,C,info,11,—,—,—,июнь-июль,main,,c02_kuda_postupat_posle_11
2673,куда поступать девушке заочно,100,1,top,C,info,—,f,—,—,июнь-июль,main,,c08_kuda_postupat_devushke
2674,тест голланда на определение профессионального типа личности,100,1,top,D,info,—,—,—,—,сент-окт,main,,d07_test_gollanda
2675,тест климова опросник ддо,100,2,top,D,info,—,—,—,—,сент-окт,main,,d08_test_klimova;d09_ddo_klimova
2676,какие профессии можно выбрать после 11 класса,99,1,top,C,info,11,—,—,—,июнь-июль,main,,b01_kakuyu_professiyu_vybrat
2677,на кого пойти учиться чтобы много зарабатывать,99,1,top,B,info,—,—,—,—,март-апр,main,,b04_na_kogo_pojti_uchitsya
2678,куда поступить после 11 класса в липецке,99,1,top,C,info,11,—,—,липецк,июнь-июль,aggregator,,c02_kuda_postupat_posle_11
2679,тест холланда на профориентацию онлайн бесплатно пройти,99,6,top,D,commercial,—,—,—,—,сент-окт,main,,d01_test_na_proforientaciyu;d02_test_besplatno;d03_test_online;d04_projti_test;p04_prof_online;p06_projti_proforientaciyu
2680,тест холланда на профориентацию пройти бесплатно,99,4,top,D,commercial,—,—,—,—,сент-окт,main,,d01_test_na_proforientaciyu;d02_test_besplatno;d04_projti_test;p06_projti_proforientaciyu
2681,профессиональный тест климова,99,1,top,D,info,—,—,—,—,сент-окт,main,,d08_test_klimova
2682,сварщик самая высокооплачиваемая профессия,99,1,top,E,info,—,—,—,—,flat,main,,e03_vysokooplachivaemye
2683,3 самые высокооплачиваемые профессии,99,1,top,E,info,—,—,—,—,flat,main,,e03_vysokooplachivaemye
2684,самые высокооплачиваемые женские профессии,99,1,top,E,info,—,f,—,—,flat,main,,e03_vysokooplachivaemye
2685,опросник климова по профориентации онлайн,99,1,top,D,commercial,—,—,—,—,сент-окт,main,,p04_prof_online
2686,куда поступить после 11 класса в вологде,98,1,top,C,info,11,—,—,вологд,июнь-июль,aggregator,,c02_kuda_postupat_posle_11
2687,куда поступать после 9 класса девушке высокооплачиваемые,98,1,top,C,info,9,f,—,—,июнь-июль,main,,c08_kuda_postupat_devushke
2688,куда можно поступить учиться девушке,98,1,top,C,info,—,f,—,—,июнь-июль,main,,c08_kuda_postupat_devushke
2689,пройти тест на выбор профессии,98,1,top,D,commercial,—,—,—,—,сент-окт,main,,d06_test_na_vybor_professii
2690,программы профориентации 9 классов,98,1,top,0,info,9,—,—,—,сент-окт,main,,p05_prof_9_klass
2691,кем можно стать после вуза,97,1,top,C,info,—,—,—,—,июнь-июль,main,,b03_kem_mozhno_stat
2692,на кого пойти учиться в будущем,97,1,top,B,info,—,—,—,—,март-апр,main,,b04_na_kogo_pojti_uchitsya
2693,на кого пойти учиться с историей,97,1,top,B,info,—,—,история,—,март-апр,main,,b04_na_kogo_pojti_uchitsya
2694,куда поступить после 11 класса дизайн,97,1,top,C,info,11,—,—,—,июнь-июль,main,,c02_kuda_postupat_posle_11
2695,куда поступать после 10 класса девушке,97,1,top,C,info,10,f,—,—,июнь-июль,main,,c08_kuda_postupat_devushke
2696,большой тест на профориентацию,97,1,top,D,info,—,—,—,—,сент-окт,main,,d01_test_na_proforientaciyu
2697,список самых высокооплачиваемых профессий,97,1,top,E,info,—,—,—,—,flat,main,,e03_vysokooplachivaemye
2698,профориентация тест 8 класс бесплатно онлайн,97,1,top,D,commercial,8,—,—,—,сент-окт,main,,p04_prof_online
2699,центр профориентации детей,96,2,top,0,commercial,—,—,—,—,сент-окт,main,,a04_prof_dlya_rebenka;p07_centr_proforientacii
2700,какую выбрать вторую профессию,96,1,top,B,info,—,—,—,—,март-апр,main,,b01_kakuyu_professiyu_vybrat
2701,какую профессию можно выбрать девушке,96,1,top,B,info,—,f,—,—,март-апр,main,,b01_kakuyu_professiyu_vybrat
2702,на кого пойти учиться с географией,96,1,top,B,info,—,—,география,—,март-апр,main,,b04_na_kogo_pojti_uchitsya
2703,куда поступать на криминалиста после 11 класса,96,1,top,C,info,11,—,—,—,июнь-июль,main,,c02_kuda_postupat_posle_11
2704,самые высокооплачиваемые гуманитарные профессии,96,1,top,E,info,—,—,—,—,flat,main,,e03_vysokooplachivaemye
2705,5 самых высокооплачиваемых профессий,96,1,top,E,info,—,—,—,—,flat,main,,e03_vysokooplachivaemye
2706,самые высокооплаченные профессии,96,1,top,E,info,—,—,—,—,flat,main,,e03_vysokooplachivaemye
2707,программа профориентации для школьников,96,1,top,0,info,—,—,—,—,сент-окт,main,,p03_prof_dlya_shkolnikov
2708,10 тестов на профориентацию,95,1,top,D,info,—,—,—,—,сент-окт,main,,d01_test_na_proforientaciyu
2709,ддо е а климова тест,95,2,top,D,info,—,—,—,—,сент-окт,main,,d08_test_klimova;d09_ddo_klimova
2710,профориентация госуслуги пройти,95,1,top,0,commercial,—,—,—,—,сент-окт,main,,p06_projti_proforientaciyu
2711,какую профессию выбрать для мальчика,94,1,top,B,info,—,m,—,—,март-апр,main,,b01_kakuyu_professiyu_vybrat
2712,какую профессию выбрать stardew valley,94,1,top,B,info,—,—,—,—,март-апр,main,,b01_kakuyu_professiyu_vybrat
2713,как важно выбрать профессию,94,1,top,B,info,—,—,—,—,март-апр,main,,b02_kak_vybrat_professiyu
2714,куда поступать на логопеда после 11 класса,94,1,top,C,info,11,—,—,—,июнь-июль,main,,c02_kuda_postupat_posle_11
2715,куда поступить на кинолога после 11 класса,94,1,top,C,info,11,—,—,—,июнь-июль,main,,c02_kuda_postupat_posle_11
2716,куда поступать на тренера после 11 класса,94,1,top,C,info,11,—,—,—,июнь-июль,main,,c02_kuda_postupat_posle_11
2717,самые высокооплачиваемые профессии в симс,94,1,top,E,info,—,—,—,—,flat,main,,e03_vysokooplachivaemye
2718,республиканский центр профориентации,94,1,top,0,commercial,—,—,—,—,сент-окт,main,,p07_centr_proforientacii
2719,кем можно стать девушке после 11,93,1,top,C,info,11,f,—,—,июнь-июль,main,,b03_kem_mozhno_stat
2720,кем можно стать после 11 класса девушке,93,1,top,C,info,11,f,—,—,июнь-июль,main,,b03_kem_mozhno_stat
2721,на кого сейчас пойти учиться,93,1,top,B,info,—,—,—,—,март-апр,main,,b04_na_kogo_pojti_uchitsya
2722,куда можно поступить после девятого класса девушке,93,1,top,C,info,9,f,—,—,июнь-июль,main,,c08_kuda_postupat_devushke
2723,новокузнецк куда поступить девушке 9 класса,93,1,top,C,info,9,f,—,—,июнь-июль,main,,c08_kuda_postupat_devushke
2724,куда можно поступить с географией и химией,93,1,top,C,info,—,—,химия,—,июнь-июль,main,,c16_s_geografiej
2725,расшифровка теста климова,93,2,top,D,info,—,—,—,—,сент-окт,main,,d08_test_klimova
2726,методика ддо дифференциально диагностический опросник климова,93,1,top,D,info,—,—,—,—,сент-окт,main,,d09_ddo_klimova
2727,какую айти профессию выбрать,92,1,top,B,info,—,—,—,—,март-апр,main,,b01_kakuyu_professiyu_vybrat
2728,какую выбрать профессию дома,92,1,top,B,info,—,—,—,—,март-апр,main,,b01_kakuyu_professiyu_vybrat
2729,куда поступить на повара после 11 класса,92,1,top,C,info,11,—,—,—,июнь-июль,main,,c02_kuda_postupat_posle_11
2730,куда поступить после 11 класса на переводчика,92,1,top,C,info,11,—,—,—,июнь-июль,main,,c02_kuda_postupat_posle_11
2731,куда поступать девушке после 11 военного,92,1,top,C,info,11,f,—,—,июнь-июль,main,,c08_kuda_postupat_devushke
2732,куда поступить с общагой и историей,92,1,top,C,info,—,—,история,—,июнь-июль,main,,c11_s_istoriej
2733,куда можно поступить с биологией и историей,92,1,top,C,info,—,—,история,—,июнь-июль,main,,c11_s_istoriej
2734,тесты климова и голланда,92,2,top,D,info,—,—,—,—,сент-окт,main,,d07_test_gollanda;d08_test_klimova
2735,центр профориентации молодежи серпухов,92,1,top,0,commercial,—,—,—,—,сент-окт,main,,p07_centr_proforientacii
2736,республиканский центр социальной адаптации и профориентации,92,1,top,0,commercial,—,—,—,—,сент-окт,main,,p07_centr_proforientacii
2737,республиканский центр социальной трудовой адаптации профориентации,92,1,top,0,commercial,—,—,—,—,сент-окт,main,,p07_centr_proforientacii
2738,тест на профориентацию после 11 бесплатно,91,2,top,D,commercial,11,—,—,—,сент-окт,main,,d01_test_na_proforientaciyu;d02_test_besplatno
2739,ддо климова тест онлайн,91,2,top,D,commercial,—,—,—,—,сент-окт,main,,d08_test_klimova;d09_ddo_klimova
2740,самые высокооплачиваемые профессии в спб,91,1,top,E,info,—,—,—,спб,flat,aggregator,,e03_vysokooplachivaemye
2741,какие сейчас самые высокооплачиваемые профессии,91,1,top,E,info,—,—,—,—,flat,main,,e03_vysokooplachivaemye
2742,самые высокооплачиваемые работы профессии,91,1,top,E,info,—,—,—,—,flat,main,,e03_vysokooplachivaemye
2743,какую профессию программиста выбрать,90,1,top,B,info,—,—,—,—,март-апр,main,,b01_kakuyu_professiyu_vybrat
2744,как выбрать профессию школьнику,90,1,top,B,info,—,—,—,—,март-апр,main,,b02_kak_vybrat_professiyu
2745,направление подготовки и специальность в чем отличие,90,1,assoc,D,info,—,—,—,—,сент-окт,main,,d06_test_na_vybor_professii
2746,самые высокооплачиваемые профессии в америке,90,1,top,E,info,—,—,—,—,flat,main,,e03_vysokooplachivaemye
2747,пройти тест профориентации 9 класс,90,2,top,D,commercial,9,—,—,—,сент-окт,main,,p05_prof_9_klass;p06_projti_proforientaciyu
2748,пройти профориентацию после 9,90,1,top,0,commercial,9,—,—,—,сент-окт,main,,p06_projti_proforientaciyu
2749,центр по профориентации и трудоустройству молодежи,90,1,top,0,commercial,—,—,—,—,сент-окт,main,,p07_centr_proforientacii
2750,какие профессии выбирают студенты,89,1,top,B,info,—,—,—,—,март-апр,main,,b01_kakuyu_professiyu_vybrat
2751,профориентация какую профессию выбрать,89,1,top,0,info,—,—,—,—,сент-окт,main,,b01_kakuyu_professiyu_vybrat
2752,тест какую профессию выбрать после 9,89,1,top,D,info,9,—,—,—,сент-окт,main,,b01_kakuyu_professiyu_vybrat
2753,как выбрать профессию девушке тест,89,1,top,D,info,—,f,—,—,сент-окт,main,,b02_kak_vybrat_professiyu
2754,готика 1 кем можно стать,89,1,top,B,info,—,—,—,—,март-апр,main,,b03_kem_mozhno_stat
2755,на кого можно пойти учиться в университете,89,1,top,B,info,—,—,—,—,март-апр,main,,b04_na_kogo_pojti_uchitsya
2756,куда поступить после 11 класса в костроме,89,1,top,C,info,11,—,—,—,июнь-июль,main,,c02_kuda_postupat_posle_11
2757,куда поступить в калининграде девушке,89,1,top,C,info,—,f,—,калининград,июнь-июль,aggregator,,c08_kuda_postupat_devushke
2758,куда можно поступить после 10 класса девушке,89,1,top,C,info,10,f,—,—,июнь-июль,main,,c08_kuda_postupat_devushke
2759,самые высокооплачиваемые технические профессии,89,1,top,E,info,—,—,—,—,flat,main,,e03_vysokooplachivaemye
2760,тест профориентация бесплатно для школьников профессия,89,1,top,D,commercial,—,—,—,—,сент-окт,main,,p03_prof_dlya_shkolnikov
2761,бесплатная профориентация для школьников выбор профессии,89,1,top,0,commercial,—,—,—,—,сент-окт,main,,p03_prof_dlya_shkolnikov
2762,какую профессию выбрать чтобы работать,88,1,top,B,info,—,—,—,—,март-апр,main,,b01_kakuyu_professiyu_vybrat
2763,какие профессии выбирают мужчины,88,1,top,B,info,—,—,—,—,март-апр,main,,b01_kakuyu_professiyu_vybrat
2764,кем можно стать с математикой,88,1,top,B,info,—,—,математика,—,март-апр,main,,b03_kem_mozhno_stat
2765,менеджмент кем можно стать,88,1,top,B,info,—,—,—,—,март-апр,main,,b03_kem_mozhno_stat
2766,опросник климова по профориентации пройти онлайн,88,2,top,D,commercial,—,—,—,—,сент-окт,main,,p04_prof_online;p06_projti_proforientaciyu
2767,кем стать после 9 класса тест,87,1,top,D,info,9,—,—,—,сент-окт,main,,c07_kem_stat_posle_9
2768,куда можно поступить девушке в военное,87,1,top,C,info,—,f,—,—,июнь-июль,main,,c08_kuda_postupat_devushke
2769,куда поступить с историей и информатикой,87,1,top,C,info,—,—,история,—,июнь-июль,main,,c11_s_istoriej
2770,куда поступить с профматом и географией,87,1,top,C,info,—,—,география,—,июнь-июль,main,,c16_s_geografiej
2771,самые высокооплачиваемые профессии в месяц,87,1,top,E,info,—,—,—,—,flat,main,,e03_vysokooplachivaemye
2772,где пройти профориентацию в москве,87,1,top,0,commercial,—,—,—,москв,сент-окт,aggregator,,p06_projti_proforientaciyu
2773,кем можно стать и зарабатывать,86,1,top,B,info,—,—,—,—,март-апр,main,,b03_kem_mozhno_stat
2774,тест голланда на профориентацию пройти онлайн бесплатно,86,7,top,D,commercial,—,—,—,—,сент-окт,main,,d01_test_na_proforientaciyu;d02_test_besplatno;d03_test_online;d04_projti_test;d07_test_gollanda;p04_prof_online;p06_projti_proforientaciyu
2775,тест голланда опросник,86,1,top,D,info,—,—,—,—,сент-окт,main,,d07_test_gollanda
2776,как выбрать востребованную профессию,85,1,top,E,info,—,—,—,—,flat,main,,b02_kak_vybrat_professiyu
2777,тест узнать какая профессия мне подходит,85,1,top,D,info,—,—,—,—,сент-окт,main,,b05_kakaya_professiya_podhodit
2778,куда поступить учиться после 11 класса девушке,85,2,top,C,info,11,f,—,—,июнь-июль,main,,c02_kuda_postupat_posle_11;c08_kuda_postupat_devushke
2779,куда можно поступить с историей 34 балла,85,1,top,C,info,—,—,история,—,июнь-июль,main,,c11_s_istoriej
2780,тест на профориентацию госуслуги,85,1,top,D,commercial,—,—,—,—,сент-окт,main,,d01_test_na_proforientaciyu
2781,голланд холланд тест,85,1,top,D,info,—,—,—,—,сент-окт,main,,d07_test_gollanda
2782,самые высокооплачиваемые профессии в айти,85,1,top,E,info,—,—,—,—,flat,main,,e03_vysokooplachivaemye
2783,центр профориентации метрополитена,85,1,top,0,commercial,—,—,—,—,сент-окт,main,,p07_centr_proforientacii
2784,серпухов центр профориентации и трудоустройства,85,1,top,0,commercial,—,—,—,—,сент-окт,main,,p07_centr_proforientacii
2785,профориентация программа для детей,84,1,top,0,info,—,—,—,—,сент-окт,main,,a04_prof_dlya_rebenka
2786,какую профессию выбрать после 9 класса тест,84,1,top,D,info,9,—,—,—,сент-окт,main,,b01_kakuyu_professiyu_vybrat
2787,кем можно стать в полиции,84,1,top,B,info,—,—,—,—,март-апр,main,,b03_kem_mozhno_stat
2788,кем можно стать в будущем девушке,84,1,top,B,info,—,f,—,—,март-апр,main,,b03_kem_mozhno_stat
2789,сестринское дело кем можно стать,84,1,top,B,info,—,—,—,—,март-апр,main,,b03_kem_mozhno_stat
2790,на кого можно пойти учиться в 2026,84,1,top,B,info,—,—,—,—,март-апр,main,,b04_na_kogo_pojti_uchitsya
2791,куда пойти поступать после 11 класса,84,1,top,C,info,11,—,—,—,июнь-июль,main,,c02_kuda_postupat_posle_11
2792,куда поступить после 9 класса иваново девушке,84,1,top,C,info,9,f,—,иванов,июнь-июль,aggregator,,c08_kuda_postupat_devushke
2793,тест профориентации профессии пройти,84,3,top,D,commercial,—,—,—,—,сент-окт,main,,d01_test_na_proforientaciyu;d04_projti_test;p06_projti_proforientaciyu
2794,самые высокооплачиваемые профессии в медицине в россии,84,1,top,E,info,—,—,—,—,flat,main,,e03_vysokooplachivaemye
2795,профориентация для младших школьников,84,1,top,0,info,—,—,—,—,сент-окт,main,,p03_prof_dlya_shkolnikov
2796,готика 1 ремейк кем можно стать,83,1,top,B,info,—,—,—,—,март-апр,main,,b03_kem_mozhno_stat
2797,куда поступать после 11 класса работы,83,1,top,C,info,11,—,—,—,июнь-июль,main,,c02_kuda_postupat_posle_11
2798,мвд куда поступить девушке,83,1,top,C,info,—,f,—,—,июнь-июль,main,,c08_kuda_postupat_devushke
2799,тест на профориентацию после 9 класса девушке,83,2,top,D,info,9,f,—,—,сент-окт,main,,d01_test_na_proforientaciyu;p05_prof_9_klass
2800,профессиональный тест на профориентацию,83,1,top,D,info,—,—,—,—,сент-окт,main,,d01_test_na_proforientaciyu
2801,расшифровка теста на профориентацию,83,2,top,D,info,—,—,—,—,сент-окт,main,,d01_test_na_proforientaciyu
2802,самые высокооплачиваемые профессии в симс 4,83,1,top,E,info,—,—,—,—,flat,main,,e03_vysokooplachivaemye
2803,профориентация после 9 класса девушке,83,1,top,0,info,9,f,—,—,сент-окт,main,,p05_prof_9_klass
2804,центр занятости населения профориентация,83,1,top,0,commercial,—,—,—,—,сент-окт,main,,p07_centr_proforientacii
2805,кем можно стать с юридическим образованием,82,1,top,B,info,—,—,—,—,март-апр,main,,b03_kem_mozhno_stat
2806,ульяновск куда девушке поступить,82,1,top,C,info,—,f,—,ульяновск,июнь-июль,aggregator,,c08_kuda_postupat_devushke
2807,профориентация для подростков тесты онлайн,82,4,top,D,commercial,—,—,—,—,сент-окт,main,,d01_test_na_proforientaciyu;d03_test_online;p02_prof_dlya_podrostkov;p04_prof_online
2808,тестирование мчат пройти,82,2,assoc,D,commercial,—,—,—,—,сент-окт,main,,d05_test_na_professiyu;d06_test_na_vybor_professii
2809,какая профессия в медицине самая высокооплачиваемая,82,1,top,E,info,—,—,—,—,flat,main,,e03_vysokooplachivaemye
2810,кем можно стать мальчику,81,1,top,B,info,—,m,—,—,март-апр,main,,b03_kem_mozhno_stat
2811,какая профессия мне подходит для женщин,81,1,top,B,info,—,—,—,—,март-апр,main,,b05_kakaya_professiya_podhodit
2812,куда лучше поступать после 11 класса мальчику,81,1,top,C,info,11,m,—,—,июнь-июль,main,,c02_kuda_postupat_posle_11
2813,самые высокооплачиваемые профессии связанные с химией,81,1,top,E,info,—,—,химия,—,flat,main,,e03_vysokooplachivaemye
2814,тест профориентации пройти онлайн с расшифровкой,81,1,top,D,commercial,—,—,—,—,сент-окт,main,,p04_prof_online
2815,климов как выбирать профессию,80,1,top,D,info,—,—,—,—,сент-окт,main,,b02_kak_vybrat_professiyu
2816,куда поступать на экономиста после 11 класса,80,1,top,C,info,11,—,—,—,июнь-июль,main,,c02_kuda_postupat_posle_11
2817,хим био куда поступать после 11 класса,80,1,top,C,info,11,—,—,—,июнь-июль,main,,c02_kuda_postupat_posle_11
2818,куда поступить после 11 класса в севастополе,80,1,top,C,info,11,—,—,севастопол,июнь-июль,aggregator,,c02_kuda_postupat_posle_11
2819,куда поступить после 9 класса казань парням,80,1,top,C,info,9,m,—,казан,июнь-июль,aggregator,,c09_kuda_postupat_parnyu
2820,профориентация для школьников обучение,80,1,top,0,info,—,—,—,—,сент-окт,main,,p03_prof_dlya_shkolnikov
2821,профессии и специальности как выбрать,79,1,top,B,info,—,—,—,—,март-апр,main,,b02_kak_vybrat_professiyu
2822,кем можно стать после меда,79,1,top,B,info,—,—,—,—,март-апр,main,,b03_kem_mozhno_stat
2823,омск на кого пойти учиться,79,1,top,B,info,—,—,—,омск,март-апр,aggregator,,b04_na_kogo_pojti_uchitsya
2824,куда поступить после 11 класса юноше,79,1,top,C,info,11,m,—,—,июнь-июль,main,,c02_kuda_postupat_posle_11
2825,самая высокооплачиваемая профессия в рублях,79,1,top,E,info,—,—,—,—,flat,main,,e03_vysokooplachivaemye
2826,профориентация медицина для школьников,79,1,top,0,info,—,—,—,—,сент-окт,main,,p03_prof_dlya_shkolnikov
2827,работа в центре профориентации,79,1,top,0,info,—,—,—,—,сент-окт,main,,p07_centr_proforientacii
2828,какую профессию выбирают выпускники,78,1,top,B,info,—,—,—,—,март-апр,main,,b01_kakuyu_professiyu_vybrat
2829,куда поступить после 11 класса в новокузнецке,78,1,top,C,info,11,—,—,—,июнь-июль,main,,c02_kuda_postupat_posle_11
2830,тест на профориентацию бесплатно с расшифровкой,78,2,top,D,commercial,—,—,—,—,сент-окт,main,,d01_test_na_proforientaciyu;d02_test_besplatno
2831,профориентация для подростка 14 лет,78,1,top,0,info,—,—,—,—,сент-окт,main,,p02_prof_dlya_podrostkov
2832,центр профессиональной профориентации,78,1,top,0,commercial,—,—,—,—,сент-окт,main,,p07_centr_proforientacii
2833,какую дата профессию выбрать,77,1,top,B,info,—,—,—,—,март-апр,main,,b01_kakuyu_professiyu_vybrat
2834,какую онлайн профессию выбрать,77,1,top,B,info,—,—,—,—,март-апр,main,,b01_kakuyu_professiyu_vybrat
2835,мвд кем можно стать,77,1,top,B,info,—,—,—,—,март-апр,main,,b03_kem_mozhno_stat
2836,куда можно поступить с профилем и историей,77,1,top,C,info,—,—,история,—,июнь-июль,main,,c11_s_istoriej
2837,умскул тест на профориентацию,77,1,top,D,info,—,—,—,—,сент-окт,main,,d01_test_na_proforientaciyu
2838,8 онлайн тестов на профориентацию,77,3,top,D,commercial,—,—,—,—,сент-окт,main,,d01_test_na_proforientaciyu;d03_test_online;p04_prof_online
2839,фпо тестирование,77,1,assoc,D,info,—,—,—,—,сент-окт,main,,d01_test_na_proforientaciyu
2840,профориентация 9 11 класс,77,1,top,0,info,11,—,—,—,сент-окт,main,,p05_prof_9_klass
2841,какую профессию выбрать бухгалтеру,76,1,top,B,info,—,—,—,—,март-апр,main,,b01_kakuyu_professiyu_vybrat
2842,врачи на кого пойти учиться,76,1,top,B,info,—,—,—,—,март-апр,main,,b04_na_kogo_pojti_uchitsya
2843,тест куда поступать после 9 класса девушке,76,1,top,D,info,9,f,—,—,сент-окт,main,,c08_kuda_postupat_devushke
2844,куда поступить после 11 девушке москва,76,1,top,C,info,11,f,—,москв,июнь-июль,aggregator,,c08_kuda_postupat_devushke
2845,куда поступать с историей и иностранным,76,1,top,C,info,—,—,история,—,июнь-июль,main,,c11_s_istoriej
2846,тест на профориентацию для школьников 7,76,2,top,D,info,—,—,—,—,сент-окт,main,,d01_test_na_proforientaciyu;p03_prof_dlya_shkolnikov
2847,тест на профориентацию для школьников 7 класс,76,2,top,D,info,—,—,—,—,сент-окт,main,,d01_test_na_proforientaciyu;p03_prof_dlya_shkolnikov
2848,где пройти тест на профориентацию,76,2,top,D,commercial,—,—,—,—,сент-окт,main,,d01_test_na_proforientaciyu;d04_projti_test
2849,где проходят тест на профориентацию,76,2,top,D,info,—,—,—,—,сент-окт,main,,d01_test_na_proforientaciyu;d04_projti_test
2850,тест на профориентацию йовайши,76,1,top,D,info,—,—,—,—,сент-окт,main,,d01_test_na_proforientaciyu
2851,профориентация онлайн для 11 класса,76,1,top,0,commercial,11,—,—,—,сент-окт,main,,p04_prof_online
2852,московский центр профориентации,76,1,top,0,commercial,—,—,—,моск,сент-окт,aggregator,,p07_centr_proforientacii
2853,какую профессию выбрать стардью,75,1,top,B,info,—,—,—,—,март-апр,main,,b01_kakuyu_professiyu_vybrat
2854,какую профессию юриста выбрать,75,1,top,B,info,—,—,—,—,март-апр,main,,b01_kakuyu_professiyu_vybrat
2855,на кого можно пойти учиться медсестре,75,2,top,B,info,—,—,—,—,март-апр,main,,b04_na_kogo_pojti_uchitsya
2856,куда поступить на мчс после 11 класса,75,1,top,C,info,11,—,—,—,июнь-июль,main,,c02_kuda_postupat_posle_11
2857,куда поступить после 11 класса во владимире,75,1,top,C,info,11,—,—,владимир,июнь-июль,aggregator,,c02_kuda_postupat_posle_11
2858,тест по модели голланда,75,1,top,D,info,—,—,—,—,сент-окт,main,,d07_test_gollanda
2859,какую профессию выбрать школьнику,74,1,top,B,info,—,—,—,—,март-апр,main,,b01_kakuyu_professiyu_vybrat
2860,самые высокооплачиваемые инженерные профессии,74,1,top,E,info,—,—,—,—,flat,main,,e03_vysokooplachivaemye
2861,профориентация для детей проект,73,1,top,0,info,—,—,—,—,сент-окт,main,,a04_prof_dlya_rebenka
2862,как выбрать профессию по душе девушке,73,1,top,B,info,—,f,—,—,март-апр,main,,b02_kak_vybrat_professiyu
2863,как выбрать профессию онлайн,73,1,top,B,info,—,—,—,—,март-апр,main,,b02_kak_vybrat_professiyu
2864,как выбрать профессию девушке 11 класса,73,1,top,C,info,11,f,—,—,июнь-июль,main,,b02_kak_vybrat_professiyu
2865,гражданский пилот куда поступать после 11 класса,73,1,top,C,info,11,—,—,—,июнь-июль,main,,c02_kuda_postupat_posle_11
2866,куда поступить после 11 класса дистанционно,73,1,top,C,info,11,—,—,—,июнь-июль,main,,c02_kuda_postupat_posle_11
2867,куда поступить с географией и проф математикой,73,1,top,C,info,—,—,география,—,июнь-июль,main,,c16_s_geografiej
2868,тест голланда профессия,73,1,top,D,info,—,—,—,—,сент-окт,main,,d07_test_gollanda
2869,онлайн школа профориентации,73,1,top,0,commercial,—,—,—,—,сент-окт,main,,p04_prof_online
2870,профориентация 5 9 классы,73,1,top,0,info,9,—,—,—,сент-окт,main,,p05_prof_9_klass
2871,какую профессию можно выбрать девочкам,72,1,top,B,info,—,f,—,—,март-апр,main,,b01_kakuyu_professiyu_vybrat
2872,как родители выбирали профессию,72,1,top,B,info,—,—,—,—,март-апр,main,,b02_kak_vybrat_professiyu
2873,полиция на кого пойти учиться,72,1,top,B,info,—,—,—,—,март-апр,main,,b04_na_kogo_pojti_uchitsya
2874,полиция куда поступать после 11 класса,72,1,top,C,info,11,—,—,—,июнь-июль,main,,c02_kuda_postupat_posle_11
2875,куда лучше поступить после 9 класса парню,72,1,top,C,info,9,m,—,—,июнь-июль,main,,c09_kuda_postupat_parnyu
2876,тест на профориентацию для школьников 11 класс,72,2,top,D,info,11,—,—,—,сент-окт,main,,d01_test_na_proforientaciyu;p03_prof_dlya_shkolnikov
2877,профориентация 8 9 классы,72,1,top,0,info,9,—,—,—,сент-окт,main,,p05_prof_9_klass
2878,центр образования центр профориентации,72,1,top,0,commercial,—,—,—,—,сент-окт,main,,p07_centr_proforientacii
2879,какую профессию выбрать по предметам,71,1,top,B,info,—,—,—,—,март-апр,main,,b01_kakuyu_professiyu_vybrat
2880,как выбрать ребенку профессию после 9,71,1,top,C,info,9,—,—,—,июнь-июль,main,,b02_kak_vybrat_professiyu
2881,государственное и муниципальное управление кем можно стать,71,1,top,B,info,—,—,—,—,март-апр,main,,b03_kem_mozhno_stat
2882,самые высокооплачиваемые профессии в екатеринбурге,71,1,top,E,info,—,—,—,екатеринбург,flat,aggregator,,e03_vysokooplachivaemye
2883,рейтинг самых высокооплачиваемых профессий,71,1,top,E,info,—,—,—,—,flat,main,,e03_vysokooplachivaemye
2884,20 самых высокооплачиваемых профессий,71,1,top,E,info,—,—,—,—,flat,main,,e03_vysokooplachivaemye
2885,профориентация для школьников 6,71,1,top,0,info,—,—,—,—,сент-окт,main,,p03_prof_dlya_shkolnikov
2886,профориентация онлайн тест бесплатно для 11,71,1,top,D,commercial,—,—,—,—,сент-окт,main,,p04_prof_online
2887,план профориентации на 2025 2026 учебный,71,1,top,0,info,—,—,—,—,сент-окт,main,,p08_proforientaciya_2026
2888,профориентация россия мои горизонты 2025 2026,71,1,top,0,info,—,—,—,—,сент-окт,main,,p08_proforientaciya_2026
2889,смена профессии какую выбрать профессию,70,1,top,B,info,—,—,—,—,март-апр,main,,b01_kakuyu_professiyu_vybrat
2890,на кого пойти учиться с информатикой,70,1,top,B,info,—,—,информатика,—,март-апр,main,,b04_na_kogo_pojti_uchitsya
2891,куда поступать тест на профориентацию,70,1,top,D,info,—,—,—,—,сент-окт,main,,d01_test_na_proforientaciyu
2892,топ 3 самых высокооплачиваемых профессий,70,1,top,E,info,—,—,—,—,flat,main,,e03_vysokooplachivaemye
2893,какую профессию выбрать по душе,69,1,top,B,info,—,—,—,—,март-апр,main,,b01_kakuyu_professiyu_vybrat
2894,как выбрать профессию учителя,69,1,top,B,info,—,—,—,—,март-апр,main,,b02_kak_vybrat_professiyu
2895,как выбрать профессию и вуз,69,1,top,C,info,—,—,—,—,июнь-июль,main,,b02_kak_vybrat_professiyu
2896,кем можно стать в 14,69,1,top,B,info,—,—,—,—,март-апр,main,,b03_kem_mozhno_stat
2897,самые высокооплачиваемые профессии в мире 2026,69,1,top,E,info,—,—,—,—,flat,main,,e03_vysokooplachivaemye
2898,книга как выбрать профессию,68,1,top,B,info,—,—,—,—,март-апр,main,,b02_kak_vybrat_professiyu
2899,как выбрать профессию студенту,68,1,top,B,info,—,—,—,—,март-апр,main,,b02_kak_vybrat_professiyu
2900,на кого можно пойти учиться после школы,68,1,top,B,info,11,—,—,—,март-апр,main,,b04_na_kogo_pojti_uchitsya
2901,профориентация для подростков в спб,68,1,top,0,info,—,—,—,спб,сент-окт,aggregator,,p02_prof_dlya_podrostkov
2902,профориентация 9 класс темы,68,1,top,0,info,9,—,—,—,сент-окт,main,,p05_prof_9_klass
2903,психологический центр профориентация,68,1,top,0,commercial,—,—,—,—,сент-окт,main,,p07_centr_proforientacii
2904,какую интересную профессию выбрать,67,1,top,B,info,—,—,—,—,март-апр,main,,b01_kakuyu_professiyu_vybrat
2905,раскин как папа выбирал профессию,67,1,top,B,info,—,—,—,—,март-апр,main,,b02_kak_vybrat_professiyu
2906,критерии как выбрать профессию,67,1,top,B,info,—,—,—,—,март-апр,main,,b02_kak_vybrat_professiyu
2907,е климов как выбирать профессию,67,1,top,D,info,—,—,—,—,сент-окт,main,,b02_kak_vybrat_professiyu
2908,узнать кем можно стать,67,1,top,B,info,—,—,—,—,март-апр,main,,b03_kem_mozhno_stat
2909,юридический колледж кем можно стать,67,1,top,C,info,—,—,—,—,июнь-июль,main,,b03_kem_mozhno_stat
2910,на кого пойти учиться после спо,67,1,top,C,info,—,—,—,—,июнь-июль,main,,b04_na_kogo_pojti_uchitsya
2911,форум куда поступать после 11 класса,67,1,top,C,info,11,—,—,—,июнь-июль,main,,c02_kuda_postupat_posle_11
2912,куда можно поступить с историей профессии,67,1,top,C,info,—,—,история,—,июнь-июль,main,,c11_s_istoriej
2913,расшифровка теста климова на профориентацию,67,1,top,D,info,—,—,—,—,сент-окт,main,,d01_test_na_proforientaciyu
2914,профессиональный тест дж голланда,67,1,top,D,info,—,—,—,—,сент-окт,main,,d07_test_gollanda
2915,самые высокооплачиваемые профессии с физикой,67,1,top,E,info,—,—,физика,—,flat,main,,e03_vysokooplachivaemye
2916,центр профориентации карьера,67,1,top,0,commercial,—,—,—,—,сент-окт,main,,p07_centr_proforientacii
2917,центр профориентации и развития квалификаций,67,1,top,0,commercial,—,—,—,—,сент-окт,main,,p07_centr_proforientacii
2918,государственный центр профориентации,67,1,top,0,commercial,—,—,—,—,сент-окт,main,,p07_centr_proforientacii
2919,как выбрать интересную профессию,66,1,top,B,info,—,—,—,—,март-апр,main,,b02_kak_vybrat_professiyu
2920,кем можно стать сдавая биологию и химию,66,1,top,B,info,—,—,биология,—,март-апр,main,,b03_kem_mozhno_stat
2921,кем можно стать и почему,66,1,top,B,info,—,—,—,—,март-апр,main,,b03_kem_mozhno_stat
2922,туризм и гостеприимство кем можно стать,66,1,top,B,info,—,—,—,—,март-апр,main,,b03_kem_mozhno_stat
2923,как понять какая профессия мне подходит тест,66,1,top,D,info,—,—,—,—,сент-окт,main,,b05_kakaya_professiya_podhodit
2924,куда поступать на автомеханика после 11 класса,66,1,top,C,info,11,—,—,—,июнь-июль,main,,c02_kuda_postupat_posle_11
2925,куда девушке поступать после школы,66,1,top,C,info,11,f,—,—,июнь-июль,main,,c08_kuda_postupat_devushke
2926,самые высокооплачиваемые профессии для мальчиков,66,1,top,E,info,—,m,—,—,flat,main,,e03_vysokooplachivaemye
2927,курсы профориентации для подростков,66,1,top,0,info,—,—,—,—,сент-окт,main,,p02_prof_dlya_podrostkov
2928,профориентация для школьников в екатеринбурге,66,1,top,0,info,—,—,—,екатеринбург,сент-окт,aggregator,,p03_prof_dlya_shkolnikov
2929,профориентации для школьников 6 классов,66,1,top,0,info,—,—,—,—,сент-окт,main,,p03_prof_dlya_shkolnikov
2930,какую удаленную профессию выбрать,65,1,top,B,info,—,—,—,—,март-апр,main,,b01_kakuyu_professiyu_vybrat
2931,как выбрать профессию врача,65,1,top,B,info,—,—,—,—,март-апр,main,,b02_kak_vybrat_professiyu
2932,на кого пойти учиться в новосибирске,65,1,top,B,info,—,—,—,новосибирск,март-апр,aggregator,,b04_na_kogo_pojti_uchitsya
2933,айтишник куда поступать после 11 класса,65,1,top,C,info,11,—,—,—,июнь-июль,main,,c02_kuda_postupat_posle_11
2934,куда поступить после 11 класса в сыктывкаре,65,1,top,C,info,11,—,—,—,июнь-июль,main,,c02_kuda_postupat_posle_11
2935,куда поступить после 11 класса в благовещенске,65,1,top,C,info,11,—,—,—,июнь-июль,main,,c02_kuda_postupat_posle_11
2936,куда поступать на полицейского девушке,65,1,top,C,info,—,f,—,—,июнь-июль,main,,c08_kuda_postupat_devushke
2937,куда поступать с историей и англ,65,1,top,C,info,—,—,история,—,июнь-июль,main,,c11_s_istoriej
2938,самый точный тест на профориентацию,65,1,top,D,info,—,—,—,—,сент-окт,main,,d01_test_na_proforientaciyu
2939,самые высокооплачиваемые творческие профессии,65,1,top,E,info,—,—,—,—,flat,main,,e03_vysokooplachivaemye
2940,пройти тест профориентации 9 класс бесплатно,65,1,top,D,commercial,9,—,—,—,сент-окт,main,,p05_prof_9_klass
2941,областной центр профориентации,65,1,top,0,commercial,—,—,—,—,сент-окт,main,,p07_centr_proforientacii
2942,кем можно стать если не знаешь,64,2,top,B,info,—,—,—,—,март-апр,main,,b03_kem_mozhno_stat;b07_ne_znayu_kem_stat
2943,куда поступить после 9 девушке заочно,64,1,top,C,info,9,f,—,—,июнь-июль,main,,c08_kuda_postupat_devushke
2944,тест климова дифференциально диагностический опросник ддо,64,1,top,D,info,—,—,—,—,сент-окт,main,,d09_ddo_klimova
2945,самые высокооплачиваемые профессии в it сфере,64,1,top,E,info,—,—,—,—,flat,main,,e03_vysokooplachivaemye
2946,торговое дело кем можно стать,63,1,top,B,info,—,—,—,—,март-апр,main,,b03_kem_mozhno_stat
2947,повар на кого пойти учиться,63,1,top,B,info,—,—,—,—,март-апр,main,,b04_na_kogo_pojti_uchitsya
2948,тест какая профессия мне больше всего подходит,63,1,top,D,info,—,—,—,—,сент-окт,main,,b05_kakaya_professiya_podhodit
2949,татарстан куда поступить после 11 класса,63,1,top,C,info,11,—,—,—,июнь-июль,main,,c02_kuda_postupat_posle_11
2950,фсб куда поступать девушке,63,1,top,C,info,—,f,—,—,июнь-июль,main,,c08_kuda_postupat_devushke
2951,ддо климова тест пройти,63,1,top,D,commercial,—,—,—,—,сент-окт,main,,d09_ddo_klimova
2952,профориентация онлайн тест бесплатно для 11 класса,63,1,top,D,commercial,11,—,—,—,сент-окт,main,,p04_prof_online
2953,классный 9 класс профориентация,63,1,top,0,info,9,—,—,—,сент-окт,main,,p05_prof_9_klass
2954,какие профессии можно выбрать в колледже,62,1,top,C,info,—,—,—,—,июнь-июль,both,,b01_kakuyu_professiyu_vybrat
2955,как выбрать профессию ребенку после 9 класса,62,1,top,C,info,9,—,—,—,июнь-июль,main,,b02_kak_vybrat_professiyu
2956,лечебное дело колледж кем можно стать,62,1,top,C,info,—,—,—,—,июнь-июль,main,,b03_kem_mozhno_stat
2957,кем можно стать в школе,62,2,top,B,info,—,—,—,—,март-апр,main,,b03_kem_mozhno_stat
2958,на кого пойти учиться воронеж,62,1,top,B,info,—,—,—,воронеж,март-апр,aggregator,,b04_na_kogo_pojti_uchitsya
2959,какая творческая профессия мне подходит,62,1,top,B,info,—,—,—,—,март-апр,main,,b05_kakaya_professiya_podhodit
2960,куда поступить на бухгалтера после 11 класса,62,1,top,C,info,11,—,—,—,июнь-июль,main,,c02_kuda_postupat_posle_11
2961,икигай тест на профориентацию,62,1,top,D,info,—,—,—,—,сент-окт,main,,d01_test_na_proforientaciyu
2962,центры профориентации в россии,62,1,top,0,info,—,—,—,—,сент-окт,main,,p07_centr_proforientacii
2963,какую юридическую профессию выбрать,61,1,top,B,info,—,—,—,—,март-апр,main,,b01_kakuyu_professiyu_vybrat
2964,ддо климов пройти онлайн,61,1,top,D,commercial,—,—,—,—,сент-окт,main,,d09_ddo_klimova
2965,какую профессию выбрать в университете,60,1,top,B,info,—,—,—,—,март-апр,main,,b01_kakuyu_professiyu_vybrat
2966,кем можно стать в армии,60,1,top,B,info,—,—,—,—,март-апр,main,,b03_kem_mozhno_stat
2967,кем можно стать с химией,60,1,top,B,info,—,—,химия,—,март-апр,main,,b03_kem_mozhno_stat
2968,кем можно стать после педиатрии,60,1,top,B,info,—,—,—,—,март-апр,main,,b03_kem_mozhno_stat
2969,куда стоит поступать после 11 класса,60,1,top,C,info,11,—,—,—,июнь-июль,main,,c02_kuda_postupat_posle_11
2970,куда люди поступают после 11 класса,60,1,top,C,info,11,—,—,—,июнь-июль,main,,c02_kuda_postupat_posle_11
2971,профессиональный тест на выбор профессии,60,1,top,D,info,—,—,—,—,сент-окт,main,,d06_test_na_vybor_professii
2972,самые высокооплачиваемые профессии с биологией,60,1,top,E,info,—,—,биология,—,flat,main,,e03_vysokooplachivaemye
2973,самые высокооплачиваемые профессии в строительстве,60,1,top,E,info,—,—,—,—,flat,main,,e03_vysokooplachivaemye
2974,день профориентации 2026,60,1,top,0,info,—,—,—,—,сент-окт,main,,p08_proforientaciya_2026
2975,какую профессию выбрать высокооплачиваемую,59,1,top,B,info,—,—,—,—,март-апр,main,,b01_kakuyu_professiyu_vybrat
2976,gothic remake кем можно стать,59,1,top,B,info,—,—,—,—,март-апр,main,,b03_kem_mozhno_stat
2977,куда можно поступить после 11 класса физмат,59,1,top,C,info,11,—,—,—,июнь-июль,main,,c02_kuda_postupat_posle_11
2978,куда поступать девушке с информатикой,59,1,top,C,info,—,f,информатика,—,июнь-июль,main,,c08_kuda_postupat_devushke
2979,какая самая высокооплачиваемая профессия в мире,59,1,top,E,info,—,—,—,—,flat,main,,e03_vysokooplachivaemye
2980,профессиональная профориентация для школьников,59,1,top,0,info,—,—,—,—,сент-окт,main,,p03_prof_dlya_shkolnikov
2981,как надо выбирать профессию,58,1,top,B,info,—,—,—,—,март-апр,main,,b02_kak_vybrat_professiyu
2982,как выбирать профессию сочинение,58,1,top,B,info,—,—,—,сочи,март-апр,aggregator,,b02_kak_vybrat_professiyu
2983,кем можно стать в 2026,58,1,top,B,info,—,—,—,—,март-апр,main,,b03_kem_mozhno_stat
2984,кем можно стать с хорошей зарплатой,58,1,top,B,info,—,—,—,—,март-апр,main,,b03_kem_mozhno_stat
2985,кем можно стать сдавая русский математика,58,1,top,B,info,—,—,математика,—,март-апр,main,,b03_kem_mozhno_stat
2986,куда поступить после 11 класса таганрог,58,1,top,C,info,11,—,—,—,июнь-июль,main,,c02_kuda_postupat_posle_11
2987,куда поступить после 11 класса в пскове,58,1,top,C,info,11,—,—,—,июнь-июль,main,,c02_kuda_postupat_posle_11
2988,как выбрать куда поступать после 11 класса,58,1,top,C,info,11,—,—,—,июнь-июль,main,,c02_kuda_postupat_posle_11
2989,куда поступить на прокурора после 11 класса,58,1,top,C,info,11,—,—,—,июнь-июль,main,,c02_kuda_postupat_posle_11
2990,тестирование ддо климова,58,1,top,D,info,—,—,—,—,сент-окт,main,,d09_ddo_klimova
2991,кем можно стать в медицине,57,1,top,B,info,—,—,—,—,март-апр,main,,b03_kem_mozhno_stat
2992,куда поступить на актера после 11 класса,57,1,top,C,info,11,—,—,—,июнь-июль,main,,c02_kuda_postupat_posle_11
2993,куда поступить в сочи после 11 класса,57,1,top,C,info,11,—,—,сочи,июнь-июль,aggregator,,c02_kuda_postupat_posle_11
2994,тест на профориентацию 6 класс,57,1,top,D,info,—,—,—,—,сент-окт,main,,d01_test_na_proforientaciyu
2995,тест на профориентацию е а климова,57,1,top,D,info,—,—,—,—,сент-окт,main,,d01_test_na_proforientaciyu
2996,профгид тест на профориентацию,57,1,top,D,nav,—,—,—,—,сент-окт,main,,d01_test_na_proforientaciyu
2997,тест на профориентацию 14 лет,57,1,top,D,info,—,—,—,—,сент-окт,main,,d01_test_na_proforientaciyu
2998,самые высокооплачиваемые профессии в корее,57,1,top,E,info,—,—,—,—,flat,main,,e03_vysokooplachivaemye
2999,топ 5 самых высокооплачиваемых профессий,57,1,top,E,info,—,—,—,—,flat,main,,e03_vysokooplachivaemye
3000,профориентация ростов на дону для школьников,57,1,top,0,info,—,—,—,ростов,сент-окт,aggregator,,p03_prof_dlya_shkolnikov
3001,краевой центр профориентации,57,1,top,0,commercial,—,—,—,—,сент-окт,main,,p07_centr_proforientacii
3002,как выбрать любимую профессию,56,1,top,B,info,—,—,—,—,март-апр,main,,b02_kak_vybrat_professiyu
3003,как узнать как выбрать профессию,56,1,top,B,info,—,—,—,—,март-апр,main,,b02_kak_vybrat_professiyu
3004,пройти тест онлайн на выбор профессии,56,1,top,D,commercial,—,—,—,—,сент-окт,main,,d06_test_na_vybor_professii
3005,д голланд тесты,56,1,top,D,info,—,—,—,—,сент-окт,main,,d07_test_gollanda
3006,самые высокооплачиваемые профессии в новосибирске,56,1,top,E,info,—,—,—,новосибирск,flat,aggregator,,e03_vysokooplachivaemye
3007,самые высокооплачиваемые профессии без образования,56,1,top,E,info,—,—,—,—,flat,main,,e03_vysokooplachivaemye
3008,самые высокооплачиваемые профессии физмат,56,1,top,E,info,—,—,—,—,flat,main,,e03_vysokooplachivaemye
3009,профориентация для школьников 10 класс,56,1,top,0,info,10,—,—,—,сент-окт,main,,p03_prof_dlya_shkolnikov
3010,красноярский центр профориентации,56,1,top,0,commercial,—,—,—,красноярск,сент-окт,aggregator,,p07_centr_proforientacii
3011,направление профориентация для детей,55,1,top,0,info,—,—,—,—,сент-окт,main,,a04_prof_dlya_rebenka
3012,как выбрать дополнительную профессию,55,1,top,B,info,—,—,—,—,март-апр,main,,b02_kak_vybrat_professiyu
3013,как выбрать профессию в школе,55,1,top,B,info,—,—,—,—,март-апр,main,,b02_kak_vybrat_professiyu
3014,кем можно стать с биологией,55,1,top,B,info,—,—,биология,—,март-апр,main,,b03_kem_mozhno_stat
3015,куда поступать после 11 класса отзывы,55,1,top,C,info,11,—,—,—,июнь-июль,main,,c02_kuda_postupat_posle_11
3016,куда можно поступить заграницу после 11 класса,55,1,top,C,info,11,—,—,—,июнь-июль,main,,c02_kuda_postupat_posle_11
3017,куда поступать на туризм после 11 класса,55,1,top,C,info,11,—,—,—,июнь-июль,main,,c02_kuda_postupat_posle_11
3018,пройти онлайн ддо климовой,55,1,top,D,commercial,—,—,—,—,сент-окт,main,,d09_ddo_klimova
3019,самые высокооплачиваемые профессии в рф,55,1,top,E,info,—,—,—,—,flat,main,,e03_vysokooplachivaemye
3020,самые высокооплачиваемые профессии в москве 2026,55,1,top,E,info,—,—,—,москв,flat,aggregator,,e03_vysokooplachivaemye
3021,план профориентации в школе 2025 2026,55,1,top,0,info,—,—,—,—,сент-окт,main,,p08_proforientaciya_2026
3022,проект профессии как выбрать,54,1,top,B,info,—,—,—,—,март-апр,main,,b02_kak_vybrat_professiyu
3023,как выбрать профессию цель,54,1,top,B,info,—,—,—,—,март-апр,main,,b02_kak_vybrat_professiyu
3024,кем можно стать рисуя,54,1,top,B,info,—,—,—,—,март-апр,main,,b03_kem_mozhno_stat
3025,куда поступить парню в колледж,54,1,top,C,info,—,m,—,—,июнь-июль,main,,c09_kuda_postupat_parnyu
3026,5 тестов на профориентацию,54,1,top,D,info,—,—,—,—,сент-окт,main,,d01_test_na_proforientaciyu
3027,тест на профориентацию поступи онлайн,54,3,top,D,nav,—,—,—,—,сент-окт,main,,d01_test_na_proforientaciyu;d03_test_online;p04_prof_online
3028,тест дж голланда дж холланда,54,1,top,D,info,—,—,—,—,сент-окт,main,,d07_test_gollanda
3029,10 самых высокооплачиваемых профессий для девушек,54,1,top,E,info,—,f,—,—,flat,main,,e03_vysokooplachivaemye
3030,провести профориентацию для школьников,54,1,top,0,info,—,—,—,—,сент-окт,main,,p03_prof_dlya_shkolnikov
3031,как выбирать профессию речь,53,1,top,B,info,—,—,—,—,март-апр,main,,b02_kak_vybrat_professiyu
3032,техникум кем можно стать,53,1,top,C,info,—,—,—,—,июнь-июль,main,,b03_kem_mozhno_stat
3033,тест на определение профориентации,53,1,top,D,info,—,—,—,—,сент-окт,main,,d01_test_na_proforientaciyu
3034,сколько самая высокооплачиваемая профессия,53,1,top,E,info,—,—,—,—,flat,main,,e03_vysokooplachivaemye
3035,медицинская профориентация для школьников,53,1,top,0,info,—,—,—,—,сент-окт,main,,p03_prof_dlya_shkolnikov
3036,центр профориентации в школе,53,1,top,0,commercial,—,—,—,—,сент-окт,main,,p07_centr_proforientacii
3037,красноярский краевой центр профориентации,53,1,top,0,commercial,—,—,—,красноярск,сент-окт,aggregator,,p07_centr_proforientacii
3038,как не ошибиться выбирая профессию,52,1,top,B,info,—,—,—,—,март-апр,main,,b02_kak_vybrat_professiyu
3039,вид занятий или профессия госуслуги как выбрать,52,1,top,B,commercial,—,—,—,—,март-апр,main,,b02_kak_vybrat_professiyu
3040,как выбрать первую профессию,52,1,top,B,info,—,—,—,—,март-апр,main,,b02_kak_vybrat_professiyu
3041,как выбрать медицинскую профессию,52,1,top,B,info,—,—,—,—,март-апр,main,,b02_kak_vybrat_professiyu
3042,куда поступить учиться парню,52,1,top,C,info,—,m,—,—,июнь-июль,main,,c09_kuda_postupat_parnyu
3043,тест на профориентацию бесплатно 7 класс,52,2,top,D,commercial,—,—,—,—,сент-окт,main,,d01_test_na_proforientaciyu;d02_test_besplatno
3044,профориентация на психолога тест,52,1,top,D,info,—,—,—,—,сент-окт,main,,d01_test_na_proforientaciyu
3045,тест на выбор будущей профессии,52,1,top,D,info,—,—,—,—,сент-окт,main,,d06_test_na_vybor_professii
3046,ддо климова результаты,52,1,top,D,info,—,—,—,—,сент-окт,main,,d09_ddo_klimova
3047,самые легкие и высокооплачиваемые профессии,52,1,top,E,info,—,—,—,—,flat,main,,e03_vysokooplachivaemye
3048,какую профессию выбрать чтобы много зарабатывать,51,1,top,B,info,—,—,—,—,март-апр,main,,b01_kakuyu_professiyu_vybrat
3049,выбор профессии как правильно выбрать профессию,51,1,top,B,info,—,—,—,—,март-апр,main,,b02_kak_vybrat_professiyu
3050,самые высокооплачиваемые профессии 2025,51,1,top,E,info,—,—,—,—,flat,main,,e03_vysokooplachivaemye
3051,сайт профориентации для школьников,51,1,top,0,info,—,—,—,—,сент-окт,main,,p03_prof_dlya_shkolnikov
3052,профориентация для детей и подростков,50,2,top,0,info,—,—,—,—,сент-окт,main,,a04_prof_dlya_rebenka;p02_prof_dlya_podrostkov
3053,как понять какую профессию выбрать по душе,50,2,top,B,info,—,—,—,—,март-апр,main,,b01_kakuyu_professiyu_vybrat;b02_kak_vybrat_professiyu
3054,профориентация какая профессия мне подходит,50,1,top,0,info,—,—,—,—,сент-окт,main,,b05_kakaya_professiya_podhodit
3055,куда поступать на режиссера после 11 класса,50,1,top,C,info,11,—,—,—,июнь-июль,main,,c02_kuda_postupat_posle_11
3056,кем можно стать после 9 класса мальчику,50,1,top,C,info,9,m,—,—,июнь-июль,main,,c07_kem_stat_posle_9
3057,методика голланда тест на профориентацию,50,2,top,D,info,—,—,—,—,сент-окт,main,,d01_test_na_proforientaciyu;d07_test_gollanda
3058,пройти тест на выбор профессии бесплатно,50,1,top,D,commercial,—,—,—,—,сент-окт,main,,d06_test_na_vybor_professii
3059,климов ддо профессии,50,1,top,D,info,—,—,—,—,сент-окт,main,,d09_ddo_klimova
3060,тест профориентация бесплатно для школьников 11 класс,50,1,top,D,commercial,11,—,—,—,сент-окт,main,,p03_prof_dlya_shkolnikov
3061,центр профориентации санкт петербург,50,1,top,0,commercial,—,—,—,—,сент-окт,main,,p07_centr_proforientacii
3062,как помочь ребенку выбрать профессию после 9,49,1,top,A,info,9,—,—,—,сент-окт,main,,b02_kak_vybrat_professiyu
3063,какая профессия мне подходит по дате,49,1,top,B,info,—,—,—,—,март-апр,main,,b05_kakaya_professiya_podhodit
3064,куда поступить на маркетолога после 11 класса,49,1,top,C,info,11,—,—,—,июнь-июль,main,,c02_kuda_postupat_posle_11
3065,профориентация для учеников 9 класса,49,1,top,0,info,9,—,—,—,сент-окт,main,,p05_prof_9_klass
3066,краевой центр профориентации и развития квалификаций,49,1,top,0,commercial,—,—,—,—,сент-окт,main,,p07_centr_proforientacii
3067,красноярский краевой центр профориентации и развития квалификаций,49,1,top,0,commercial,—,—,—,красноярск,сент-окт,aggregator,,p07_centr_proforientacii
3068,красноярский центр профориентации и развития,49,1,top,0,commercial,—,—,—,красноярск,сент-окт,aggregator,,p07_centr_proforientacii
3069,красноярский центр профориентации и развития квалификаций,49,1,top,0,commercial,—,—,—,красноярск,сент-окт,aggregator,,p07_centr_proforientacii
3070,центр профориентации московского метрополитена,49,1,top,0,commercial,—,—,—,моск,сент-окт,aggregator,,p07_centr_proforientacii
3071,куда поступить после 11 класса калькулятор егэ,48,1,top,C,info,11,—,—,—,июнь-июль,main,,c02_kuda_postupat_posle_11
3072,мчс куда поступать после 9 девушке,48,1,top,C,info,9,f,—,—,июнь-июль,main,,c08_kuda_postupat_devushke
3073,пройти тест на выбор профессии онлайн бесплатно,48,1,top,D,commercial,—,—,—,—,сент-окт,main,,d06_test_na_vybor_professii
3074,какую ребенку можно выбрать профессию,47,1,top,B,info,—,—,—,—,март-апр,main,,b01_kakuyu_professiyu_vybrat
3075,какая профессия подходит мне по дате рождения,47,1,top,B,info,—,—,—,—,март-апр,main,,b05_kakaya_professiya_podhodit
3076,куда поступить на косметолога после 11 класса,47,1,top,C,info,11,—,—,—,июнь-июль,main,,c02_kuda_postupat_posle_11
3077,менеджер куда поступать после 11 класса,47,1,top,C,info,11,—,—,—,июнь-июль,main,,c02_kuda_postupat_posle_11
3078,тест на профориентацию для подростков бесплатно онлайн,47,5,top,D,commercial,—,—,—,—,сент-окт,main,,d01_test_na_proforientaciyu;d02_test_besplatno;d03_test_online;p02_prof_dlya_podrostkov;p04_prof_online
3079,тест на профориентацию грейс,47,1,top,D,info,—,—,—,—,сент-окт,main,,d01_test_na_proforientaciyu
3080,профориентация для подростков обучение,47,1,top,0,info,—,—,—,—,сент-окт,main,,p02_prof_dlya_podrostkov
3081,экскурсии профориентации для школьников,47,1,top,0,info,—,—,—,—,сент-окт,main,,p03_prof_dlya_shkolnikov
3082,центр профориентации метро,47,1,top,0,commercial,—,—,—,—,сент-окт,main,,p07_centr_proforientacii
3083,какую профессию выбрать физмату,46,1,top,B,info,—,—,—,—,март-апр,main,,b01_kakuyu_professiyu_vybrat
3084,какую профессию выбрать парню после 11,46,1,top,C,info,11,m,—,—,июнь-июль,main,,b01_kakuyu_professiyu_vybrat
3085,какую профессию выбрать после 11 класса парню,46,1,top,C,info,11,m,—,—,июнь-июль,main,,b01_kakuyu_professiyu_vybrat
3086,как узнать какую профессию выбрать,46,2,top,B,info,—,—,—,—,март-апр,main,,b01_kakuyu_professiyu_vybrat;b02_kak_vybrat_professiyu
3087,как выбрать творческую профессию,46,1,top,B,info,—,—,—,—,март-апр,main,,b02_kak_vybrat_professiyu
3088,как заставить жителя выбрать профессию,46,1,top,B,info,—,—,—,—,март-апр,main,,b02_kak_vybrat_professiyu
3089,куда поступить в мурманске после 11 класса,46,1,top,C,info,11,—,—,мурманск,июнь-июль,aggregator,,c02_kuda_postupat_posle_11
3090,куда поступать после 11 класса в беларуси,46,1,top,C,info,11,—,—,—,июнь-июль,main,,c02_kuda_postupat_posle_11
3091,куда поступать девушкам в военные училища,46,1,top,C,info,—,f,—,—,июнь-июль,main,,c08_kuda_postupat_devushke
3092,центр профориентации тест,46,1,top,D,commercial,—,—,—,—,сент-окт,main,,p07_centr_proforientacii
3093,профориентация для ребенка онлайн,45,2,top,A,commercial,—,—,—,—,сент-окт,main,,a04_prof_dlya_rebenka;p04_prof_online
3094,профориентация для детей раннего возраста,45,1,top,0,info,—,—,—,—,сент-окт,main,,a04_prof_dlya_rebenka
3095,форум какую профессию выбрать,45,1,top,B,info,—,—,—,—,март-апр,main,,b01_kakuyu_professiyu_vybrat
3096,какую выбрать профессию рыбе,45,1,top,B,info,—,—,—,—,март-апр,main,,b01_kakuyu_professiyu_vybrat
3097,совет как выбрать профессию,45,1,top,B,info,—,—,—,—,март-апр,main,,b02_kak_vybrat_professiyu
3098,как выбрать будущую профессию подростку,45,1,top,B,info,—,—,—,—,март-апр,main,,b02_kak_vybrat_professiyu
3099,как выбрать свое дело профессия,45,1,top,B,info,—,—,—,—,март-апр,main,,b02_kak_vybrat_professiyu
3100,какая творческая профессия мне подходит тест,45,1,top,D,info,—,—,—,—,сент-окт,main,,b05_kakaya_professiya_podhodit
3101,кем стать после 9 класса парню,45,1,top,C,info,9,m,—,—,июнь-июль,main,,c07_kem_stat_posle_9
3102,куда можно поступить после 11 парню,45,1,top,C,info,11,m,—,—,июнь-июль,main,,c09_kuda_postupat_parnyu
3103,выбор профессии тест на профессиональную ориентацию,45,1,top,D,info,—,—,—,—,сент-окт,main,,d06_test_na_vybor_professii
3104,как помочь выбрать профессию подростку,44,1,top,A,info,—,—,—,—,сент-окт,main,,a02_kak_pomoch_podrostku
3105,какую гуманитарную профессию выбрать,44,1,top,B,info,—,—,—,—,март-апр,main,,b01_kakuyu_professiyu_vybrat
3106,какую профессию выбрать 40,44,2,top,B,info,—,—,—,—,март-апр,main,,b01_kakuyu_professiyu_vybrat
3107,ддо опросник климова онлайн,44,1,top,D,info,—,—,—,—,сент-окт,main,,d09_ddo_klimova
3108,диагностика профориентации 9 класс,44,1,top,0,info,9,—,—,—,сент-окт,main,,p05_prof_9_klass
3109,проект какую профессию выбрать,43,1,top,B,info,—,—,—,—,март-апр,main,,b01_kakuyu_professiyu_vybrat
3110,яндекс какую профессию выбрать,43,1,top,B,info,—,—,—,—,март-апр,main,,b01_kakuyu_professiyu_vybrat
3111,какую профессию выбрать по дате рождения,43,1,top,B,info,—,—,—,—,март-апр,main,,b01_kakuyu_professiyu_vybrat
3112,как определить какая профессия мне подходит,43,1,top,B,info,—,—,—,—,март-апр,main,,b05_kakaya_professiya_podhodit
3113,куда поступить после 11 класса в майкопе,43,1,top,C,info,11,—,—,—,июнь-июль,main,,c02_kuda_postupat_posle_11
3114,наталья грейс тест на профориентацию,43,1,top,D,info,—,—,—,—,сент-окт,main,,d01_test_na_proforientaciyu
3115,тест на профориентацию для школьников 6,43,2,top,D,info,—,—,—,—,сент-окт,main,,d01_test_na_proforientaciyu;p03_prof_dlya_shkolnikov
3116,тест на профориентацию для школьников 6 класс,43,2,top,D,info,—,—,—,—,сент-окт,main,,d01_test_na_proforientaciyu;p03_prof_dlya_shkolnikov
3117,тест на профориентацию точный бесплатно,43,2,top,D,commercial,—,—,—,—,сент-окт,main,,d01_test_na_proforientaciyu;d02_test_besplatno
3118,адукар тест на профориентацию,43,1,top,D,nav,—,—,—,—,сент-окт,main,,d01_test_na_proforientaciyu
3119,тест онлайн профориентация ддо климов,43,2,top,D,commercial,—,—,—,—,сент-окт,main,,d09_ddo_klimova;p04_prof_online
3120,тест климова ддо пройти онлайн,43,1,top,D,commercial,—,—,—,—,сент-окт,main,,d09_ddo_klimova
3121,диагностика ддо климова,43,1,top,D,info,—,—,—,—,сент-окт,main,,d09_ddo_klimova
3122,какую профессию выбрать в вов,42,1,top,B,info,—,—,—,—,март-апр,main,,b01_kakuyu_professiyu_vybrat
3123,какую профессию выбрать люблю рисовать,42,1,top,B,info,—,—,—,—,март-апр,main,,b01_kakuyu_professiyu_vybrat
3124,самый лучший тест на профориентацию,42,1,top,D,info,—,—,—,—,сент-окт,main,,d01_test_na_proforientaciyu
3125,тест на профориентацию человек техника,42,1,top,D,info,—,—,—,—,сент-окт,main,,d01_test_na_proforientaciyu
3126,профориентация для школьников и подростков,42,2,top,0,info,—,—,—,—,сент-окт,main,,p02_prof_dlya_podrostkov;p03_prof_dlya_shkolnikov
3127,план по профориентации на 2025 2026,42,1,top,0,info,—,—,—,—,сент-окт,main,,p08_proforientaciya_2026
3128,профориентация ребенка тест онлайн,41,3,top,D,commercial,—,—,—,—,сент-окт,main,,a04_prof_dlya_rebenka;d03_test_online;p04_prof_online
3129,какая сфера профессий мне подходит,41,1,top,B,info,—,—,—,—,март-апр,main,,b05_kakaya_professiya_podhodit
3130,куда выгодно поступать после 11 класса,41,1,top,C,info,11,—,—,—,июнь-июль,main,,c02_kuda_postupat_posle_11
3131,подробный тест на профориентацию,41,1,top,D,info,—,—,—,—,сент-окт,main,,d01_test_na_proforientaciyu
3132,тест на профориентацию для подростков 14 лет,41,2,top,D,info,—,—,—,—,сент-окт,main,,d01_test_na_proforientaciyu;p02_prof_dlya_podrostkov
3133,тест на тип профориентации,41,1,top,D,info,—,—,—,—,сент-окт,main,,d01_test_na_proforientaciyu
3134,тест профессиональный тип личности дж голланда,41,1,top,D,info,—,—,—,—,сент-окт,main,,d07_test_gollanda
3135,тест дж голланда на определение профессионального,41,1,top,D,info,—,—,—,—,сент-окт,main,,d07_test_gollanda
3136,ддо климова вопросы,41,1,top,D,info,—,—,—,—,сент-окт,main,,d09_ddo_klimova
3137,ранняя профориентации для школьников,41,1,top,0,info,—,—,—,—,сент-окт,main,,p03_prof_dlya_shkolnikov
3138,алиса какую профессию выбрать,40,1,top,B,info,—,—,—,—,март-апр,main,,b01_kakuyu_professiyu_vybrat
3139,какую профессию выбрать с биологией,40,1,top,B,info,—,—,биология,—,март-апр,main,,b01_kakuyu_professiyu_vybrat
3140,какая айти профессия мне подходит,40,1,top,B,info,—,—,—,—,март-апр,main,,b05_kakaya_professiya_podhodit
3141,тест на профориентацию школа,40,1,top,D,info,—,—,—,—,сент-окт,main,,d01_test_na_proforientaciyu
3142,тест на профориентацию в колледж,40,1,top,D,info,—,—,—,—,сент-окт,main,,d01_test_na_proforientaciyu
3143,тесты на профориентацию сайт,40,1,top,D,info,—,—,—,—,сент-окт,main,,d01_test_na_proforientaciyu
3144,тест джона голланда,40,1,top,D,info,—,—,—,—,сент-окт,main,,d07_test_gollanda
3145,вопросы для профориентации школьников,40,1,top,0,info,—,—,—,—,сент-окт,main,,p03_prof_dlya_shkolnikov
3146,тестирование на профориентацию для учеников 9 класса,40,1,top,D,info,9,—,—,—,сент-окт,main,,p05_prof_9_klass
3147,профориентация для детей 10 лет,39,1,top,0,info,—,—,—,—,сент-окт,main,,a04_prof_dlya_rebenka
3148,профориентация для детей 12 лет,39,1,top,0,info,—,—,—,—,сент-окт,main,,a04_prof_dlya_rebenka
3149,стардью валлей какие профессии выбирать,39,1,top,B,info,—,—,—,—,март-апр,main,,b01_kakuyu_professiyu_vybrat
3150,стардью валли какие профессии выбирать,39,1,top,B,info,—,—,—,—,март-апр,main,,b01_kakuyu_professiyu_vybrat
3151,какую профессию программирования выбрать,39,1,top,B,info,—,—,—,—,март-апр,main,,b01_kakuyu_professiyu_vybrat
3152,как проходит тест на профориентацию,39,2,top,D,info,—,—,—,—,сент-окт,main,,d01_test_na_proforientaciyu;d04_projti_test
3153,тест резапкина на профориентацию,39,1,top,D,info,—,—,—,—,сент-окт,main,,d01_test_na_proforientaciyu
3154,тест потемкиной на профориентацию,39,1,top,D,info,—,—,—,—,сент-окт,main,,d01_test_na_proforientaciyu
3155,тест профориентации онлайн 7 класс,39,2,top,D,commercial,—,—,—,—,сент-окт,main,,d03_test_online;p04_prof_online
3156,вопросы для профориентации подростков,39,1,top,0,info,—,—,—,—,сент-окт,main,,p02_prof_dlya_podrostkov
3157,курсы по профориентации для школьников,39,1,top,0,info,—,—,—,—,сент-окт,main,,p03_prof_dlya_shkolnikov
3158,профориентация в школе 9 класс,39,1,top,0,info,9,—,—,—,сент-окт,main,,p05_prof_9_klass
3159,какую профессию выбрать художнику,38,1,top,B,info,—,—,—,—,март-апр,main,,b01_kakuyu_professiyu_vybrat
3160,какую профессию выбрать видео,38,1,top,B,info,—,—,—,—,март-апр,main,,b01_kakuyu_professiyu_vybrat
3161,куда легче всего поступить после 11 класса,38,1,top,C,info,11,—,—,—,июнь-июль,main,,c02_kuda_postupat_posle_11
3162,куда поступать на полицейского после 11 класса,38,1,top,C,info,11,—,—,—,июнь-июль,main,,c02_kuda_postupat_posle_11
3163,куда можно поступить девушке на военную специальность,38,1,top,C,info,—,f,—,—,июнь-июль,main,,c08_kuda_postupat_devushke
3164,тест на профориентацию человек природа,38,1,top,D,info,—,—,—,—,сент-окт,main,,d01_test_na_proforientaciyu
3165,расшифровка теста голланда,38,2,top,D,info,—,—,—,—,сент-окт,main,,d07_test_gollanda
3166,план профориентации 2026 2027 учебный год,38,1,top,0,info,—,—,—,—,сент-окт,main,,p08_proforientaciya_2026
3167,какую профессию выбрать после школы,37,1,top,B,info,11,—,—,—,март-апр,main,,b01_kakuyu_professiyu_vybrat
3168,какую профессию выбрать мальчику после 11 класса,37,1,top,C,info,11,m,—,—,июнь-июль,main,,b01_kakuyu_professiyu_vybrat
3169,какую профессию выбрать для удаленной работы,37,1,top,B,info,—,—,—,—,март-апр,main,,b01_kakuyu_professiyu_vybrat
3170,тест на профориентацию отзывы,37,1,top,D,info,—,—,—,—,сент-окт,main,,d01_test_na_proforientaciyu
3171,быстрый тест на профориентацию,37,1,top,D,info,—,—,—,—,сент-окт,main,,d01_test_na_proforientaciyu
3172,тест ддо климова по профориентации пройти,37,1,top,D,commercial,—,—,—,—,сент-окт,main,,d09_ddo_klimova
3173,онлайн тестирование на профориентацию,37,1,top,D,commercial,—,—,—,—,сент-окт,main,,p04_prof_online
3174,профориентация тест онлайн бесплатно 7 класс,37,1,top,D,commercial,—,—,—,—,сент-окт,main,,p04_prof_online
3175,какую профессию выбрать раку,36,1,top,B,info,—,—,—,—,март-апр,main,,b01_kakuyu_professiyu_vybrat
3176,натальная карта какую профессию выбрать,36,1,top,B,info,—,—,—,—,март-апр,main,,b01_kakuyu_professiyu_vybrat
3177,какие профессии выбирает молодежь,36,1,top,B,info,—,—,—,—,март-апр,main,,b01_kakuyu_professiyu_vybrat
3178,тест дж голланда определение профессионального типа,36,1,top,D,info,—,—,—,—,сент-окт,main,,d07_test_gollanda
3179,профориентация для детей обучение,35,1,top,0,info,—,—,—,—,сент-окт,main,,a04_prof_dlya_rebenka
3180,какую ит профессию выбрать,35,1,top,B,info,—,—,—,—,март-апр,main,,b01_kakuyu_professiyu_vybrat
3181,работа россии тест на профориентацию,35,1,top,D,info,—,—,—,—,сент-окт,main,,d01_test_na_proforientaciyu
3182,тест на профориентацию в москве,35,1,top,D,info,—,—,—,москв,сент-окт,aggregator,,d01_test_na_proforientaciyu
3183,тест на профориентацию на специальность,35,1,top,D,info,—,—,—,—,сент-окт,main,,d01_test_na_proforientaciyu
3184,короткий тест на профориентацию,35,1,top,D,info,—,—,—,—,сент-окт,main,,d01_test_na_proforientaciyu
3185,тест подростку на выбор профессии,35,1,top,D,info,—,—,—,—,сент-окт,main,,d06_test_na_vybor_professii
3186,профориентация для школьников тестирование бесплатно,35,1,top,D,commercial,—,—,—,—,сент-окт,main,,p03_prof_dlya_shkolnikov
3187,отзывы какую профессию выбрать,34,1,top,B,info,—,—,—,—,март-апр,main,,b01_kakuyu_professiyu_vybrat
3188,какую профессию выбрать таро,34,1,top,B,info,—,—,—,—,март-апр,main,,b01_kakuyu_professiyu_vybrat
3189,какая профессия мне подходит uquiz,34,1,top,B,info,—,—,—,—,март-апр,main,,b05_kakaya_professiya_podhodit
3190,какая профессия мне подходит тест uquiz,34,1,top,D,info,—,—,—,—,сент-окт,main,,b05_kakaya_professiya_podhodit
3191,кем стать девочке после 9 класса,34,1,top,C,info,9,f,—,—,июнь-июль,main,,c07_kem_stat_posle_9
3192,куда поступить девушке в военный вуз,34,1,top,C,info,—,f,—,—,июнь-июль,main,,c08_kuda_postupat_devushke
3193,тест ддо климова по профориентации пройти онлайн,34,2,top,D,commercial,—,—,—,—,сент-окт,main,,d09_ddo_klimova;p04_prof_online
3194,профориентация ярославль для школьников,34,1,top,0,info,—,—,—,ярославл,сент-окт,aggregator,,p03_prof_dlya_shkolnikov
3195,программа профориентации в школе 2025 2026,34,1,top,0,info,—,—,—,—,сент-окт,main,,p08_proforientaciya_2026
3196,козерог какую профессию выбрать,33,1,top,B,info,—,—,—,—,март-апр,main,,b01_kakuyu_professiyu_vybrat
3197,какие профессии выбрать девушке после колледжа,33,1,top,C,info,—,f,—,—,июнь-июль,both,,b01_kakuyu_professiyu_vybrat
3198,какую профессию выбрать 2025,33,1,top,B,info,—,—,—,—,март-апр,main,,b01_kakuyu_professiyu_vybrat
3199,карьер тест на профориентацию,33,1,top,D,info,—,—,—,—,сент-окт,main,,d01_test_na_proforientaciyu
3200,тест на профориентацию учащихся,33,1,top,D,info,—,—,—,—,сент-окт,main,,d01_test_na_proforientaciyu
3201,голомшток тест на профориентацию,33,1,top,D,info,—,—,—,—,сент-окт,main,,d01_test_na_proforientaciyu
3202,тест на профориентацию для 10 класса,33,1,top,D,info,10,—,—,—,сент-окт,main,,d01_test_na_proforientaciyu
3203,профориентация для школьников пройти тест,33,1,top,D,commercial,—,—,—,—,сент-окт,main,,p03_prof_dlya_shkolnikov
3204,тестирование на профориентацию для школьников 9,33,1,top,D,info,—,—,—,—,сент-окт,main,,p03_prof_dlya_shkolnikov
3205,классные часы профориентация 9 класс,33,1,top,0,info,9,—,—,—,сент-окт,main,,p05_prof_9_klass
3206,беседа профориентация 9 класс,33,1,top,0,info,9,—,—,—,сент-окт,main,,p05_prof_9_klass
3207,тест какую профессию выбрать после 11,32,1,top,D,info,11,—,—,—,сент-окт,main,,b01_kakuyu_professiyu_vybrat
3208,какую it профессию выбрать с нуля,32,1,top,B,info,—,—,—,—,март-апр,main,,b01_kakuyu_professiyu_vybrat
3209,какую военную профессию выбрать,32,1,top,B,info,—,—,—,—,март-апр,main,,b01_kakuyu_professiyu_vybrat
3210,стрелец какую профессию выбрать,32,1,top,B,info,—,—,—,—,март-апр,main,,b01_kakuyu_professiyu_vybrat
3211,бесплатный тест на профориентацию ребенка,32,2,top,D,commercial,—,—,—,—,сент-окт,main,,d01_test_na_proforientaciyu;d02_test_besplatno
3212,тест на профориентацию дж,32,1,top,D,info,—,—,—,—,сент-окт,main,,d01_test_na_proforientaciyu
3213,тест на профориентацию личности,32,1,top,D,info,—,—,—,—,сент-окт,main,,d01_test_na_proforientaciyu
3214,профориентация для подростков мероприятие,32,1,top,0,info,—,—,—,—,сент-окт,main,,p02_prof_dlya_podrostkov
3215,профориентация методики для подростков,32,1,top,0,info,—,—,—,—,сент-окт,main,,p02_prof_dlya_podrostkov
3216,профориентация новосибирск для школьников,32,1,top,0,info,—,—,—,новосибирск,сент-окт,aggregator,,p03_prof_dlya_shkolnikov
3217,какую профессию выбрать если сдаешь физику,31,1,top,B,info,—,—,физика,—,март-апр,main,,b01_kakuyu_professiyu_vybrat
3218,как понять какую профессию выбрать тест,31,1,top,D,info,—,—,—,—,сент-окт,main,,b01_kakuyu_professiyu_vybrat
3219,какую профессию выбрать тельцам,31,2,top,B,info,—,—,—,—,март-апр,main,,b01_kakuyu_professiyu_vybrat
3220,какая профессия мне подходит для мужчин,31,1,top,B,info,—,—,—,—,март-апр,main,,b05_kakaya_professiya_podhodit
3221,тест какая профессия мне подходит для мужчин,31,1,top,D,info,—,—,—,—,сент-окт,main,,b05_kakaya_professiya_podhodit
3222,сделать тест на профориентацию,31,1,top,D,info,—,—,—,—,сент-окт,main,,d01_test_na_proforientaciyu
3223,skypro тест на профориентацию,31,1,top,D,nav,—,—,—,—,сент-окт,main,,d01_test_na_proforientaciyu
3224,тест на профориентацию бесплатно 6 класс,31,1,top,D,commercial,—,—,—,—,сент-окт,main,,d02_test_besplatno
3225,психологический тест на выбор профессии,31,1,top,D,info,—,—,—,—,сент-окт,main,,d06_test_na_vybor_professii
3226,профориентация 9 класс москва,31,1,top,0,info,9,—,—,москв,сент-окт,aggregator,,p05_prof_9_klass
3227,какую выбрать профессию в медицине,30,1,top,B,info,—,—,—,—,март-апр,main,,b01_kakuyu_professiyu_vybrat
3228,какую профессию выбрать магу,30,1,top,B,info,—,—,—,—,март-апр,main,,b01_kakuyu_professiyu_vybrat
3229,гороскоп какую профессию выбрать,30,1,top,B,info,—,—,—,—,март-апр,main,,b01_kakuyu_professiyu_vybrat
3230,какую выбрать интернет профессию,30,1,top,B,info,—,—,—,—,март-апр,main,,b01_kakuyu_professiyu_vybrat
3231,тест профориентация какая профессия мне подходит,30,1,top,D,info,—,—,—,—,сент-окт,main,,b05_kakaya_professiya_podhodit
3232,мвд куда поступать после 11 девушке,30,1,top,C,info,11,f,—,—,июнь-июль,main,,c08_kuda_postupat_devushke
3233,куда поступать на следователя девушке,30,1,top,C,info,—,f,—,—,июнь-июль,main,,c08_kuda_postupat_devushke
3234,куда можно поступить после школы девушке,30,1,top,C,info,11,f,—,—,июнь-июль,main,,c08_kuda_postupat_devushke
3235,темы по профориентации для детей,29,1,top,0,info,—,—,—,—,сент-окт,main,,a04_prof_dlya_rebenka
3236,wow какие профессии выбрать,29,1,top,B,info,—,—,—,—,март-апр,main,,b01_kakuyu_professiyu_vybrat
3237,текст какая профессия мне подходит,29,1,top,B,info,—,—,—,—,март-апр,main,,b05_kakaya_professiya_podhodit
3238,тест голланда holland code,29,1,top,D,info,—,—,—,—,сент-окт,main,,d07_test_gollanda
3239,ддо климов азбель,29,1,top,D,info,—,—,—,—,сент-окт,main,,d09_ddo_klimova
3240,профориентация темы для школьников,29,1,top,0,info,—,—,—,—,сент-окт,main,,p03_prof_dlya_shkolnikov
3241,профориентация для школьников отзывы,29,1,top,0,info,—,—,—,—,сент-окт,main,,p03_prof_dlya_shkolnikov
3242,профориентация мгу онлайн,29,1,top,0,commercial,—,—,—,—,сент-окт,main,,p04_prof_online
3243,какую профессию выбрать тест на профессию бесплатно,28,1,top,D,commercial,—,—,—,—,сент-окт,main,,b01_kakuyu_professiyu_vybrat
3244,какую профессию выбирать знакам зодиака,28,1,top,B,info,—,—,—,—,март-апр,main,,b01_kakuyu_professiyu_vybrat
3245,какие профессии выбирают психопаты,28,1,top,B,info,—,—,—,—,март-апр,main,,b01_kakuyu_professiyu_vybrat
3246,какую профессию выбрать весам,28,1,top,B,info,—,—,—,—,март-апр,main,,b01_kakuyu_professiyu_vybrat
3247,какую профессию выбрать если любишь математику,28,1,top,B,info,—,—,математика,—,март-апр,main,,b01_kakuyu_professiyu_vybrat
3248,водолей какую профессию выбрать,28,1,top,B,info,—,—,—,—,март-апр,main,,b01_kakuyu_professiyu_vybrat
3249,тест какую профессию выбрать после 11 класса,28,1,top,D,info,11,—,—,—,сент-окт,main,,b01_kakuyu_professiyu_vybrat
3250,куда лучше всего поступить парню,28,1,top,C,info,—,m,—,—,июнь-июль,main,,c09_kuda_postupat_parnyu
3251,тест на профориентацию бесплатно 14 лет,28,1,top,D,commercial,—,—,—,—,сент-окт,main,,d02_test_besplatno
3252,лучший тест на профориентацию бесплатно,28,1,top,D,commercial,—,—,—,—,сент-окт,main,,d02_test_besplatno
3253,икигай тест на профориентацию и выбор профессии,28,1,top,D,info,—,—,—,—,сент-окт,main,,d06_test_na_vybor_professii
3254,профориентация программа для подростков,28,1,top,0,info,—,—,—,—,сент-окт,main,,p02_prof_dlya_podrostkov
3255,профориентация для школьников билет в будущее,28,1,top,0,nav,—,—,—,—,сент-окт,main,,p03_prof_dlya_shkolnikov
3256,профориентация иркутск для школьников,28,1,top,0,info,—,—,—,иркутск,сент-окт,aggregator,,p03_prof_dlya_shkolnikov
3257,платформа профориентации для школьников,28,1,top,0,info,—,—,—,—,сент-окт,main,,p03_prof_dlya_shkolnikov
3258,родительское собрание 9 класс профориентация,28,1,top,A,info,9,—,—,—,сент-окт,main,,p05_prof_9_klass
3259,профориентация мероприятия 9 класс,28,1,top,0,info,9,—,—,—,сент-окт,main,,p05_prof_9_klass
3260,профориентация темы 2025 2026,28,1,top,0,info,—,—,—,—,сент-окт,main,,p08_proforientaciya_2026
3261,какую айти профессию выбрать в 2026,27,1,top,B,info,—,—,—,—,март-апр,main,,b01_kakuyu_professiyu_vybrat
3262,яндекс практикум какую профессию выбрать,27,1,top,B,nav,—,—,—,—,март-апр,main,,b01_kakuyu_professiyu_vybrat
3263,какую профессию выбрать сочинение,27,1,top,B,info,—,—,—,сочи,март-апр,aggregator,,b01_kakuyu_professiyu_vybrat
3264,бесплатный тест на профориентацию самый точный,27,1,top,D,commercial,—,—,—,—,сент-окт,main,,d02_test_besplatno
3265,skillbox тест на профориентацию бесплатно,27,1,top,D,nav,—,—,—,—,сент-окт,main,,d02_test_besplatno
3266,тест на профориентацию дж голланда,27,1,top,D,info,—,—,—,—,сент-окт,main,,d07_test_gollanda
3267,диагностика ддо е а климова,27,1,top,D,info,—,—,—,—,сент-окт,main,,d09_ddo_klimova
3268,мероприятия по профориентации для школьников,27,1,top,0,info,—,—,—,—,сент-окт,main,,p03_prof_dlya_shkolnikov
3269,центр профориентации для школьников в москве,27,1,top,0,commercial,—,—,—,москв,сент-окт,aggregator,,p03_prof_dlya_shkolnikov
3270,тестирование на профориентацию для школьников 9 класс,27,2,top,D,info,9,—,—,—,сент-окт,main,,p03_prof_dlya_shkolnikov;p05_prof_9_klass
3271,тестирование по профориентации 9 класс,27,1,top,D,info,9,—,—,—,сент-окт,main,,p05_prof_9_klass
3272,профориентация для детей 7 лет,26,1,top,0,info,—,—,—,—,сент-окт,main,,a04_prof_dlya_rebenka
3273,тест на профориентацию для ребенка бесплатно,26,1,top,D,commercial,—,—,—,—,сент-окт,main,,a04_prof_dlya_rebenka
3274,какую профессию выбрать творческому человеку,26,1,top,B,info,—,—,—,—,март-апр,main,,b01_kakuyu_professiyu_vybrat
3275,тестирование какая профессия мне подходит,26,1,top,D,info,—,—,—,—,сент-окт,main,,b05_kakaya_professiya_podhodit
3276,тест йовайши на профориентацию пройти,26,1,top,D,commercial,—,—,—,—,сент-окт,main,,d04_projti_test
3277,тест на выбор будущей профессии для школьников,26,1,top,D,info,—,—,—,—,сент-окт,main,,d06_test_na_vybor_professii
3278,модификация теста голланда,26,1,top,D,info,—,—,—,—,сент-окт,main,,d07_test_gollanda
3279,профориентация для школьников официальный сайт,26,1,top,0,info,—,—,—,—,сент-окт,main,,p03_prof_dlya_shkolnikov
3280,профориентация для школьников краснодар,26,1,top,0,info,—,—,—,краснодар,сент-окт,aggregator,,p03_prof_dlya_shkolnikov
3281,тест на профориентацию для школьников 10,26,1,top,D,info,—,—,—,—,сент-окт,main,,p03_prof_dlya_shkolnikov
3282,тест на профориентацию для школьников 10 класс,26,1,top,D,info,10,—,—,—,сент-окт,main,,p03_prof_dlya_shkolnikov
3283,онлайн проект профориентация,26,1,top,0,commercial,—,—,—,—,сент-окт,main,,p04_prof_online
3284,профориентация для детей 14 лет,25,1,top,0,info,—,—,—,—,сент-окт,main,,a04_prof_dlya_rebenka
3285,пройти тест какую профессию выбрать,25,1,top,D,commercial,—,—,—,—,сент-окт,main,,b01_kakuyu_professiyu_vybrat
3286,какие профессии выбрать охотнику,25,1,top,B,info,—,—,—,—,март-апр,main,,b01_kakuyu_professiyu_vybrat
3287,куда можно поступить девушке в военное училище,25,1,top,C,info,—,f,—,—,июнь-июль,main,,c08_kuda_postupat_devushke
3288,методика ддо климова онлайн,25,1,top,D,info,—,—,—,—,сент-окт,main,,d09_ddo_klimova
3289,цель профориентации для подростков,25,1,top,0,info,—,—,—,—,сент-окт,main,,p02_prof_dlya_podrostkov
3290,профориентация для подростков в медицине,25,1,top,0,info,—,—,—,—,сент-окт,main,,p02_prof_dlya_podrostkov
3291,диагностика профориентация онлайн,25,1,top,0,commercial,—,—,—,—,сент-окт,main,,p04_prof_online
3292,тестирование профориентация онлайн бесплатно,25,1,top,D,commercial,—,—,—,—,сент-окт,main,,p04_prof_online
3293,лучшая профориентация онлайн,25,1,top,0,commercial,—,—,—,—,сент-окт,main,,p04_prof_online
3294,профориентация для детей 9 класс,24,1,top,0,info,9,—,—,—,сент-окт,main,,a04_prof_dlya_rebenka
3295,какие профессии выбирают психопаты чаще всего,24,1,top,B,info,—,—,—,—,март-апр,main,,b01_kakuyu_professiyu_vybrat
3296,опрос какая подходит мне профессия,24,1,top,B,info,—,—,—,—,март-апр,main,,b05_kakaya_professiya_podhodit
3297,какая удаленная профессия мне подходит тест,24,1,top,D,info,—,—,—,—,сент-окт,main,,b05_kakaya_professiya_podhodit
3298,мвд куда поступать после 9 девушке,24,1,top,C,info,9,f,—,—,июнь-июль,main,,c08_kuda_postupat_devushke
3299,какой пройти тест на профориентацию,24,1,top,D,commercial,—,—,—,—,сент-окт,main,,d04_projti_test
3300,профориентационный тест голланда,24,1,top,D,info,—,—,—,—,сент-окт,main,,d07_test_gollanda
3301,ддо климова модификация азбель,24,1,top,D,info,—,—,—,—,сент-окт,main,,d09_ddo_klimova
3302,ддо климов бланк,24,1,top,D,info,—,—,—,—,сент-окт,main,,d09_ddo_klimova
3303,профориентация психологический тест для подростков москва,24,1,top,D,info,—,—,—,москв,сент-окт,aggregator,,p02_prof_dlya_podrostkov
3304,психолог по профориентации для подростка,24,1,top,0,info,—,—,—,—,сент-окт,main,,p02_prof_dlya_podrostkov
3305,профориентация 6 9 класс,24,1,top,0,info,9,—,—,—,сент-окт,main,,p05_prof_9_klass
3306,профориентация для детей доу,23,1,top,0,info,—,—,—,—,сент-окт,main,,a04_prof_dlya_rebenka
3307,как решить какую профессию выбрать,23,1,top,B,info,—,—,—,—,март-апр,main,,b01_kakuyu_professiyu_vybrat
3308,какого выбрать мужа по профессии,23,1,top,B,info,—,—,—,—,март-апр,main,,b01_kakuyu_professiyu_vybrat
3309,тест какую профессию выбрать ребенку,23,1,top,D,info,—,—,—,—,сент-окт,main,,b01_kakuyu_professiyu_vybrat
3310,узнать какая профессия мне подходит онлайн,23,1,top,B,info,—,—,—,—,март-апр,main,,b05_kakaya_professiya_podhodit
3311,спецназ куда поступать девушке,23,1,top,C,info,—,f,—,—,июнь-июль,main,,c08_kuda_postupat_devushke
3312,как пройти профориентацию для школьников,23,1,top,0,commercial,—,—,—,—,сент-окт,main,,p03_prof_dlya_shkolnikov
3313,профориентация для школьников как проходит,23,1,top,0,info,—,—,—,—,сент-окт,main,,p03_prof_dlya_shkolnikov
3314,тест на профориентацию для школьников 5,23,1,top,D,info,—,—,—,—,сент-окт,main,,p03_prof_dlya_shkolnikov
3315,профориентация йовайши онлайн,23,1,top,0,commercial,—,—,—,—,сент-окт,main,,p04_prof_online
3316,опросник холланда профориентация онлайн,23,1,top,D,commercial,—,—,—,—,сент-окт,main,,p04_prof_online
3317,профориентация билет в будущее 2025 2026,23,1,top,0,nav,—,—,—,—,сент-окт,main,,p08_proforientaciya_2026
3318,профориентация для детей инвалидов,22,1,top,0,info,—,—,—,—,сент-окт,main,,a04_prof_dlya_rebenka
3319,какую профессию выбрать троечнику,22,1,top,B,info,—,—,—,—,март-апр,main,,b01_kakuyu_professiyu_vybrat
3320,если нравится математика какую профессию выбрать,22,1,top,B,info,—,—,математика,—,март-апр,main,,b01_kakuyu_professiyu_vybrat
3321,какая профессия будущего подойдет мне,22,1,top,E,info,—,—,—,—,flat,main,,b05_kakaya_professiya_podhodit
3322,кем стать если ничего не знаешь,22,1,top,B,info,—,—,—,—,март-апр,main,,b07_ne_znayu_kem_stat
3323,где можно пройти тест на профориентацию,22,1,top,D,commercial,—,—,—,—,сент-окт,main,,d04_projti_test
3324,тест личностный тип голланда,22,1,top,D,info,—,—,—,—,сент-окт,main,,d07_test_gollanda
3325,код голланда тест,22,1,top,D,info,—,—,—,—,сент-окт,main,,d07_test_gollanda
3326,тест голланда резапкиной,22,1,top,D,info,—,—,—,—,сент-окт,main,,d07_test_gollanda
3327,профориентация уфа для школьников,22,1,top,0,info,—,—,—,уфа,сент-окт,aggregator,,p03_prof_dlya_shkolnikov
3328,проведение профориентации для школьников,22,1,top,0,info,—,—,—,—,сент-окт,main,,p03_prof_dlya_shkolnikov
3329,конкурс по профориентации для школьников,22,1,top,0,info,—,—,—,—,сент-окт,main,,p03_prof_dlya_shkolnikov
3330,профориентация для школьников казань,22,1,top,0,info,—,—,—,казан,сент-окт,aggregator,,p03_prof_dlya_shkolnikov
3331,яндекс практикум профориентация тест онлайн,22,1,top,D,nav,—,—,—,—,сент-окт,main,,p04_prof_online
3332,профориентация 2025 2026 учебный год рабочая,22,1,top,0,info,—,—,—,—,сент-окт,main,,p08_proforientaciya_2026
3333,какую профессию выбрать деве,21,1,top,B,info,—,—,—,—,март-апр,main,,b01_kakuyu_professiyu_vybrat
3334,маркетинг какую профессию выбрать,21,1,top,B,info,—,—,—,—,март-апр,main,,b01_kakuyu_professiyu_vybrat
3335,какую профессию выбрать в дизайне,21,1,top,B,info,—,—,—,—,март-апр,main,,b01_kakuyu_professiyu_vybrat
3336,какую профессию выбрать чтобы хорошо зарабатывать,21,1,top,B,info,—,—,—,—,март-апр,main,,b01_kakuyu_professiyu_vybrat
3337,какую профессию выбрать нумерология,21,1,top,B,info,—,—,—,—,март-апр,main,,b01_kakuyu_professiyu_vybrat
3338,как определить какая профессия мне подойдет тест,21,1,top,D,info,—,—,—,—,сент-окт,main,,b05_kakaya_professiya_podhodit
3339,выбор профессии тест на профессиональную ориентацию бесплатно,21,1,top,D,commercial,—,—,—,—,сент-окт,main,,d06_test_na_vybor_professii
3340,профориентация для подростков отзывы,21,1,top,0,info,—,—,—,—,сент-окт,main,,p02_prof_dlya_podrostkov
3341,профориентация пермь для школьников,21,1,top,0,info,—,—,—,перм,сент-окт,aggregator,,p03_prof_dlya_shkolnikov
3342,квест по профориентации для школьников,21,1,top,0,info,—,—,—,—,сент-окт,main,,p03_prof_dlya_shkolnikov
3343,какую выбрать инженерную профессию,20,1,top,B,info,—,—,—,—,март-апр,main,,b01_kakuyu_professiyu_vybrat
3344,какую профессию выбрать в анализе данных,20,1,top,B,info,—,—,—,—,март-апр,main,,b01_kakuyu_professiyu_vybrat
3345,какая профессия мне подойдет тест для подростков,20,1,top,D,info,—,—,—,—,сент-окт,main,,b05_kakaya_professiya_podhodit
3346,тест йовайши на профориентацию онлайн,20,1,top,D,commercial,—,—,—,—,сент-окт,main,,d03_test_online
3347,тест голланда по определению личности,20,1,top,D,info,—,—,—,—,сент-окт,main,,d07_test_gollanda
3348,тест профессионального личностного типа голланда,20,1,top,D,info,—,—,—,—,сент-окт,main,,d07_test_gollanda
3349,цели профориентации для школьников,20,1,top,0,info,—,—,—,—,сент-окт,main,,p03_prof_dlya_shkolnikov
3350,лучшие тесты на профориентацию для школьников,20,1,top,D,info,—,—,—,—,сент-окт,main,,p03_prof_dlya_shkolnikov
3351,курсы профориентации онлайн,20,1,top,0,commercial,—,—,—,—,сент-окт,main,,p04_prof_online
3352,профориентация онлайн фоксфорд,20,1,top,0,nav,—,—,—,—,сент-окт,main,,p04_prof_online
3353,кем стать какую профессию выбрать,19,1,top,B,info,—,—,—,—,март-апр,main,,b01_kakuyu_professiyu_vybrat
3354,какую профессию выбрать дочери,19,1,top,B,info,—,—,—,—,март-апр,main,,b01_kakuyu_professiyu_vybrat
3355,какую профессию выбрать девочке после 11 класса,19,1,top,C,info,11,f,—,—,июнь-июль,main,,b01_kakuyu_professiyu_vybrat
3356,какая профессия мне подходит по матрице судьбы,19,1,top,B,info,—,—,—,—,март-апр,main,,b05_kakaya_professiya_podhodit
3357,какая айти профессия мне подойдет тест,19,1,top,D,info,—,—,—,—,сент-окт,main,,b05_kakaya_professiya_podhodit
3358,куда поступать после 11 класса девушке пермь,19,1,top,C,info,11,f,—,перм,июнь-июль,aggregator,,c08_kuda_postupat_devushke
3359,тест мгу на профориентацию онлайн,19,1,top,D,commercial,—,—,—,—,сент-окт,main,,d03_test_online
3360,результаты теста голланда,19,2,top,D,info,—,—,—,—,сент-окт,main,,d07_test_gollanda
3361,голланд тест профессиональных предпочтений,19,1,top,D,info,—,—,—,—,сент-окт,main,,d07_test_gollanda
3362,ддо климова цель,19,1,top,D,info,—,—,—,—,сент-окт,main,,d09_ddo_klimova
3363,профориентация для подростков мгу,19,1,top,0,info,—,—,—,—,сент-окт,main,,p02_prof_dlya_podrostkov
3364,профориентация для подростков темы,19,1,top,0,info,—,—,—,—,сент-окт,main,,p02_prof_dlya_podrostkov
3365,темы профориентации на 2025 2026 учебный,19,1,top,0,info,—,—,—,—,сент-окт,main,,p08_proforientaciya_2026
3366,профориентация для детей в москве,18,1,top,0,info,—,—,—,москв,сент-окт,aggregator,,a04_prof_dlya_rebenka
3367,какую профессию выбрал чехов,18,1,top,B,info,—,—,—,—,март-апр,main,,b01_kakuyu_professiyu_vybrat
3368,какие темпераменты выбирают какие профессии,18,1,top,B,info,—,—,—,—,март-апр,main,,b01_kakuyu_professiyu_vybrat
3369,картинка какую профессию выбрать,18,1,top,B,info,—,—,—,—,март-апр,main,,b01_kakuyu_professiyu_vybrat
3370,как понять какую профессию выбрать ребенку,18,1,top,B,info,—,—,—,—,март-апр,main,,b01_kakuyu_professiyu_vybrat
3371,мчс куда поступать после 11 девушке,18,1,top,C,info,11,f,—,—,июнь-июль,main,,c08_kuda_postupat_devushke
3372,тест на профориентацию бесплатно фоксфорд,18,1,top,D,nav,—,—,—,—,сент-окт,main,,d02_test_besplatno
3373,тест на профориентацию бесплатно 10 класс,18,1,top,D,commercial,10,—,—,—,сент-окт,main,,d02_test_besplatno
3374,лучший тест на профориентацию онлайн,18,1,top,D,commercial,—,—,—,—,сент-окт,main,,d03_test_online
3375,тест на выбор профессии человек человек,18,1,top,D,info,—,—,—,—,сент-окт,main,,d06_test_na_vybor_professii
3376,ддо е а климова тест онлайн,18,1,top,D,commercial,—,—,—,—,сент-окт,main,,d09_ddo_klimova
3377,тест для ребенка на профориентацию онлайн бесплатно,17,3,top,D,commercial,—,—,—,—,сент-окт,main,,a04_prof_dlya_rebenka;d02_test_besplatno;d03_test_online
3378,анкета какую профессию выбрать,17,1,top,B,info,—,—,—,—,март-апр,main,,b01_kakuyu_professiyu_vybrat
3379,какую бьюти профессию выбрать,17,1,top,B,info,—,—,—,—,март-апр,main,,b01_kakuyu_professiyu_vybrat
3380,нравится биология какую профессию выбрать,17,1,top,B,info,—,—,биология,—,март-апр,main,,b01_kakuyu_professiyu_vybrat
3381,какую профессию выбрать на развитие,17,1,top,B,info,—,—,—,—,март-апр,main,,b01_kakuyu_professiyu_vybrat
3382,какую профессию выбрать если сдаешь английский,17,1,top,B,info,—,—,английский,—,март-апр,main,,b01_kakuyu_professiyu_vybrat
3383,тест йовайши на профориентацию пройти онлайн,17,2,top,D,commercial,—,—,—,—,сент-окт,main,,d03_test_online;d04_projti_test
3384,д голланд тип личности тест,17,2,top,D,info,—,—,—,—,сент-окт,main,,d07_test_gollanda
3385,зачем нужна профориентация для подростков,17,1,top,0,info,—,—,—,—,сент-окт,main,,p02_prof_dlya_podrostkov
3386,модуль профориентация в программе воспитания 2025 2026,17,1,top,0,info,—,—,—,—,сент-окт,main,,p08_proforientaciya_2026
3387,какую профессию выбирает близнец,16,1,top,B,info,—,—,—,—,март-апр,main,,b01_kakuyu_professiyu_vybrat
3388,по каким критериям выбирают профессию,16,1,top,B,info,—,—,—,—,март-апр,main,,b01_kakuyu_professiyu_vybrat
3389,humanitz какую профессию выбрать,16,1,top,B,info,—,—,—,—,март-апр,main,,b01_kakuyu_professiyu_vybrat
3390,тест для детей какая профессия мне подходит,16,1,top,D,info,—,—,—,—,сент-окт,main,,b05_kakaya_professiya_podhodit
3391,тест какая профессия мне подходит психологический,16,1,top,D,info,—,—,—,—,сент-окт,main,,b05_kakaya_professiya_podhodit
3392,тест на профориентацию в it сфере бесплатно,16,1,top,D,commercial,—,—,—,—,сент-окт,main,,d02_test_besplatno
3393,тест на выбор профессии 8 класс,16,1,top,D,info,8,—,—,—,сент-окт,main,,d06_test_na_vybor_professii
3394,тест на профориентацию голланда и климова,16,1,top,D,info,—,—,—,—,сент-окт,main,,d07_test_gollanda
3395,тест на профориентацию для подростков 15 лет,16,1,top,D,info,—,—,—,—,сент-окт,main,,p02_prof_dlya_podrostkov
3396,профориентация для подростков где пройти,16,1,top,0,commercial,—,—,—,—,сент-окт,main,,p02_prof_dlya_podrostkov
3397,единый день профориентации 2026,16,1,top,0,info,—,—,—,—,сент-окт,main,,p08_proforientaciya_2026
3398,темы профориентации на 2025 2026 учебный год,16,1,top,0,info,—,—,—,—,сент-окт,main,,p08_proforientaciya_2026
3399,профориентация для детей курс,15,1,top,0,info,—,—,—,—,сент-окт,main,,a04_prof_dlya_rebenka
3400,какую профессию выбрать после 9 класса парню,15,1,top,C,info,9,m,—,—,июнь-июль,main,,b01_kakuyu_professiyu_vybrat
3401,какую выбрать профессию тесты онлайн,15,1,top,D,commercial,—,—,—,—,сент-окт,main,,b01_kakuyu_professiyu_vybrat
3402,тест какую выбрать профессию какая подходит,15,1,top,D,info,—,—,—,—,сент-окт,main,,b01_kakuyu_professiyu_vybrat
3403,тест гарднера на профориентацию онлайн бесплатно,15,2,top,D,commercial,—,—,—,—,сент-окт,main,,d02_test_besplatno;d03_test_online
3404,большой тест на профориентацию бесплатно,15,1,top,D,commercial,—,—,—,—,сент-окт,main,,d02_test_besplatno
3405,профориентация тест на выбор профессии пройти,15,2,top,D,commercial,—,—,—,—,сент-окт,main,,d04_projti_test;d06_test_na_vybor_professii
3406,тест голланда вопросы,15,1,top,D,info,—,—,—,—,сент-окт,main,,d07_test_gollanda
3407,профориентация для детей психолог,14,1,top,0,info,—,—,—,—,сент-окт,main,,a04_prof_dlya_rebenka
3408,тест какая профессия мне подходит quiz,14,1,top,D,info,—,—,—,—,сент-окт,main,,b05_kakaya_professiya_podhodit
3409,тест какая профессия мне подходит для девочек,14,1,top,D,info,—,—,—,—,сент-окт,main,,b05_kakaya_professiya_podhodit
3410,куда можно поступить девушке в мвд,14,1,top,C,info,—,f,—,—,июнь-июль,main,,c08_kuda_postupat_devushke
3411,фоксфорд тест на профориентацию бесплатно онлайн,14,2,top,D,nav,—,—,—,—,сент-окт,main,,d02_test_besplatno;d03_test_online
3412,тесты на определение выбора профессии,14,1,top,D,info,—,—,—,—,сент-окт,main,,d06_test_na_vybor_professii
3413,тест джона голланда на определение профессионального,14,1,top,D,info,—,—,—,—,сент-окт,main,,d07_test_gollanda
3414,тест на определение профессионального типа джона голланда,14,1,top,D,info,—,—,—,—,сент-окт,main,,d07_test_gollanda
3415,пройти тест по модели голланда,14,1,top,D,commercial,—,—,—,—,сент-окт,main,,d07_test_gollanda
3416,карта интересов ддо климова,14,1,top,D,info,—,—,—,—,сент-окт,main,,d09_ddo_klimova
3417,профориентация для подростков задачи,14,1,top,0,info,—,—,—,—,сент-окт,main,,p02_prof_dlya_podrostkov
3418,какая профессия мне подходит врач,13,1,top,B,info,—,—,—,—,март-апр,main,,b05_kakaya_professiya_podhodit
3419,тест какая гуманитарная профессия мне подходит,13,1,top,D,info,—,—,—,—,сент-окт,main,,b05_kakaya_professiya_podhodit
3420,куда поступила девушка с 500 баллами,13,1,top,C,info,—,f,—,—,июнь-июль,main,,c08_kuda_postupat_devushke
3421,яндекс практикум тест на профориентацию бесплатно,13,1,top,D,nav,—,—,—,—,сент-окт,main,,d02_test_besplatno
3422,тест на выбор профессии в медицинском,13,1,top,D,info,—,—,—,—,сент-окт,main,,d06_test_na_vybor_professii
3423,профориентация тест на выбор профессии 8 класс,13,1,top,D,info,8,—,—,—,сент-окт,main,,d06_test_na_vybor_professii
3424,тест д голланда по определению типа личности,13,1,top,D,info,—,—,—,—,сент-окт,main,,d07_test_gollanda
3425,лагерь профориентации для подростков,13,1,top,0,info,—,—,—,—,сент-окт,main,,p02_prof_dlya_podrostkov
3426,тест на профориентацию для детей 10 лет,12,1,top,D,info,—,—,—,—,сент-окт,main,,a04_prof_dlya_rebenka
3427,профориентация для детей овз программа,12,1,top,0,info,—,—,—,—,сент-окт,main,,a04_prof_dlya_rebenka
3428,задания для детей по профориентации,12,1,top,0,info,—,—,—,—,сент-окт,main,,a04_prof_dlya_rebenka
3429,профориентация картинки для детей,12,1,top,0,info,—,—,—,—,сент-окт,main,,a04_prof_dlya_rebenka
3430,какой тип профессии мне подходит,12,1,top,B,info,—,—,—,—,март-апр,main,,b05_kakaya_professiya_podhodit
3431,куда поступить после 9 класса девушке сызрань,12,1,top,C,info,9,f,—,—,июнь-июль,main,,c08_kuda_postupat_devushke
3432,быстрый тест на профориентацию бесплатно,12,1,top,D,commercial,—,—,—,—,сент-окт,main,,d02_test_besplatno
3433,тест потемкиной на профориентацию онлайн,12,1,top,D,commercial,—,—,—,—,сент-окт,main,,d03_test_online
3434,профориентационный тест на выбор профессии,12,1,top,D,info,—,—,—,—,сент-окт,main,,d06_test_na_vybor_professii
3435,тренинг по профориентации для подростков,12,1,top,0,info,—,—,—,—,сент-окт,main,,p02_prof_dlya_podrostkov
3436,услуги профориентации для подростков,12,1,top,0,commercial,—,—,—,—,сент-окт,main,,p02_prof_dlya_podrostkov
3437,профориентация 8 класс 2025 2026,12,1,top,0,info,8,—,—,—,сент-окт,main,,p08_proforientaciya_2026
3438,дополнительная программа для детей по профориентации,11,1,top,0,info,—,—,—,—,сент-окт,main,,a04_prof_dlya_rebenka
3439,тест какая профессия мне подходит по характеру,11,1,top,D,info,—,—,—,—,сент-окт,main,,b05_kakaya_professiya_podhodit
3440,какая профессия мне подходит по натальной карте,11,1,top,B,info,—,—,—,—,март-апр,main,,b05_kakaya_professiya_podhodit
3441,тест куда поступать после 11 класса девушке,11,1,top,D,info,11,f,—,—,сент-окт,main,,c08_kuda_postupat_devushke
3442,тест на профориентацию бесплатно отзывы,11,1,top,D,commercial,—,—,—,—,сент-окт,main,,d02_test_besplatno
3443,тест для детей на выбор профессии,11,1,top,D,info,—,—,—,—,сент-окт,main,,d06_test_na_vybor_professii
3444,интерпретация ддо климова,11,1,top,D,info,—,—,—,—,сент-окт,main,,d09_ddo_klimova
3445,профориентация для подростков екатеринбург,11,1,top,0,info,—,—,—,екатеринбург,сент-окт,aggregator,,p02_prof_dlya_podrostkov
3446,профориентация беседа для подростков,11,1,top,0,info,—,—,—,—,сент-окт,main,,p02_prof_dlya_podrostkov
3447,профориентация для подростков омск,11,1,top,0,info,—,—,—,омск,сент-окт,aggregator,,p02_prof_dlya_podrostkov
3448,тестирование для подростков по профориентации,11,1,top,D,info,—,—,—,—,сент-окт,main,,p02_prof_dlya_podrostkov
3449,профориентация для подростков в москве отзывы,11,1,top,0,info,—,—,—,москв,сент-окт,aggregator,,p02_prof_dlya_podrostkov
3450,неделя профориентации 2026,11,1,top,0,info,—,—,—,—,сент-окт,main,,p08_proforientaciya_2026
3451,методики для профориентации детей,10,1,top,0,info,—,—,—,—,сент-окт,main,,a04_prof_dlya_rebenka
3452,тест какая профессия мне подходит трикки,10,1,top,D,info,—,—,—,—,сент-окт,main,,b05_kakaya_professiya_podhodit
3453,какая профессия врача мне подходит тест,10,1,top,D,info,—,—,—,—,сент-окт,main,,b05_kakaya_professiya_podhodit
3454,куда может поступить девушка после армии,10,1,top,C,info,—,f,—,—,июнь-июль,main,,c08_kuda_postupat_devushke
3455,скай про тест на профориентацию бесплатно,10,1,top,D,commercial,—,—,—,—,сент-окт,main,,d02_test_besplatno
3456,тесты климова голланда mbti,10,1,top,D,info,—,—,—,—,сент-окт,main,,d07_test_gollanda
3457,тест голланда бланк,10,1,top,D,info,—,—,—,—,сент-окт,main,,d07_test_gollanda
3458,ддо е а климова карта интересов,10,1,top,D,info,—,—,—,—,сент-окт,main,,d09_ddo_klimova
3459,ддо климова расшифровка,10,1,top,D,info,—,—,—,—,сент-окт,main,,d09_ddo_klimova
3460,гргу специальности,10,1,assoc,E,info,—,—,—,—,flat,main,,e04_professii_buduschego
3461,профориентация для подростков рейтинг,10,1,top,0,info,—,—,—,—,сент-окт,main,,p02_prof_dlya_podrostkov
3462,профориентация для подростков 11 класс,10,1,top,0,info,11,—,—,—,сент-окт,main,,p02_prof_dlya_podrostkov
3463,профориентация для подростков в калуге,10,1,top,0,info,—,—,—,калуг,сент-окт,aggregator,,p02_prof_dlya_podrostkov
3464,профориентация 2025 2026 уч год,10,1,top,0,info,—,—,—,—,сент-окт,main,,p08_proforientaciya_2026
3465,как помочь подростку выбрать будущую профессию,9,1,top,A,info,—,—,—,—,сент-окт,main,,a02_kak_pomoch_podrostku
3466,тесты по профориентации для выбора профессии ребенку,9,1,top,D,info,—,—,—,—,сент-окт,main,,a04_prof_dlya_rebenka
3467,профориентация для детей с умственной отсталостью,9,1,top,0,info,—,—,—,—,сент-окт,main,,a04_prof_dlya_rebenka
3468,анкета для детей по профориентации,9,1,top,0,info,—,—,—,—,сент-окт,main,,a04_prof_dlya_rebenka
3469,профориентация для детей в детском саду,9,1,top,0,info,—,—,—,—,сент-окт,main,,a04_prof_dlya_rebenka
3470,профориентация для детей долгосрочная,9,1,top,0,info,—,—,—,—,сент-окт,main,,a04_prof_dlya_rebenka
3471,тест какая профессия мне подходит для парней,9,1,top,D,info,—,m,—,—,сент-окт,main,,b05_kakaya_professiya_podhodit
3472,куда можно поступить девушке на пожарного,9,1,top,C,info,—,f,—,—,июнь-июль,main,,c08_kuda_postupat_devushke
3473,профессии какие бывают и куда поступить девушке,9,1,top,C,info,—,f,—,—,июнь-июль,main,,c08_kuda_postupat_devushke
3474,адукар тест на профориентацию бесплатно,9,1,top,D,nav,—,—,—,—,сент-окт,main,,d02_test_besplatno
3475,бесплатный тест на профориентацию скиллбокс,9,1,top,D,commercial,—,—,—,—,сент-окт,main,,d02_test_besplatno
3476,яндекс практикум пройти тест на профориентацию,9,1,top,D,nav,—,—,—,—,сент-окт,main,,d04_projti_test
3477,тест riasec код голланда,9,1,top,D,info,—,—,—,—,сент-окт,main,,d07_test_gollanda
3478,тест на профориентацию дж холланда голланда,9,1,top,D,info,—,—,—,—,сент-окт,main,,d07_test_gollanda
3479,профориентация 6 класс 2025 2026,9,1,top,0,info,—,—,—,—,сент-окт,main,,p08_proforientaciya_2026
3480,конкурсы для детей по профориентации,8,1,top,0,info,—,—,—,—,сент-окт,main,,a04_prof_dlya_rebenka
3481,профориентация для детей 12 лет примеры,8,1,top,0,info,—,—,—,—,сент-окт,main,,a04_prof_dlya_rebenka
3482,тест какая юридическая профессия мне подходит,8,1,top,D,info,—,—,—,—,сент-окт,main,,b05_kakaya_professiya_podhodit
3483,тест какая профессия в медицине мне подходит,8,1,top,D,info,—,—,—,—,сент-окт,main,,b05_kakaya_professiya_podhodit
3484,профориентация тест на выбор профессии бесплатно подросткам,8,2,top,D,commercial,—,—,—,—,сент-окт,main,,d02_test_besplatno;d06_test_na_vybor_professii
3485,точный тест на профориентацию онлайн бесплатно,8,2,top,D,commercial,—,—,—,—,сент-окт,main,,d02_test_besplatno;d03_test_online
3486,тест на профориентацию бесплатно тестометрика,8,1,top,D,nav,—,—,—,—,сент-окт,main,,d02_test_besplatno
3487,тест гарднера на профориентацию онлайн бесплатно пройти,8,3,top,D,commercial,—,—,—,—,сент-окт,main,,d02_test_besplatno;d03_test_online;d04_projti_test
3488,ддо тест климова онлайн на профориентацию,8,1,top,D,commercial,—,—,—,—,сент-окт,main,,d03_test_online
3489,тест ддо онлайн на профориентацию,8,1,top,D,commercial,—,—,—,—,сент-окт,main,,d03_test_online
3490,тест голланда выбор профессии,8,1,top,D,info,—,—,—,—,сент-окт,main,,d07_test_gollanda
3491,тест по модели голланда пройти онлайн,8,1,top,D,commercial,—,—,—,—,сент-окт,main,,d07_test_gollanda
3492,опросник ддо климова профориентационное тестирование,8,1,top,D,info,—,—,—,—,сент-окт,main,,d09_ddo_klimova
3493,профориентации выставка 2026,8,1,top,0,info,—,—,—,—,сент-окт,main,,p08_proforientaciya_2026
3494,тестирование какая профессия мне больше подходит,7,1,top,D,info,—,—,—,—,сент-окт,main,,b05_kakaya_professiya_podhodit
3495,тест какая профессия мне подходит для поступления,7,1,top,D,info,—,—,—,—,сент-окт,main,,b05_kakaya_professiya_podhodit
3496,тесты на выбор профессии 7 класс,7,1,top,D,info,—,—,—,—,сент-окт,main,,d06_test_na_vybor_professii
3497,тесты на кого поступать и выбор профессий,7,1,top,D,info,—,—,—,—,сент-окт,main,,d06_test_na_vybor_professii
3498,тест голланда на профориентацию бумажный вариант,7,1,top,D,info,—,—,—,—,сент-окт,main,,d07_test_gollanda
3499,ддо климов бланк ответов,7,1,top,D,info,—,—,—,—,сент-окт,main,,d09_ddo_klimova
3500,книги по профориентации для подростков,7,1,top,0,info,—,—,—,—,сент-окт,main,,p02_prof_dlya_podrostkov
3501,центр профориентации для подростков москва,7,1,top,0,commercial,—,—,—,москв,сент-окт,aggregator,,p02_prof_dlya_podrostkov
3502,ктп профориентация 2025 2026,7,1,top,0,info,—,—,—,—,сент-окт,main,,p08_proforientaciya_2026
3503,я эмпат какие профессии мне подходят тест,6,1,top,D,info,—,—,—,—,сент-окт,main,,b05_kakaya_professiya_podhodit
3504,куда поступать в беларуси девушке,6,1,top,C,info,—,f,—,—,июнь-июль,main,,c08_kuda_postupat_devushke
3505,профгид тест на профориентацию бесплатно,6,1,top,D,nav,—,—,—,—,сент-окт,main,,d02_test_besplatno
3506,тест на профориентацию бесплатно skypro,6,1,top,D,nav,—,—,—,—,сент-окт,main,,d02_test_besplatno
3507,профориентация для подростков нижний новгород,6,1,top,0,info,—,—,—,нижний новгород,сент-окт,aggregator,,p02_prof_dlya_podrostkov
3508,сколково профориентация для подростков,6,1,top,0,info,—,—,—,—,сент-окт,main,,p02_prof_dlya_podrostkov
3509,профориентация для подростков в москве мгу,6,1,top,0,info,—,—,—,москв,сент-окт,aggregator,,p02_prof_dlya_podrostkov
3510,тест какая профессия мне подходит квиз,5,1,top,D,info,—,—,—,—,сент-окт,main,,b05_kakaya_professiya_podhodit
3511,куда поступать после кадетской школы девушке,5,1,top,C,info,—,f,—,—,июнь-июль,main,,c08_kuda_postupat_devushke
3512,куда поступать девушке после 9 не социальное,5,1,top,C,info,9,f,—,—,июнь-июль,main,,c08_kuda_postupat_devushke
3513,куда поступить после колледжа высшее военное девушке,5,1,top,C,info,—,f,—,—,июнь-июль,main,,c08_kuda_postupat_devushke
3514,skillfactory тест на профориентацию бесплатно,5,1,top,D,commercial,—,—,—,—,сент-окт,main,,d02_test_besplatno
3515,бесплатный тест на профориентацию методика голланда,5,2,top,D,commercial,—,—,—,—,сент-окт,main,,d02_test_besplatno;d07_test_gollanda
3516,самый лучший тест на выбор профессии,5,1,top,D,info,—,—,—,—,сент-окт,main,,d06_test_na_vybor_professii
3517,методика голланда тест а артистичный расшифровка,5,1,top,D,info,—,—,—,—,сент-окт,main,,d07_test_gollanda
3518,ддо климова обработка,5,1,top,D,info,—,—,—,—,сент-окт,main,,d09_ddo_klimova
3519,ддо климова интерпретация результатов,4,1,top,D,info,—,—,—,—,сент-окт,main,,d09_ddo_klimova
3520,голланд интерпретация теста,3,2,top,D,info,—,—,—,—,сент-окт,main,,d07_test_gollanda
3521,тест для профориентации подростка мальчика,1,1,top,D,info,—,m,—,—,сент-окт,main,,p02_prof_dlya_podrostkov
